Unity Editor version:    2022.3.62f3 (96770f904ca7)
Branch:                  2022.3/respin/2022.3.62f2-4af31df585-v2
Build type:              Release
Batch mode:              YES
macOS version:           Version 26.4.1 (Build 25E253)
Darwin version:          25.4.0
Architecture:            arm64
Running under Rosetta:   NO
Available memory:        36864 MB
Using pre-set license
Pro License: YES

COMMAND LINE ARGUMENTS:
/Applications/Unity/Hub/Editor/2022.3.62f3/Unity.app/Contents/MacOS/Unity
-adb2
-batchMode
-noUpm
-name
AssetImportWorker0
-projectPath
/Users/popraul/PlanetariuVR
-logFile
Logs/AssetImportWorker0.log
-srvPort
57883
Successfully changed project path to: /Users/popraul/PlanetariuVR
/Users/popraul/PlanetariuVR
[UnityMemory] Configuration Parameters - Can be set up in boot.config
    "memorysetup-bucket-allocator-granularity=16"
    "memorysetup-bucket-allocator-bucket-count=8"
    "memorysetup-bucket-allocator-block-size=33554432"
    "memorysetup-bucket-allocator-block-count=8"
    "memorysetup-main-allocator-block-size=16777216"
    "memorysetup-thread-allocator-block-size=16777216"
    "memorysetup-gfx-main-allocator-block-size=16777216"
    "memorysetup-gfx-thread-allocator-block-size=16777216"
    "memorysetup-cache-allocator-block-size=4194304"
    "memorysetup-typetree-allocator-block-size=2097152"
    "memorysetup-profiler-bucket-allocator-granularity=16"
    "memorysetup-profiler-bucket-allocator-bucket-count=8"
    "memorysetup-profiler-bucket-allocator-block-size=33554432"
    "memorysetup-profiler-bucket-allocator-block-count=8"
    "memorysetup-profiler-allocator-block-size=16777216"
    "memorysetup-profiler-editor-allocator-block-size=1048576"
    "memorysetup-temp-allocator-size-main=16777216"
    "memorysetup-job-temp-allocator-block-size=2097152"
    "memorysetup-job-temp-allocator-block-size-background=1048576"
    "memorysetup-job-temp-allocator-reduction-small-platforms=262144"
    "memorysetup-allocator-temp-initial-block-size-main=262144"
    "memorysetup-allocator-temp-initial-block-size-worker=262144"
    "memorysetup-temp-allocator-size-background-worker=32768"
    "memorysetup-temp-allocator-size-job-worker=262144"
    "memorysetup-temp-allocator-size-preload-manager=33554432"
    "memorysetup-temp-allocator-size-nav-mesh-worker=65536"
    "memorysetup-temp-allocator-size-audio-worker=65536"
    "memorysetup-temp-allocator-size-cloud-worker=32768"
    "memorysetup-temp-allocator-size-gi-baking-worker=262144"
    "memorysetup-temp-allocator-size-gfx=262144"
Player connection [8503269568]  Target information:

Player connection [8503269568]  * "[IP] 192.168.31.172 [Port] 0 [Flags] 2 [Guid] 3632107238 [EditorId] 3632107238 [Version] 1048832 [Id] OSXEditor(0,popraulMac15,7) [Debug] 1 [PackageName] OSXEditor [ProjectName] Editor" 

Player connection [8503269568]  * "[IP] 10.255.4.136 [Port] 0 [Flags] 2 [Guid] 3632107238 [EditorId] 3632107238 [Version] 1048832 [Id] OSXEditor(0,popraulMac15,7) [Debug] 1 [PackageName] OSXEditor [ProjectName] Editor" 

Player connection [8503269568] Host joined multi-casting on [225.0.0.222:54997]...
Player connection [8503269568] Host joined alternative multi-casting on [225.0.0.222:34997]...
Input System module state changed to: Initialized.
[PhysX] Initialized MultithreadedTaskDispatcher with 12 workers.
Refreshing native plugins compatible for Editor in 6.44 ms, found 11 plugins.
Preloading 0 native plugins for Editor in 0.00 ms.
Initialize engine version: 2022.3.62f3 (96770f904ca7)
[Subsystems] Discovering subsystems at path /Applications/Unity/Hub/Editor/2022.3.62f3/Unity.app/Contents/Resources/UnitySubsystems
[Subsystems] Discovering subsystems at path /Users/popraul/PlanetariuVR/Assets
GfxDevice: creating device client; threaded=0; jobified=0
 preferred device: Apple M3 Pro (high power)
Metal devices available: 1
0: Apple M3 Pro (high power)
Using device Apple M3 Pro (high power)
Initializing Metal device caps: Apple M3 Pro
Shader 'Oculus/OVRMRCameraFrameLit': fallback shader 'Alpha-Diffuse' not found
Initialize mono
Mono path[0] = '/Applications/Unity/Hub/Editor/2022.3.62f3/Unity.app/Contents/Managed'
Mono path[1] = '/Applications/Unity/Hub/Editor/2022.3.62f3/Unity.app/Contents/MonoBleedingEdge/lib/mono/unityjit-macos'
Mono config path = '/Applications/Unity/Hub/Editor/2022.3.62f3/Unity.app/Contents/MonoBleedingEdge/etc'
Using monoOptions --debugger-agent=transport=dt_socket,embedding=1,server=y,suspend=n,address=127.0.0.1:56847
Begin MonoManager ReloadAssembly
Registering precompiled unity dll's ...
Register platform support module: /Applications/Unity/Hub/Editor/2022.3.62f3/Unity.app/Contents/PlaybackEngines/MacStandaloneSupport/UnityEditor.OSXStandalone.Extensions.dll
Register platform support module: /Applications/Unity/Hub/Editor/2022.3.62f3/PlaybackEngines/AndroidPlayer/UnityEditor.Android.Extensions.dll
Registered in 0.000894 seconds.
- Loaded All Assemblies, in  0.169 seconds
Native extension for Android target not found
Android Extension - Scanning For ADB Devices 102 ms
Native extension for OSXStandalone target not found
Mono: successfully reloaded assembly
- Finished resetting the current domain, in  0.245 seconds
Domain Reload Profiling: 414ms
	BeginReloadAssembly (41ms)
		ExecutionOrderSort (0ms)
		DisableScriptedObjects (0ms)
		BackupInstance (0ms)
		ReleaseScriptingObjects (0ms)
		CreateAndSetChildDomain (0ms)
	RebuildCommonClasses (20ms)
	RebuildNativeTypeToScriptingClass (7ms)
	initialDomainReloadingComplete (24ms)
	LoadAllAssembliesAndSetupDomain (77ms)
		LoadAssemblies (41ms)
		RebuildTransferFunctionScriptingTraits (0ms)
		AnalyzeDomain (76ms)
			TypeCache.Refresh (75ms)
				TypeCache.ScanAssembly (68ms)
			ScanForSourceGeneratedMonoScriptInfo (0ms)
			ResolveRequiredComponents (0ms)
	FinalizeReload (245ms)
		ReleaseScriptCaches (0ms)
		RebuildScriptCaches (0ms)
		SetupLoadedEditorAssemblies (221ms)
			LogAssemblyErrors (0ms)
			InitializePlatformSupportModulesInManaged (148ms)
			SetLoadedEditorAssemblies (2ms)
			RefreshPlugins (0ms)
			BeforeProcessingInitializeOnLoad (1ms)
			ProcessInitializeOnLoadAttributes (51ms)
			ProcessInitializeOnLoadMethodAttributes (19ms)
			AfterProcessingInitializeOnLoad (0ms)
			EditorAssembliesLoaded (0ms)
		ExecutionOrderSort2 (0ms)
		AwakeInstancesAfterBackupRestoration (0ms)
========================================================================
Worker process is ready to serve import requests
Caller must complete domain reload
Begin MonoManager ReloadAssembly
- Loaded All Assemblies, in  0.405 seconds
Native extension for Android target not found
Native extension for OSXStandalone target not found
29/04 19:36:41.969 {DEBUG}   [AnalyticsLifeTime] Pre initialization finished.
29/04 19:36:41.969 {DEBUG}   [AnalyticsLifeTime] Post-migration initialization finished.
Package Manager log level set to [2]
[Package Manager] Server::EnsureServerProcessIsRunning -- launch failed, reason: Unity was launched with the -noUpm command-line argument
[Package Manager] UpmClient::Send -- Unable to send message (not connected to UPM process).
[Package Manager] Cannot connect to Unity Package Manager local server
[Package Manager] Server::EnsureServerProcessIsRunning -- launch failed, reason: Unity was launched with the -noUpm command-line argument
[Package Manager] UpmClient::Send -- Unable to send message (not connected to UPM process).
[Package Manager] Cannot connect to Unity Package Manager local server
Mono: successfully reloaded assembly
[Package Manager] Server::EnsureServerProcessIsRunning -- launch failed, reason: Unity was launched with the -noUpm command-line argument
[Package Manager] UpmClient::Send -- Unable to send message (not connected to UPM process).
[Package Manager] Cannot connect to Unity Package Manager local server
[Package Manager] Server::EnsureServerProcessIsRunning -- launch failed, reason: Unity was launched with the -noUpm command-line argument
[Package Manager] UpmClient::Send -- Unable to send message (not connected to UPM process).
[Package Manager] Cannot connect to Unity Package Manager local server
- Finished resetting the current domain, in  0.609 seconds
Domain Reload Profiling: 1015ms
	BeginReloadAssembly (66ms)
		ExecutionOrderSort (0ms)
		DisableScriptedObjects (2ms)
		BackupInstance (0ms)
		ReleaseScriptingObjects (0ms)
		CreateAndSetChildDomain (9ms)
	RebuildCommonClasses (17ms)
	RebuildNativeTypeToScriptingClass (6ms)
	initialDomainReloadingComplete (18ms)
	LoadAllAssembliesAndSetupDomain (298ms)
		LoadAssemblies (187ms)
		RebuildTransferFunctionScriptingTraits (0ms)
		AnalyzeDomain (147ms)
			TypeCache.Refresh (127ms)
				TypeCache.ScanAssembly (111ms)
			ScanForSourceGeneratedMonoScriptInfo (14ms)
			ResolveRequiredComponents (5ms)
	FinalizeReload (610ms)
		ReleaseScriptCaches (0ms)
		RebuildScriptCaches (0ms)
		SetupLoadedEditorAssemblies (512ms)
			LogAssemblyErrors (0ms)
			InitializePlatformSupportModulesInManaged (6ms)
			SetLoadedEditorAssemblies (2ms)
			RefreshPlugins (0ms)
			BeforeProcessingInitializeOnLoad (35ms)
			ProcessInitializeOnLoadAttributes (444ms)
			ProcessInitializeOnLoadMethodAttributes (24ms)
			AfterProcessingInitializeOnLoad (0ms)
			EditorAssembliesLoaded (0ms)
		ExecutionOrderSort2 (0ms)
		AwakeInstancesAfterBackupRestoration (1ms)
WARNING: Shader Unsupported: 'URP/UI/Prerendered Opaque' - All subshaders removed
WARNING: Shader Did you use #pragma only_renderers and omit this platform?
WARNING: Shader If subshaders removal was intentional, you may have forgotten turning Fallback off?
WARNING: Shader Unsupported: 'URP/UI/Prerendered Opaque' - All subshaders removed
WARNING: Shader Did you use #pragma only_renderers and omit this platform?
WARNING: Shader If subshaders removal was intentional, you may have forgotten turning Fallback off?
WARNING: Shader Unsupported: 'EnvironmentDepth/URP/OcclusionUnlit' - All subshaders removed
WARNING: Shader Did you use #pragma only_renderers and omit this platform?
WARNING: Shader If subshaders removal was intentional, you may have forgotten turning Fallback off?
WARNING: Shader Unsupported: 'EnvironmentDepth/URP/OcclusionUnlit' - All subshaders removed
WARNING: Shader Did you use #pragma only_renderers and omit this platform?
WARNING: Shader If subshaders removal was intentional, you may have forgotten turning Fallback off?
WARNING: Shader Unsupported: 'URP/UI/Prerendered' - All subshaders removed
WARNING: Shader Did you use #pragma only_renderers and omit this platform?
WARNING: Shader If subshaders removal was intentional, you may have forgotten turning Fallback off?
WARNING: Shader Unsupported: 'URP/UI/Prerendered' - All subshaders removed
WARNING: Shader Did you use #pragma only_renderers and omit this platform?
WARNING: Shader If subshaders removal was intentional, you may have forgotten turning Fallback off?
Shader 'Oculus/OVRMRCameraFrameLit': fallback shader 'Alpha-Diffuse' not found
[OVRPlugin][INFO] UnityPluginLoad called

Launching external process: /Applications/Unity/Hub/Editor/2022.3.62f3/Unity.app/Contents/Tools/UnityShaderCompiler
Launched and connected shader compiler UnityShaderCompiler after 0.04 seconds
Refreshing native plugins compatible for Editor in 4.27 ms, found 11 plugins.
Preloading 0 native plugins for Editor in 0.00 ms.
Unloading 5896 Unused Serialized files (Serialized files now loaded: 0)
Unloading 92 unused Assets / (444.4 KB). Loaded Objects now: 6358.
Memory consumption went from 212.2 MB to 211.8 MB.
Total: 5.080417 ms (FindLiveObjects: 0.161208 ms CreateObjectMapping: 0.058417 ms MarkObjects: 4.639417 ms  DeleteObjects: 0.220583 ms)

AssetImportParameters requested are different than current active one (requested -> active):
  custom:container-demuxer-ogg: 62fdf1f143b41e24485cea50d1cbac27 -> 
  custom:video-decoder-ogg-theora: a1e56fd34408186e4bbccfd4996cb3dc -> 
  custom:CustomObjectIndexerAttribute: 9a22284fe3817be447336de3de66b15e -> 
  custom:container-demuxer-webm: 4f35f7cbe854078d1ac9338744f61a02 -> 
  custom:container-muxer-webm: aa71ff27fc2769a1b78a27578f13a17b -> 
  custom:video-decoder-webm-vp8: 9c59270c3fd7afecdb556c50c9e8de78 -> 
  custom:SearchIndexIgnoredProperties: e643bd26f0fe6173181afceb89e7c659 -> 
  custom:AudioImporter_EditorPlatform: 3918e3fc78b5a79bad01e8451be0beb8 -> 
  custom:framework-osx-AVFoundation: e770b220cccbd017edd2c1fefb359320 -> 
  custom:video-encoder-webm-vp8: eb34c28f22e8b96e1ab97ce403110664 -> 
  custom:audio-decoder-ogg-vorbis: bf7c407c2cedff20999df2af8eb42d56 -> 
  custom:audio-encoder-webm-vorbis: bf7c407c2cedff20999df2af8eb42d56 -> 
========================================================================
Received Import Request.
  Time since last request: 27799.123901 seconds.
  path: Assets/LeftHandActivator.cs
  artifactKey: Guid(0d825b9f03f914a04b16c15e28e0ea0c) Importer(815301076,1909f56bfc062723c751e8b465ee728b)
Start importing Assets/LeftHandActivator.cs using Guid(0d825b9f03f914a04b16c15e28e0ea0c) Importer(815301076,1909f56bfc062723c751e8b465ee728b) [PhysX] Initialized MultithreadedTaskDispatcher with 12 workers.
 -> (artifact id: 'e48b71c86ef67a78d094bb57ea91915f') in 0.001392 seconds
Number of updated asset objects reloaded before import = 0
Number of asset objects unloaded after import = 0
========================================================================
Received Import Request.
  Time since last request: 32.176340 seconds.
  path: Assets/LaserControllerLeft.cs
  artifactKey: Guid(297634b238efe43998ea4641dc1f55cb) Importer(815301076,1909f56bfc062723c751e8b465ee728b)
Start importing Assets/LaserControllerLeft.cs using Guid(297634b238efe43998ea4641dc1f55cb) Importer(815301076,1909f56bfc062723c751e8b465ee728b) [PhysX] Initialized MultithreadedTaskDispatcher with 12 workers.
 -> (artifact id: '3c7bcd5cfd172370c5b72be58cd81365') in 0.000339 seconds
Number of updated asset objects reloaded before import = 0
Number of asset objects unloaded after import = 0
========================================================================
Received Prepare
Caller must complete domain reload
Begin MonoManager ReloadAssembly
Thread 0x17aa13000 may have been prematurely finalized
- Loaded All Assemblies, in  0.264 seconds
Native extension for Android target not found
Native extension for OSXStandalone target not found
[Package Manager] Server::EnsureServerProcessIsRunning -- launch failed, reason: Unity was launched with the -noUpm command-line argument
[Package Manager] UpmClient::Send -- Unable to send message (not connected to UPM process).
[Package Manager] Cannot connect to Unity Package Manager local server
[Package Manager] Server::EnsureServerProcessIsRunning -- launch failed, reason: Unity was launched with the -noUpm command-line argument
[Package Manager] UpmClient::Send -- Unable to send message (not connected to UPM process).
[Package Manager] Cannot connect to Unity Package Manager local server
Mono: successfully reloaded assembly
[Package Manager] Server::EnsureServerProcessIsRunning -- launch failed, reason: Unity was launched with the -noUpm command-line argument
[Package Manager] UpmClient::Send -- Unable to send message (not connected to UPM process).
[Package Manager] Cannot connect to Unity Package Manager local server
- Finished resetting the current domain, in  0.923 seconds
Domain Reload Profiling: 1187ms
	BeginReloadAssembly (71ms)
		ExecutionOrderSort (0ms)
		DisableScriptedObjects (2ms)
		BackupInstance (0ms)
		ReleaseScriptingObjects (0ms)
		CreateAndSetChildDomain (18ms)
	RebuildCommonClasses (17ms)
	RebuildNativeTypeToScriptingClass (6ms)
	initialDomainReloadingComplete (10ms)
	LoadAllAssembliesAndSetupDomain (159ms)
		LoadAssemblies (161ms)
		RebuildTransferFunctionScriptingTraits (0ms)
		AnalyzeDomain (28ms)
			TypeCache.Refresh (8ms)
				TypeCache.ScanAssembly (0ms)
			ScanForSourceGeneratedMonoScriptInfo (13ms)
			ResolveRequiredComponents (6ms)
	FinalizeReload (923ms)
		ReleaseScriptCaches (0ms)
		RebuildScriptCaches (0ms)
		SetupLoadedEditorAssemblies (314ms)
			LogAssemblyErrors (0ms)
			InitializePlatformSupportModulesInManaged (6ms)
			SetLoadedEditorAssemblies (2ms)
			RefreshPlugins (0ms)
			BeforeProcessingInitializeOnLoad (35ms)
			ProcessInitializeOnLoadAttributes (246ms)
			ProcessInitializeOnLoadMethodAttributes (23ms)
			AfterProcessingInitializeOnLoad (1ms)
			EditorAssembliesLoaded (0ms)
		ExecutionOrderSort2 (0ms)
		AwakeInstancesAfterBackupRestoration (2ms)
WARNING: Shader Unsupported: 'URP/UI/Prerendered Opaque' - All subshaders removed
WARNING: Shader Did you use #pragma only_renderers and omit this platform?
WARNING: Shader If subshaders removal was intentional, you may have forgotten turning Fallback off?
WARNING: Shader Unsupported: 'URP/UI/Prerendered Opaque' - All subshaders removed
WARNING: Shader Did you use #pragma only_renderers and omit this platform?
WARNING: Shader If subshaders removal was intentional, you may have forgotten turning Fallback off?
WARNING: Shader Unsupported: 'EnvironmentDepth/URP/OcclusionUnlit' - All subshaders removed
WARNING: Shader Did you use #pragma only_renderers and omit this platform?
WARNING: Shader If subshaders removal was intentional, you may have forgotten turning Fallback off?
WARNING: Shader Unsupported: 'EnvironmentDepth/URP/OcclusionUnlit' - All subshaders removed
WARNING: Shader Did you use #pragma only_renderers and omit this platform?
WARNING: Shader If subshaders removal was intentional, you may have forgotten turning Fallback off?
WARNING: Shader Unsupported: 'URP/UI/Prerendered' - All subshaders removed
WARNING: Shader Did you use #pragma only_renderers and omit this platform?
WARNING: Shader If subshaders removal was intentional, you may have forgotten turning Fallback off?
WARNING: Shader Unsupported: 'URP/UI/Prerendered' - All subshaders removed
WARNING: Shader Did you use #pragma only_renderers and omit this platform?
WARNING: Shader If subshaders removal was intentional, you may have forgotten turning Fallback off?
Shader 'Oculus/OVRMRCameraFrameLit': fallback shader 'Alpha-Diffuse' not found
Refreshing native plugins compatible for Editor in 3.81 ms, found 11 plugins.
Preloading 0 native plugins for Editor in 0.00 ms.
Unloading 5840 Unused Serialized files (Serialized files now loaded: 0)
Unloading 87 unused Assets / (423.2 KB). Loaded Objects now: 6365.
Memory consumption went from 207.8 MB to 207.3 MB.
Total: 5.207917 ms (FindLiveObjects: 0.179125 ms CreateObjectMapping: 0.059667 ms MarkObjects: 4.765958 ms  DeleteObjects: 0.202542 ms)

Prepare: number of updated asset objects reloaded= 0
AssetImportParameters requested are different than current active one (requested -> active):
  custom:scripting/monoscript/fileName/SkewTextExample.cs: c142d02d70a129e0533975f7c2f96956 -> 
  custom:container-demuxer-ogg: 62fdf1f143b41e24485cea50d1cbac27 -> 
  custom:scripting/monoscript/fileName/AstroMath.cs: 1932568a5daca2d25b8b5c7242983aec -> 
  custom:scripting/monoscript/fileName/TMP_TextEventHandler.cs: f5cd9d5a43bfefc8f4fec80e6de896a4 -> 
  custom:scripting/monoscript/fileName/TextMeshProFloatingText.cs: 92608fa4a6315cd0786d82205e77b697 -> 
  custom:scripting/monoscript/fileName/VertexZoom.cs: 650ab1e81d40126e3edcf737cce646e4 -> 
  custom:scripting/monoscript/fileName/VertexShakeA.cs: 63ec564c588058369499638dd899e05b -> 
  custom:scripting/monoscript/fileName/TMP_ExampleScript_01.cs: a9d4be556104ff54e7d240529b3e01dc -> 
  custom:video-decoder-ogg-theora: a1e56fd34408186e4bbccfd4996cb3dc -> 
  custom:scripting/monoscript/fileName/TMP_TextEventCheck.cs: 13505d917eab5868c435e0c2986dadfa -> 
  custom:scripting/monoscript/fileName/TMP_TextSelector_B.cs: ba2be21a7486d37b1011342977a2e49d -> 
  custom:scripting/monoscript/fileName/Benchmark01.cs: 2d3e2cd961730ab95f139a49a673bace -> 
  custom:scripting/monoscript/fileName/Benchmark02.cs: 5640963252ce70910e726415f869ced6 -> 
  custom:scripting/monoscript/fileName/PlanetariumManager.cs: 22b040d69c7e89a9f75db3e2f35d583d -> 
  custom:scripting/monoscript/fileName/DropdownSample.cs: 0a92251794e5f10400149f96c3c59e5d -> 
  custom:scripting/monoscript/fileName/WarpTextExample.cs: 2663459c266363641981c7d17b698d7f -> 
  custom:CustomObjectIndexerAttribute: 9a22284fe3817be447336de3de66b15e -> 
  custom:container-demuxer-webm: 4f35f7cbe854078d1ac9338744f61a02 -> 
  custom:scripting/monoscript/fileName/StarData.cs: 8c3ecaae97776e3a509e6c92c6d1978c -> 
  custom:scripting/monoscript/fileName/ChatController.cs: 876d5ccae6e345dd5d9450eb0a748f16 -> 
  custom:scripting/monoscript/fileName/TextMeshSpawner.cs: 76f28e2ddb031571e6ec62b018f65fa8 -> 
  custom:scripting/monoscript/fileName/TeleType.cs: 31fa97821c4c70f157ec81d507aa6b62 -> 
  custom:scripting/monoscript/fileName/Benchmark04.cs: 32220b148620e52aa81c13a114862bf4 -> 
  custom:scripting/monoscript/fileName/LookAtCamera.cs: c89e844d610ff572aa3b28387fdf619c -> 
  custom:container-muxer-webm: aa71ff27fc2769a1b78a27578f13a17b -> 
  custom:video-decoder-webm-vp8: 9c59270c3fd7afecdb556c50c9e8de78 -> 
  custom:scripting/monoscript/fileName/TMP_PhoneNumberValidator.cs: 7c3049f481e464c6a9a15dee56c3126f -> 
  custom:SearchIndexIgnoredProperties: e643bd26f0fe6173181afceb89e7c659 -> 
  custom:AudioImporter_EditorPlatform: 3918e3fc78b5a79bad01e8451be0beb8 -> 
  custom:scripting/monoscript/fileName/EnvMapAnimator.cs: 1b4f61c17e4b7283c3ac351aacff9d26 -> 
  custom:scripting/monoscript/fileName/ShaderPropAnimator.cs: 55ce425812446482e623ff2695c94cb2 -> 
  custom:scripting/monoscript/fileName/SimpleScript.cs: 454caab0c6c050f29b39d82e1d66d0fa -> 
  custom:scripting/monoscript/fileName/AstroLaser.cs: 26653888dbc089cf903671d0935f9d0c -> 
  custom:scripting/monoscript/fileName/ObjectSpin.cs: 2b96bb2079dd7fa5108d981627a28e1e -> 
  custom:scripting/monoscript/fileName/CameraController.cs: 34b6be4e23ce86dc89786916c5983296 -> 
  custom:scripting/monoscript/fileName/TMP_TextInfoDebugTool.cs: 3f1709cfb2cc628169113a35b5e9be3f -> 
  custom:framework-osx-AVFoundation: e770b220cccbd017edd2c1fefb359320 -> 
  custom:scripting/monoscript/fileName/TMP_TextSelector_A.cs: 347309a09d56e367b188a6978f75b424 -> 
  custom:video-encoder-webm-vp8: eb34c28f22e8b96e1ab97ce403110664 -> 
  custom:audio-decoder-ogg-vorbis: bf7c407c2cedff20999df2af8eb42d56 -> 
  custom:scripting/monoscript/fileName/VertexJitter.cs: d27eb5498e48714a66aece98da065133 -> 
  custom:scripting/monoscript/fileName/TextConsoleSimulator.cs: 33fc311abb20b5b0ed8f00e4d86b574e -> 
  custom:scripting/monoscript/fileName/VertexColorCycler.cs: 5f984ca91cf3609293aecc6bc5641572 -> 
  custom:scripting/monoscript/fileName/TMP_FrameRateCounter.cs: 46f655df8cb483ac5958307137b1585a -> 
  custom:scripting/monoscript/fileName/VertexShakeB.cs: a6f78c4fcda1a29a1a1c1baefedba9e7 -> 
  custom:scripting/monoscript/fileName/TMP_UiFrameRateCounter.cs: b01021aea19247f14a98ab338907956a -> 
  custom:scripting/monoscript/fileName/StarTwinkle.cs: ac618481f721577fd89cf2d7fed70354 -> 
  custom:scripting/monoscript/fileName/TMPro_InstructionOverlay.cs: b626d2270e6ebd5c4311585c18b58d8d -> 
  custom:scripting/monoscript/fileName/TMP_DigitValidator.cs: ac02af96215ae3951a3cce9e1a8c6085 -> 
  custom:audio-encoder-webm-vorbis: bf7c407c2cedff20999df2af8eb42d56 -> 
  custom:scripting/monoscript/fileName/Benchmark01_UGUI.cs: 6148cfe2627b7708298f301788144139 -> 
  custom:scripting/precompiled-assembly-types:Assembly-CSharp: 722a4554e3b47e680ef2a47d4f88ef15 -> 
  custom:scripting/monoscript/fileName/Benchmark03.cs: 17cc87e0529ac71d909a946afb47a274 -> 
========================================================================
Received Prepare
WARNING: Shader Unsupported: 'URP/UI/Prerendered Opaque' - All subshaders removed
WARNING: Shader Did you use #pragma only_renderers and omit this platform?
WARNING: Shader If subshaders removal was intentional, you may have forgotten turning Fallback off?
WARNING: Shader Unsupported: 'URP/UI/Prerendered Opaque' - All subshaders removed
WARNING: Shader Did you use #pragma only_renderers and omit this platform?
WARNING: Shader If subshaders removal was intentional, you may have forgotten turning Fallback off?
WARNING: Shader Unsupported: 'EnvironmentDepth/URP/OcclusionUnlit' - All subshaders removed
WARNING: Shader Did you use #pragma only_renderers and omit this platform?
WARNING: Shader If subshaders removal was intentional, you may have forgotten turning Fallback off?
WARNING: Shader Unsupported: 'EnvironmentDepth/URP/OcclusionUnlit' - All subshaders removed
WARNING: Shader Did you use #pragma only_renderers and omit this platform?
WARNING: Shader If subshaders removal was intentional, you may have forgotten turning Fallback off?
WARNING: Shader Unsupported: 'URP/UI/Prerendered' - All subshaders removed
WARNING: Shader Did you use #pragma only_renderers and omit this platform?
WARNING: Shader If subshaders removal was intentional, you may have forgotten turning Fallback off?
WARNING: Shader Unsupported: 'URP/UI/Prerendered' - All subshaders removed
WARNING: Shader Did you use #pragma only_renderers and omit this platform?
WARNING: Shader If subshaders removal was intentional, you may have forgotten turning Fallback off?
Shader 'Oculus/OVRMRCameraFrameLit': fallback shader 'Alpha-Diffuse' not found
Refreshing native plugins compatible for Editor in 4.44 ms, found 11 plugins.
Preloading 0 native plugins for Editor in 0.00 ms.
Unloading 6 Unused Serialized files (Serialized files now loaded: 0)
Unloading 6 unused Assets / (373.4 KB). Loaded Objects now: 6365.
Memory consumption went from 116.4 MB to 116.0 MB.
Total: 4.765917 ms (FindLiveObjects: 0.180333 ms CreateObjectMapping: 0.057625 ms MarkObjects: 4.391292 ms  DeleteObjects: 0.136542 ms)

Prepare: number of updated asset objects reloaded= 0
AssetImportParameters requested are different than current active one (requested -> active):
  custom:scripting/monoscript/fileName/SkewTextExample.cs: c142d02d70a129e0533975f7c2f96956 -> 
  custom:container-demuxer-ogg: 62fdf1f143b41e24485cea50d1cbac27 -> 
  custom:scripting/monoscript/fileName/AstroMath.cs: 1932568a5daca2d25b8b5c7242983aec -> 
  custom:scripting/monoscript/fileName/TMP_TextEventHandler.cs: f5cd9d5a43bfefc8f4fec80e6de896a4 -> 
  custom:scripting/monoscript/fileName/TextMeshProFloatingText.cs: 92608fa4a6315cd0786d82205e77b697 -> 
  custom:scripting/monoscript/fileName/VertexZoom.cs: 650ab1e81d40126e3edcf737cce646e4 -> 
  custom:scripting/monoscript/fileName/VertexShakeA.cs: 63ec564c588058369499638dd899e05b -> 
  custom:scripting/monoscript/fileName/TMP_ExampleScript_01.cs: a9d4be556104ff54e7d240529b3e01dc -> 
  custom:video-decoder-ogg-theora: a1e56fd34408186e4bbccfd4996cb3dc -> 
  custom:scripting/monoscript/fileName/TMP_TextEventCheck.cs: 13505d917eab5868c435e0c2986dadfa -> 
  custom:scripting/monoscript/fileName/TMP_TextSelector_B.cs: ba2be21a7486d37b1011342977a2e49d -> 
  custom:scripting/monoscript/fileName/Benchmark01.cs: 2d3e2cd961730ab95f139a49a673bace -> 
  custom:scripting/monoscript/fileName/Benchmark02.cs: 5640963252ce70910e726415f869ced6 -> 
  custom:scripting/monoscript/fileName/PlanetariumManager.cs: 22b040d69c7e89a9f75db3e2f35d583d -> 
  custom:scripting/monoscript/fileName/DropdownSample.cs: 0a92251794e5f10400149f96c3c59e5d -> 
  custom:scripting/monoscript/fileName/WarpTextExample.cs: 2663459c266363641981c7d17b698d7f -> 
  custom:CustomObjectIndexerAttribute: 9a22284fe3817be447336de3de66b15e -> 
  custom:container-demuxer-webm: 4f35f7cbe854078d1ac9338744f61a02 -> 
  custom:scripting/monoscript/fileName/StarData.cs: 8c3ecaae97776e3a509e6c92c6d1978c -> 
  custom:scripting/monoscript/fileName/ChatController.cs: 876d5ccae6e345dd5d9450eb0a748f16 -> 
  custom:scripting/monoscript/fileName/TextMeshSpawner.cs: 76f28e2ddb031571e6ec62b018f65fa8 -> 
  custom:scripting/monoscript/fileName/TeleType.cs: 31fa97821c4c70f157ec81d507aa6b62 -> 
  custom:scripting/monoscript/fileName/Benchmark04.cs: 32220b148620e52aa81c13a114862bf4 -> 
  custom:scripting/monoscript/fileName/LookAtCamera.cs: c89e844d610ff572aa3b28387fdf619c -> 
  custom:container-muxer-webm: aa71ff27fc2769a1b78a27578f13a17b -> 
  custom:video-decoder-webm-vp8: 9c59270c3fd7afecdb556c50c9e8de78 -> 
  custom:scripting/monoscript/fileName/TMP_PhoneNumberValidator.cs: 7c3049f481e464c6a9a15dee56c3126f -> 
  custom:SearchIndexIgnoredProperties: e643bd26f0fe6173181afceb89e7c659 -> 
  custom:AudioImporter_EditorPlatform: 3918e3fc78b5a79bad01e8451be0beb8 -> 
  custom:scripting/monoscript/fileName/EnvMapAnimator.cs: 1b4f61c17e4b7283c3ac351aacff9d26 -> 
  custom:scripting/monoscript/fileName/ShaderPropAnimator.cs: 55ce425812446482e623ff2695c94cb2 -> 
  custom:scripting/monoscript/fileName/SimpleScript.cs: 454caab0c6c050f29b39d82e1d66d0fa -> 
  custom:scripting/monoscript/fileName/AstroLaser.cs: 26653888dbc089cf903671d0935f9d0c -> 
  custom:scripting/monoscript/fileName/ObjectSpin.cs: 2b96bb2079dd7fa5108d981627a28e1e -> 
  custom:scripting/monoscript/fileName/CameraController.cs: 34b6be4e23ce86dc89786916c5983296 -> 
  custom:scripting/monoscript/fileName/TMP_TextInfoDebugTool.cs: 3f1709cfb2cc628169113a35b5e9be3f -> 
  custom:framework-osx-AVFoundation: e770b220cccbd017edd2c1fefb359320 -> 
  custom:scripting/monoscript/fileName/TMP_TextSelector_A.cs: 347309a09d56e367b188a6978f75b424 -> 
  custom:video-encoder-webm-vp8: eb34c28f22e8b96e1ab97ce403110664 -> 
  custom:audio-decoder-ogg-vorbis: bf7c407c2cedff20999df2af8eb42d56 -> 
  custom:scripting/monoscript/fileName/VertexJitter.cs: d27eb5498e48714a66aece98da065133 -> 
  custom:scripting/monoscript/fileName/TextConsoleSimulator.cs: 33fc311abb20b5b0ed8f00e4d86b574e -> 
  custom:scripting/monoscript/fileName/VertexColorCycler.cs: 5f984ca91cf3609293aecc6bc5641572 -> 
  custom:scripting/monoscript/fileName/TMP_FrameRateCounter.cs: 46f655df8cb483ac5958307137b1585a -> 
  custom:scripting/monoscript/fileName/VertexShakeB.cs: a6f78c4fcda1a29a1a1c1baefedba9e7 -> 
  custom:scripting/monoscript/fileName/TMP_UiFrameRateCounter.cs: b01021aea19247f14a98ab338907956a -> 
  custom:scripting/monoscript/fileName/StarTwinkle.cs: ac618481f721577fd89cf2d7fed70354 -> 
  custom:scripting/monoscript/fileName/TMPro_InstructionOverlay.cs: b626d2270e6ebd5c4311585c18b58d8d -> 
  custom:scripting/monoscript/fileName/TMP_DigitValidator.cs: ac02af96215ae3951a3cce9e1a8c6085 -> 
  custom:audio-encoder-webm-vorbis: bf7c407c2cedff20999df2af8eb42d56 -> 
  custom:scripting/monoscript/fileName/Benchmark01_UGUI.cs: 6148cfe2627b7708298f301788144139 -> 
  custom:scripting/precompiled-assembly-types:Assembly-CSharp: 722a4554e3b47e680ef2a47d4f88ef15 -> 
  custom:scripting/monoscript/fileName/Benchmark03.cs: 17cc87e0529ac71d909a946afb47a274 -> 
========================================================================
Received Prepare
Caller must complete domain reload
Begin MonoManager ReloadAssembly
Thread 0x16f44f000 may have been prematurely finalized
- Loaded All Assemblies, in  0.253 seconds
Native extension for Android target not found
Native extension for OSXStandalone target not found
[Package Manager] Server::EnsureServerProcessIsRunning -- launch failed, reason: Unity was launched with the -noUpm command-line argument
[Package Manager] UpmClient::Send -- Unable to send message (not connected to UPM process).
[Package Manager] Cannot connect to Unity Package Manager local server
[Package Manager] Server::EnsureServerProcessIsRunning -- launch failed, reason: Unity was launched with the -noUpm command-line argument
[Package Manager] UpmClient::Send -- Unable to send message (not connected to UPM process).
[Package Manager] Cannot connect to Unity Package Manager local server
Mono: successfully reloaded assembly
[Package Manager] Server::EnsureServerProcessIsRunning -- launch failed, reason: Unity was launched with the -noUpm command-line argument
[Package Manager] UpmClient::Send -- Unable to send message (not connected to UPM process).
[Package Manager] Cannot connect to Unity Package Manager local server
- Finished resetting the current domain, in  0.916 seconds
Domain Reload Profiling: 1168ms
	BeginReloadAssembly (69ms)
		ExecutionOrderSort (0ms)
		DisableScriptedObjects (2ms)
		BackupInstance (0ms)
		ReleaseScriptingObjects (0ms)
		CreateAndSetChildDomain (15ms)
	RebuildCommonClasses (17ms)
	RebuildNativeTypeToScriptingClass (7ms)
	initialDomainReloadingComplete (10ms)
	LoadAllAssembliesAndSetupDomain (150ms)
		LoadAssemblies (154ms)
		RebuildTransferFunctionScriptingTraits (0ms)
		AnalyzeDomain (28ms)
			TypeCache.Refresh (8ms)
				TypeCache.ScanAssembly (0ms)
			ScanForSourceGeneratedMonoScriptInfo (13ms)
			ResolveRequiredComponents (6ms)
	FinalizeReload (916ms)
		ReleaseScriptCaches (0ms)
		RebuildScriptCaches (0ms)
		SetupLoadedEditorAssemblies (306ms)
			LogAssemblyErrors (0ms)
			InitializePlatformSupportModulesInManaged (7ms)
			SetLoadedEditorAssemblies (2ms)
			RefreshPlugins (0ms)
			BeforeProcessingInitializeOnLoad (36ms)
			ProcessInitializeOnLoadAttributes (240ms)
			ProcessInitializeOnLoadMethodAttributes (21ms)
			AfterProcessingInitializeOnLoad (1ms)
			EditorAssembliesLoaded (0ms)
		ExecutionOrderSort2 (0ms)
		AwakeInstancesAfterBackupRestoration (2ms)
WARNING: Shader Unsupported: 'URP/UI/Prerendered Opaque' - All subshaders removed
WARNING: Shader Did you use #pragma only_renderers and omit this platform?
WARNING: Shader If subshaders removal was intentional, you may have forgotten turning Fallback off?
WARNING: Shader Unsupported: 'URP/UI/Prerendered Opaque' - All subshaders removed
WARNING: Shader Did you use #pragma only_renderers and omit this platform?
WARNING: Shader If subshaders removal was intentional, you may have forgotten turning Fallback off?
WARNING: Shader Unsupported: 'EnvironmentDepth/URP/OcclusionUnlit' - All subshaders removed
WARNING: Shader Did you use #pragma only_renderers and omit this platform?
WARNING: Shader If subshaders removal was intentional, you may have forgotten turning Fallback off?
WARNING: Shader Unsupported: 'EnvironmentDepth/URP/OcclusionUnlit' - All subshaders removed
WARNING: Shader Did you use #pragma only_renderers and omit this platform?
WARNING: Shader If subshaders removal was intentional, you may have forgotten turning Fallback off?
WARNING: Shader Unsupported: 'URP/UI/Prerendered' - All subshaders removed
WARNING: Shader Did you use #pragma only_renderers and omit this platform?
WARNING: Shader If subshaders removal was intentional, you may have forgotten turning Fallback off?
WARNING: Shader Unsupported: 'URP/UI/Prerendered' - All subshaders removed
WARNING: Shader Did you use #pragma only_renderers and omit this platform?
WARNING: Shader If subshaders removal was intentional, you may have forgotten turning Fallback off?
Shader 'Oculus/OVRMRCameraFrameLit': fallback shader 'Alpha-Diffuse' not found
Refreshing native plugins compatible for Editor in 3.69 ms, found 11 plugins.
Preloading 0 native plugins for Editor in 0.00 ms.
Unloading 5841 Unused Serialized files (Serialized files now loaded: 0)
Unloading 85 unused Assets / (414.3 KB). Loaded Objects now: 6374.
Memory consumption went from 214.3 MB to 213.9 MB.
Total: 4.781375 ms (FindLiveObjects: 0.179375 ms CreateObjectMapping: 0.061792 ms MarkObjects: 4.331125 ms  DeleteObjects: 0.208250 ms)

Prepare: number of updated asset objects reloaded= 0
AssetImportParameters requested are different than current active one (requested -> active):
  custom:scripting/monoscript/fileName/SkewTextExample.cs: c142d02d70a129e0533975f7c2f96956 -> 
  custom:container-demuxer-ogg: 62fdf1f143b41e24485cea50d1cbac27 -> 
  custom:scripting/monoscript/fileName/AstroMath.cs: 1932568a5daca2d25b8b5c7242983aec -> 
  custom:scripting/monoscript/fileName/TMP_TextEventHandler.cs: f5cd9d5a43bfefc8f4fec80e6de896a4 -> 
  custom:scripting/monoscript/fileName/TextMeshProFloatingText.cs: 92608fa4a6315cd0786d82205e77b697 -> 
  custom:scripting/monoscript/fileName/VertexZoom.cs: 650ab1e81d40126e3edcf737cce646e4 -> 
  custom:scripting/monoscript/fileName/VertexShakeA.cs: 63ec564c588058369499638dd899e05b -> 
  custom:scripting/monoscript/fileName/TMP_ExampleScript_01.cs: a9d4be556104ff54e7d240529b3e01dc -> 
  custom:video-decoder-ogg-theora: a1e56fd34408186e4bbccfd4996cb3dc -> 
  custom:scripting/monoscript/fileName/TMP_TextEventCheck.cs: 13505d917eab5868c435e0c2986dadfa -> 
  custom:scripting/monoscript/fileName/TMP_TextSelector_B.cs: ba2be21a7486d37b1011342977a2e49d -> 
  custom:scripting/monoscript/fileName/Benchmark01.cs: 2d3e2cd961730ab95f139a49a673bace -> 
  custom:scripting/monoscript/fileName/Benchmark02.cs: 5640963252ce70910e726415f869ced6 -> 
  custom:scripting/monoscript/fileName/PlanetariumManager.cs: 22b040d69c7e89a9f75db3e2f35d583d -> 
  custom:scripting/monoscript/fileName/DropdownSample.cs: 0a92251794e5f10400149f96c3c59e5d -> 
  custom:scripting/monoscript/fileName/WarpTextExample.cs: 2663459c266363641981c7d17b698d7f -> 
  custom:CustomObjectIndexerAttribute: 9a22284fe3817be447336de3de66b15e -> 
  custom:container-demuxer-webm: 4f35f7cbe854078d1ac9338744f61a02 -> 
  custom:scripting/monoscript/fileName/StarData.cs: 8c3ecaae97776e3a509e6c92c6d1978c -> 
  custom:scripting/monoscript/fileName/ChatController.cs: 876d5ccae6e345dd5d9450eb0a748f16 -> 
  custom:scripting/monoscript/fileName/TextMeshSpawner.cs: 76f28e2ddb031571e6ec62b018f65fa8 -> 
  custom:scripting/monoscript/fileName/TeleType.cs: 31fa97821c4c70f157ec81d507aa6b62 -> 
  custom:scripting/monoscript/fileName/Benchmark04.cs: 32220b148620e52aa81c13a114862bf4 -> 
  custom:scripting/monoscript/fileName/LookAtCamera.cs: c89e844d610ff572aa3b28387fdf619c -> 
  custom:container-muxer-webm: aa71ff27fc2769a1b78a27578f13a17b -> 
  custom:video-decoder-webm-vp8: 9c59270c3fd7afecdb556c50c9e8de78 -> 
  custom:scripting/monoscript/fileName/TMP_PhoneNumberValidator.cs: 7c3049f481e464c6a9a15dee56c3126f -> 
  custom:SearchIndexIgnoredProperties: e643bd26f0fe6173181afceb89e7c659 -> 
  custom:AudioImporter_EditorPlatform: 3918e3fc78b5a79bad01e8451be0beb8 -> 
  custom:scripting/monoscript/fileName/EnvMapAnimator.cs: 1b4f61c17e4b7283c3ac351aacff9d26 -> 
  custom:scripting/monoscript/fileName/ShaderPropAnimator.cs: 55ce425812446482e623ff2695c94cb2 -> 
  custom:scripting/monoscript/fileName/SimpleScript.cs: 454caab0c6c050f29b39d82e1d66d0fa -> 
  custom:scripting/monoscript/fileName/AstroLaser.cs: 26653888dbc089cf903671d0935f9d0c -> 
  custom:scripting/monoscript/fileName/ObjectSpin.cs: 2b96bb2079dd7fa5108d981627a28e1e -> 
  custom:scripting/monoscript/fileName/CameraController.cs: 34b6be4e23ce86dc89786916c5983296 -> 
  custom:scripting/monoscript/fileName/TMP_TextInfoDebugTool.cs: 3f1709cfb2cc628169113a35b5e9be3f -> 
  custom:framework-osx-AVFoundation: e770b220cccbd017edd2c1fefb359320 -> 
  custom:scripting/monoscript/fileName/TMP_TextSelector_A.cs: 347309a09d56e367b188a6978f75b424 -> 
  custom:video-encoder-webm-vp8: eb34c28f22e8b96e1ab97ce403110664 -> 
  custom:audio-decoder-ogg-vorbis: bf7c407c2cedff20999df2af8eb42d56 -> 
  custom:scripting/monoscript/fileName/VertexJitter.cs: d27eb5498e48714a66aece98da065133 -> 
  custom:scripting/monoscript/fileName/TextConsoleSimulator.cs: 33fc311abb20b5b0ed8f00e4d86b574e -> 
  custom:scripting/monoscript/fileName/VertexColorCycler.cs: 5f984ca91cf3609293aecc6bc5641572 -> 
  custom:scripting/monoscript/fileName/TMP_FrameRateCounter.cs: 46f655df8cb483ac5958307137b1585a -> 
  custom:scripting/monoscript/fileName/VertexShakeB.cs: a6f78c4fcda1a29a1a1c1baefedba9e7 -> 
  custom:scripting/monoscript/fileName/TMP_UiFrameRateCounter.cs: b01021aea19247f14a98ab338907956a -> 
  custom:scripting/monoscript/fileName/StarTwinkle.cs: ac618481f721577fd89cf2d7fed70354 -> 
  custom:scripting/monoscript/fileName/TMPro_InstructionOverlay.cs: b626d2270e6ebd5c4311585c18b58d8d -> 
  custom:scripting/monoscript/fileName/TMP_DigitValidator.cs: ac02af96215ae3951a3cce9e1a8c6085 -> 
  custom:audio-encoder-webm-vorbis: bf7c407c2cedff20999df2af8eb42d56 -> 
  custom:scripting/monoscript/fileName/Benchmark01_UGUI.cs: 6148cfe2627b7708298f301788144139 -> 
  custom:scripting/precompiled-assembly-types:Assembly-CSharp: d2340981774ca449d2ae16dae069910c -> 
  custom:scripting/monoscript/fileName/Benchmark03.cs: 17cc87e0529ac71d909a946afb47a274 -> 
========================================================================
Received Prepare
WARNING: Shader Unsupported: 'URP/UI/Prerendered Opaque' - All subshaders removed
WARNING: Shader Did you use #pragma only_renderers and omit this platform?
WARNING: Shader If subshaders removal was intentional, you may have forgotten turning Fallback off?
WARNING: Shader Unsupported: 'URP/UI/Prerendered Opaque' - All subshaders removed
WARNING: Shader Did you use #pragma only_renderers and omit this platform?
WARNING: Shader If subshaders removal was intentional, you may have forgotten turning Fallback off?
WARNING: Shader Unsupported: 'EnvironmentDepth/URP/OcclusionUnlit' - All subshaders removed
WARNING: Shader Did you use #pragma only_renderers and omit this platform?
WARNING: Shader If subshaders removal was intentional, you may have forgotten turning Fallback off?
WARNING: Shader Unsupported: 'EnvironmentDepth/URP/OcclusionUnlit' - All subshaders removed
WARNING: Shader Did you use #pragma only_renderers and omit this platform?
WARNING: Shader If subshaders removal was intentional, you may have forgotten turning Fallback off?
WARNING: Shader Unsupported: 'URP/UI/Prerendered' - All subshaders removed
WARNING: Shader Did you use #pragma only_renderers and omit this platform?
WARNING: Shader If subshaders removal was intentional, you may have forgotten turning Fallback off?
WARNING: Shader Unsupported: 'URP/UI/Prerendered' - All subshaders removed
WARNING: Shader Did you use #pragma only_renderers and omit this platform?
WARNING: Shader If subshaders removal was intentional, you may have forgotten turning Fallback off?
Shader 'Oculus/OVRMRCameraFrameLit': fallback shader 'Alpha-Diffuse' not found
Refreshing native plugins compatible for Editor in 4.39 ms, found 11 plugins.
Preloading 0 native plugins for Editor in 0.00 ms.
Unloading 6 Unused Serialized files (Serialized files now loaded: 0)
Unloading 6 unused Assets / (365.8 KB). Loaded Objects now: 6374.
Memory consumption went from 122.7 MB to 122.3 MB.
Total: 4.904958 ms (FindLiveObjects: 0.180041 ms CreateObjectMapping: 0.057250 ms MarkObjects: 4.524458 ms  DeleteObjects: 0.143000 ms)

Prepare: number of updated asset objects reloaded= 0
AssetImportParameters requested are different than current active one (requested -> active):
  custom:scripting/monoscript/fileName/SkewTextExample.cs: c142d02d70a129e0533975f7c2f96956 -> 
  custom:container-demuxer-ogg: 62fdf1f143b41e24485cea50d1cbac27 -> 
  custom:scripting/monoscript/fileName/AstroMath.cs: 1932568a5daca2d25b8b5c7242983aec -> 
  custom:scripting/monoscript/fileName/TMP_TextEventHandler.cs: f5cd9d5a43bfefc8f4fec80e6de896a4 -> 
  custom:scripting/monoscript/fileName/TextMeshProFloatingText.cs: 92608fa4a6315cd0786d82205e77b697 -> 
  custom:scripting/monoscript/fileName/VertexZoom.cs: 650ab1e81d40126e3edcf737cce646e4 -> 
  custom:scripting/monoscript/fileName/VertexShakeA.cs: 63ec564c588058369499638dd899e05b -> 
  custom:scripting/monoscript/fileName/TMP_ExampleScript_01.cs: a9d4be556104ff54e7d240529b3e01dc -> 
  custom:video-decoder-ogg-theora: a1e56fd34408186e4bbccfd4996cb3dc -> 
  custom:scripting/monoscript/fileName/TMP_TextEventCheck.cs: 13505d917eab5868c435e0c2986dadfa -> 
  custom:scripting/monoscript/fileName/TMP_TextSelector_B.cs: ba2be21a7486d37b1011342977a2e49d -> 
  custom:scripting/monoscript/fileName/Benchmark01.cs: 2d3e2cd961730ab95f139a49a673bace -> 
  custom:scripting/monoscript/fileName/Benchmark02.cs: 5640963252ce70910e726415f869ced6 -> 
  custom:scripting/monoscript/fileName/PlanetariumManager.cs: 22b040d69c7e89a9f75db3e2f35d583d -> 
  custom:scripting/monoscript/fileName/DropdownSample.cs: 0a92251794e5f10400149f96c3c59e5d -> 
  custom:scripting/monoscript/fileName/WarpTextExample.cs: 2663459c266363641981c7d17b698d7f -> 
  custom:CustomObjectIndexerAttribute: 9a22284fe3817be447336de3de66b15e -> 
  custom:container-demuxer-webm: 4f35f7cbe854078d1ac9338744f61a02 -> 
  custom:scripting/monoscript/fileName/StarData.cs: 8c3ecaae97776e3a509e6c92c6d1978c -> 
  custom:scripting/monoscript/fileName/ChatController.cs: 876d5ccae6e345dd5d9450eb0a748f16 -> 
  custom:scripting/monoscript/fileName/TextMeshSpawner.cs: 76f28e2ddb031571e6ec62b018f65fa8 -> 
  custom:scripting/monoscript/fileName/TeleType.cs: 31fa97821c4c70f157ec81d507aa6b62 -> 
  custom:scripting/monoscript/fileName/Benchmark04.cs: 32220b148620e52aa81c13a114862bf4 -> 
  custom:scripting/monoscript/fileName/LookAtCamera.cs: c89e844d610ff572aa3b28387fdf619c -> 
  custom:container-muxer-webm: aa71ff27fc2769a1b78a27578f13a17b -> 
  custom:video-decoder-webm-vp8: 9c59270c3fd7afecdb556c50c9e8de78 -> 
  custom:scripting/monoscript/fileName/TMP_PhoneNumberValidator.cs: 7c3049f481e464c6a9a15dee56c3126f -> 
  custom:SearchIndexIgnoredProperties: e643bd26f0fe6173181afceb89e7c659 -> 
  custom:AudioImporter_EditorPlatform: 3918e3fc78b5a79bad01e8451be0beb8 -> 
  custom:scripting/monoscript/fileName/EnvMapAnimator.cs: 1b4f61c17e4b7283c3ac351aacff9d26 -> 
  custom:scripting/monoscript/fileName/ShaderPropAnimator.cs: 55ce425812446482e623ff2695c94cb2 -> 
  custom:scripting/monoscript/fileName/SimpleScript.cs: 454caab0c6c050f29b39d82e1d66d0fa -> 
  custom:scripting/monoscript/fileName/AstroLaser.cs: 26653888dbc089cf903671d0935f9d0c -> 
  custom:scripting/monoscript/fileName/ObjectSpin.cs: 2b96bb2079dd7fa5108d981627a28e1e -> 
  custom:scripting/monoscript/fileName/CameraController.cs: 34b6be4e23ce86dc89786916c5983296 -> 
  custom:scripting/monoscript/fileName/TMP_TextInfoDebugTool.cs: 3f1709cfb2cc628169113a35b5e9be3f -> 
  custom:framework-osx-AVFoundation: e770b220cccbd017edd2c1fefb359320 -> 
  custom:scripting/monoscript/fileName/TMP_TextSelector_A.cs: 347309a09d56e367b188a6978f75b424 -> 
  custom:video-encoder-webm-vp8: eb34c28f22e8b96e1ab97ce403110664 -> 
  custom:audio-decoder-ogg-vorbis: bf7c407c2cedff20999df2af8eb42d56 -> 
  custom:scripting/monoscript/fileName/VertexJitter.cs: d27eb5498e48714a66aece98da065133 -> 
  custom:scripting/monoscript/fileName/TextConsoleSimulator.cs: 33fc311abb20b5b0ed8f00e4d86b574e -> 
  custom:scripting/monoscript/fileName/VertexColorCycler.cs: 5f984ca91cf3609293aecc6bc5641572 -> 
  custom:scripting/monoscript/fileName/TMP_FrameRateCounter.cs: 46f655df8cb483ac5958307137b1585a -> 
  custom:scripting/monoscript/fileName/VertexShakeB.cs: a6f78c4fcda1a29a1a1c1baefedba9e7 -> 
  custom:scripting/monoscript/fileName/TMP_UiFrameRateCounter.cs: b01021aea19247f14a98ab338907956a -> 
  custom:scripting/monoscript/fileName/StarTwinkle.cs: ac618481f721577fd89cf2d7fed70354 -> 
  custom:scripting/monoscript/fileName/TMPro_InstructionOverlay.cs: b626d2270e6ebd5c4311585c18b58d8d -> 
  custom:scripting/monoscript/fileName/TMP_DigitValidator.cs: ac02af96215ae3951a3cce9e1a8c6085 -> 
  custom:audio-encoder-webm-vorbis: bf7c407c2cedff20999df2af8eb42d56 -> 
  custom:scripting/monoscript/fileName/Benchmark01_UGUI.cs: 6148cfe2627b7708298f301788144139 -> 
  custom:scripting/precompiled-assembly-types:Assembly-CSharp: d2340981774ca449d2ae16dae069910c -> 
  custom:scripting/monoscript/fileName/Benchmark03.cs: 17cc87e0529ac71d909a946afb47a274 -> 
========================================================================
Received Prepare
Caller must complete domain reload
Begin MonoManager ReloadAssembly
Thread 0x16f44f000 may have been prematurely finalized
- Loaded All Assemblies, in  0.285 seconds
Native extension for Android target not found
Native extension for OSXStandalone target not found
[Package Manager] Server::EnsureServerProcessIsRunning -- launch failed, reason: Unity was launched with the -noUpm command-line argument
[Package Manager] UpmClient::Send -- Unable to send message (not connected to UPM process).
[Package Manager] Cannot connect to Unity Package Manager local server
[Package Manager] Server::EnsureServerProcessIsRunning -- launch failed, reason: Unity was launched with the -noUpm command-line argument
[Package Manager] UpmClient::Send -- Unable to send message (not connected to UPM process).
[Package Manager] Cannot connect to Unity Package Manager local server
Mono: successfully reloaded assembly
[Package Manager] Server::EnsureServerProcessIsRunning -- launch failed, reason: Unity was launched with the -noUpm command-line argument
[Package Manager] UpmClient::Send -- Unable to send message (not connected to UPM process).
[Package Manager] Cannot connect to Unity Package Manager local server
- Finished resetting the current domain, in  0.931 seconds
Domain Reload Profiling: 1216ms
	BeginReloadAssembly (84ms)
		ExecutionOrderSort (0ms)
		DisableScriptedObjects (2ms)
		BackupInstance (0ms)
		ReleaseScriptingObjects (0ms)
		CreateAndSetChildDomain (25ms)
	RebuildCommonClasses (18ms)
	RebuildNativeTypeToScriptingClass (7ms)
	initialDomainReloadingComplete (11ms)
	LoadAllAssembliesAndSetupDomain (165ms)
		LoadAssemblies (167ms)
		RebuildTransferFunctionScriptingTraits (0ms)
		AnalyzeDomain (31ms)
			TypeCache.Refresh (10ms)
				TypeCache.ScanAssembly (1ms)
			ScanForSourceGeneratedMonoScriptInfo (14ms)
			ResolveRequiredComponents (6ms)
	FinalizeReload (931ms)
		ReleaseScriptCaches (0ms)
		RebuildScriptCaches (0ms)
		SetupLoadedEditorAssemblies (308ms)
			LogAssemblyErrors (0ms)
			InitializePlatformSupportModulesInManaged (6ms)
			SetLoadedEditorAssemblies (2ms)
			RefreshPlugins (0ms)
			BeforeProcessingInitializeOnLoad (34ms)
			ProcessInitializeOnLoadAttributes (245ms)
			ProcessInitializeOnLoadMethodAttributes (20ms)
			AfterProcessingInitializeOnLoad (1ms)
			EditorAssembliesLoaded (0ms)
		ExecutionOrderSort2 (0ms)
		AwakeInstancesAfterBackupRestoration (2ms)
WARNING: Shader Unsupported: 'URP/UI/Prerendered Opaque' - All subshaders removed
WARNING: Shader Did you use #pragma only_renderers and omit this platform?
WARNING: Shader If subshaders removal was intentional, you may have forgotten turning Fallback off?
WARNING: Shader Unsupported: 'URP/UI/Prerendered Opaque' - All subshaders removed
WARNING: Shader Did you use #pragma only_renderers and omit this platform?
WARNING: Shader If subshaders removal was intentional, you may have forgotten turning Fallback off?
WARNING: Shader Unsupported: 'EnvironmentDepth/URP/OcclusionUnlit' - All subshaders removed
WARNING: Shader Did you use #pragma only_renderers and omit this platform?
WARNING: Shader If subshaders removal was intentional, you may have forgotten turning Fallback off?
WARNING: Shader Unsupported: 'EnvironmentDepth/URP/OcclusionUnlit' - All subshaders removed
WARNING: Shader Did you use #pragma only_renderers and omit this platform?
WARNING: Shader If subshaders removal was intentional, you may have forgotten turning Fallback off?
WARNING: Shader Unsupported: 'URP/UI/Prerendered' - All subshaders removed
WARNING: Shader Did you use #pragma only_renderers and omit this platform?
WARNING: Shader If subshaders removal was intentional, you may have forgotten turning Fallback off?
WARNING: Shader Unsupported: 'URP/UI/Prerendered' - All subshaders removed
WARNING: Shader Did you use #pragma only_renderers and omit this platform?
WARNING: Shader If subshaders removal was intentional, you may have forgotten turning Fallback off?
Shader 'Oculus/OVRMRCameraFrameLit': fallback shader 'Alpha-Diffuse' not found
Refreshing native plugins compatible for Editor in 3.69 ms, found 11 plugins.
Preloading 0 native plugins for Editor in 0.00 ms.
Unloading 5841 Unused Serialized files (Serialized files now loaded: 0)
Unloading 85 unused Assets / (414.2 KB). Loaded Objects now: 6383.
Memory consumption went from 220.6 MB to 220.2 MB.
Total: 5.025833 ms (FindLiveObjects: 0.180584 ms CreateObjectMapping: 0.057583 ms MarkObjects: 4.574958 ms  DeleteObjects: 0.212209 ms)

Prepare: number of updated asset objects reloaded= 0
AssetImportParameters requested are different than current active one (requested -> active):
  custom:scripting/monoscript/fileName/SkewTextExample.cs: c142d02d70a129e0533975f7c2f96956 -> 
  custom:container-demuxer-ogg: 62fdf1f143b41e24485cea50d1cbac27 -> 
  custom:scripting/monoscript/fileName/AstroMath.cs: 1932568a5daca2d25b8b5c7242983aec -> 
  custom:scripting/monoscript/fileName/TMP_TextEventHandler.cs: f5cd9d5a43bfefc8f4fec80e6de896a4 -> 
  custom:scripting/monoscript/fileName/TextMeshProFloatingText.cs: 92608fa4a6315cd0786d82205e77b697 -> 
  custom:scripting/monoscript/fileName/VertexZoom.cs: 650ab1e81d40126e3edcf737cce646e4 -> 
  custom:scripting/monoscript/fileName/VertexShakeA.cs: 63ec564c588058369499638dd899e05b -> 
  custom:scripting/monoscript/fileName/TMP_ExampleScript_01.cs: a9d4be556104ff54e7d240529b3e01dc -> 
  custom:video-decoder-ogg-theora: a1e56fd34408186e4bbccfd4996cb3dc -> 
  custom:scripting/monoscript/fileName/TMP_TextEventCheck.cs: 13505d917eab5868c435e0c2986dadfa -> 
  custom:scripting/monoscript/fileName/TMP_TextSelector_B.cs: ba2be21a7486d37b1011342977a2e49d -> 
  custom:scripting/monoscript/fileName/Benchmark01.cs: 2d3e2cd961730ab95f139a49a673bace -> 
  custom:scripting/monoscript/fileName/Benchmark02.cs: 5640963252ce70910e726415f869ced6 -> 
  custom:scripting/monoscript/fileName/PlanetariumManager.cs: 22b040d69c7e89a9f75db3e2f35d583d -> 
  custom:scripting/monoscript/fileName/DropdownSample.cs: 0a92251794e5f10400149f96c3c59e5d -> 
  custom:scripting/monoscript/fileName/WarpTextExample.cs: 2663459c266363641981c7d17b698d7f -> 
  custom:CustomObjectIndexerAttribute: 9a22284fe3817be447336de3de66b15e -> 
  custom:container-demuxer-webm: 4f35f7cbe854078d1ac9338744f61a02 -> 
  custom:scripting/monoscript/fileName/StarData.cs: 8c3ecaae97776e3a509e6c92c6d1978c -> 
  custom:scripting/monoscript/fileName/ChatController.cs: 876d5ccae6e345dd5d9450eb0a748f16 -> 
  custom:scripting/monoscript/fileName/TextMeshSpawner.cs: 76f28e2ddb031571e6ec62b018f65fa8 -> 
  custom:scripting/monoscript/fileName/TeleType.cs: 31fa97821c4c70f157ec81d507aa6b62 -> 
  custom:scripting/monoscript/fileName/Benchmark04.cs: 32220b148620e52aa81c13a114862bf4 -> 
  custom:scripting/monoscript/fileName/LookAtCamera.cs: c89e844d610ff572aa3b28387fdf619c -> 
  custom:container-muxer-webm: aa71ff27fc2769a1b78a27578f13a17b -> 
  custom:video-decoder-webm-vp8: 9c59270c3fd7afecdb556c50c9e8de78 -> 
  custom:scripting/monoscript/fileName/TMP_PhoneNumberValidator.cs: 7c3049f481e464c6a9a15dee56c3126f -> 
  custom:SearchIndexIgnoredProperties: e643bd26f0fe6173181afceb89e7c659 -> 
  custom:AudioImporter_EditorPlatform: 3918e3fc78b5a79bad01e8451be0beb8 -> 
  custom:scripting/monoscript/fileName/EnvMapAnimator.cs: 1b4f61c17e4b7283c3ac351aacff9d26 -> 
  custom:scripting/monoscript/fileName/ShaderPropAnimator.cs: 55ce425812446482e623ff2695c94cb2 -> 
  custom:scripting/monoscript/fileName/SimpleScript.cs: 454caab0c6c050f29b39d82e1d66d0fa -> 
  custom:scripting/monoscript/fileName/AstroLaser.cs: 26653888dbc089cf903671d0935f9d0c -> 
  custom:scripting/monoscript/fileName/ObjectSpin.cs: 2b96bb2079dd7fa5108d981627a28e1e -> 
  custom:scripting/monoscript/fileName/CameraController.cs: 34b6be4e23ce86dc89786916c5983296 -> 
  custom:scripting/monoscript/fileName/TMP_TextInfoDebugTool.cs: 3f1709cfb2cc628169113a35b5e9be3f -> 
  custom:framework-osx-AVFoundation: e770b220cccbd017edd2c1fefb359320 -> 
  custom:scripting/monoscript/fileName/TMP_TextSelector_A.cs: 347309a09d56e367b188a6978f75b424 -> 
  custom:video-encoder-webm-vp8: eb34c28f22e8b96e1ab97ce403110664 -> 
  custom:audio-decoder-ogg-vorbis: bf7c407c2cedff20999df2af8eb42d56 -> 
  custom:scripting/monoscript/fileName/VertexJitter.cs: d27eb5498e48714a66aece98da065133 -> 
  custom:scripting/monoscript/fileName/TextConsoleSimulator.cs: 33fc311abb20b5b0ed8f00e4d86b574e -> 
  custom:scripting/monoscript/fileName/VertexColorCycler.cs: 5f984ca91cf3609293aecc6bc5641572 -> 
  custom:scripting/monoscript/fileName/TMP_FrameRateCounter.cs: 46f655df8cb483ac5958307137b1585a -> 
  custom:scripting/monoscript/fileName/VertexShakeB.cs: a6f78c4fcda1a29a1a1c1baefedba9e7 -> 
  custom:scripting/monoscript/fileName/TMP_UiFrameRateCounter.cs: b01021aea19247f14a98ab338907956a -> 
  custom:scripting/monoscript/fileName/StarTwinkle.cs: ac618481f721577fd89cf2d7fed70354 -> 
  custom:scripting/monoscript/fileName/TMPro_InstructionOverlay.cs: b626d2270e6ebd5c4311585c18b58d8d -> 
  custom:scripting/monoscript/fileName/TMP_DigitValidator.cs: ac02af96215ae3951a3cce9e1a8c6085 -> 
  custom:audio-encoder-webm-vorbis: bf7c407c2cedff20999df2af8eb42d56 -> 
  custom:scripting/monoscript/fileName/Benchmark01_UGUI.cs: 6148cfe2627b7708298f301788144139 -> 
  custom:scripting/precompiled-assembly-types:Assembly-CSharp: 9392bd21cea07e9dd2e1f1d872583293 -> 
  custom:scripting/monoscript/fileName/Benchmark03.cs: 17cc87e0529ac71d909a946afb47a274 -> 
========================================================================
Received Prepare
WARNING: Shader Unsupported: 'URP/UI/Prerendered Opaque' - All subshaders removed
WARNING: Shader Did you use #pragma only_renderers and omit this platform?
WARNING: Shader If subshaders removal was intentional, you may have forgotten turning Fallback off?
WARNING: Shader Unsupported: 'URP/UI/Prerendered Opaque' - All subshaders removed
WARNING: Shader Did you use #pragma only_renderers and omit this platform?
WARNING: Shader If subshaders removal was intentional, you may have forgotten turning Fallback off?
WARNING: Shader Unsupported: 'EnvironmentDepth/URP/OcclusionUnlit' - All subshaders removed
WARNING: Shader Did you use #pragma only_renderers and omit this platform?
WARNING: Shader If subshaders removal was intentional, you may have forgotten turning Fallback off?
WARNING: Shader Unsupported: 'EnvironmentDepth/URP/OcclusionUnlit' - All subshaders removed
WARNING: Shader Did you use #pragma only_renderers and omit this platform?
WARNING: Shader If subshaders removal was intentional, you may have forgotten turning Fallback off?
WARNING: Shader Unsupported: 'URP/UI/Prerendered' - All subshaders removed
WARNING: Shader Did you use #pragma only_renderers and omit this platform?
WARNING: Shader If subshaders removal was intentional, you may have forgotten turning Fallback off?
WARNING: Shader Unsupported: 'URP/UI/Prerendered' - All subshaders removed
WARNING: Shader Did you use #pragma only_renderers and omit this platform?
WARNING: Shader If subshaders removal was intentional, you may have forgotten turning Fallback off?
Shader 'Oculus/OVRMRCameraFrameLit': fallback shader 'Alpha-Diffuse' not found
Refreshing native plugins compatible for Editor in 4.39 ms, found 11 plugins.
Preloading 0 native plugins for Editor in 0.00 ms.
Unloading 6 Unused Serialized files (Serialized files now loaded: 0)
Unloading 6 unused Assets / (373.8 KB). Loaded Objects now: 6383.
Memory consumption went from 129.0 MB to 128.7 MB.
Total: 4.941958 ms (FindLiveObjects: 0.188292 ms CreateObjectMapping: 0.059208 ms MarkObjects: 4.543500 ms  DeleteObjects: 0.150833 ms)

Prepare: number of updated asset objects reloaded= 0
AssetImportParameters requested are different than current active one (requested -> active):
  custom:scripting/monoscript/fileName/SkewTextExample.cs: c142d02d70a129e0533975f7c2f96956 -> 
  custom:container-demuxer-ogg: 62fdf1f143b41e24485cea50d1cbac27 -> 
  custom:scripting/monoscript/fileName/AstroMath.cs: 1932568a5daca2d25b8b5c7242983aec -> 
  custom:scripting/monoscript/fileName/TMP_TextEventHandler.cs: f5cd9d5a43bfefc8f4fec80e6de896a4 -> 
  custom:scripting/monoscript/fileName/TextMeshProFloatingText.cs: 92608fa4a6315cd0786d82205e77b697 -> 
  custom:scripting/monoscript/fileName/VertexZoom.cs: 650ab1e81d40126e3edcf737cce646e4 -> 
  custom:scripting/monoscript/fileName/VertexShakeA.cs: 63ec564c588058369499638dd899e05b -> 
  custom:scripting/monoscript/fileName/TMP_ExampleScript_01.cs: a9d4be556104ff54e7d240529b3e01dc -> 
  custom:video-decoder-ogg-theora: a1e56fd34408186e4bbccfd4996cb3dc -> 
  custom:scripting/monoscript/fileName/TMP_TextEventCheck.cs: 13505d917eab5868c435e0c2986dadfa -> 
  custom:scripting/monoscript/fileName/TMP_TextSelector_B.cs: ba2be21a7486d37b1011342977a2e49d -> 
  custom:scripting/monoscript/fileName/Benchmark01.cs: 2d3e2cd961730ab95f139a49a673bace -> 
  custom:scripting/monoscript/fileName/Benchmark02.cs: 5640963252ce70910e726415f869ced6 -> 
  custom:scripting/monoscript/fileName/PlanetariumManager.cs: 22b040d69c7e89a9f75db3e2f35d583d -> 
  custom:scripting/monoscript/fileName/DropdownSample.cs: 0a92251794e5f10400149f96c3c59e5d -> 
  custom:scripting/monoscript/fileName/WarpTextExample.cs: 2663459c266363641981c7d17b698d7f -> 
  custom:CustomObjectIndexerAttribute: 9a22284fe3817be447336de3de66b15e -> 
  custom:container-demuxer-webm: 4f35f7cbe854078d1ac9338744f61a02 -> 
  custom:scripting/monoscript/fileName/StarData.cs: 8c3ecaae97776e3a509e6c92c6d1978c -> 
  custom:scripting/monoscript/fileName/ChatController.cs: 876d5ccae6e345dd5d9450eb0a748f16 -> 
  custom:scripting/monoscript/fileName/TextMeshSpawner.cs: 76f28e2ddb031571e6ec62b018f65fa8 -> 
  custom:scripting/monoscript/fileName/TeleType.cs: 31fa97821c4c70f157ec81d507aa6b62 -> 
  custom:scripting/monoscript/fileName/Benchmark04.cs: 32220b148620e52aa81c13a114862bf4 -> 
  custom:scripting/monoscript/fileName/LookAtCamera.cs: c89e844d610ff572aa3b28387fdf619c -> 
  custom:container-muxer-webm: aa71ff27fc2769a1b78a27578f13a17b -> 
  custom:video-decoder-webm-vp8: 9c59270c3fd7afecdb556c50c9e8de78 -> 
  custom:scripting/monoscript/fileName/TMP_PhoneNumberValidator.cs: 7c3049f481e464c6a9a15dee56c3126f -> 
  custom:SearchIndexIgnoredProperties: e643bd26f0fe6173181afceb89e7c659 -> 
  custom:AudioImporter_EditorPlatform: 3918e3fc78b5a79bad01e8451be0beb8 -> 
  custom:scripting/monoscript/fileName/EnvMapAnimator.cs: 1b4f61c17e4b7283c3ac351aacff9d26 -> 
  custom:scripting/monoscript/fileName/ShaderPropAnimator.cs: 55ce425812446482e623ff2695c94cb2 -> 
  custom:scripting/monoscript/fileName/SimpleScript.cs: 454caab0c6c050f29b39d82e1d66d0fa -> 
  custom:scripting/monoscript/fileName/AstroLaser.cs: 26653888dbc089cf903671d0935f9d0c -> 
  custom:scripting/monoscript/fileName/ObjectSpin.cs: 2b96bb2079dd7fa5108d981627a28e1e -> 
  custom:scripting/monoscript/fileName/CameraController.cs: 34b6be4e23ce86dc89786916c5983296 -> 
  custom:scripting/monoscript/fileName/TMP_TextInfoDebugTool.cs: 3f1709cfb2cc628169113a35b5e9be3f -> 
  custom:framework-osx-AVFoundation: e770b220cccbd017edd2c1fefb359320 -> 
  custom:scripting/monoscript/fileName/TMP_TextSelector_A.cs: 347309a09d56e367b188a6978f75b424 -> 
  custom:video-encoder-webm-vp8: eb34c28f22e8b96e1ab97ce403110664 -> 
  custom:audio-decoder-ogg-vorbis: bf7c407c2cedff20999df2af8eb42d56 -> 
  custom:scripting/monoscript/fileName/VertexJitter.cs: d27eb5498e48714a66aece98da065133 -> 
  custom:scripting/monoscript/fileName/TextConsoleSimulator.cs: 33fc311abb20b5b0ed8f00e4d86b574e -> 
  custom:scripting/monoscript/fileName/VertexColorCycler.cs: 5f984ca91cf3609293aecc6bc5641572 -> 
  custom:scripting/monoscript/fileName/TMP_FrameRateCounter.cs: 46f655df8cb483ac5958307137b1585a -> 
  custom:scripting/monoscript/fileName/VertexShakeB.cs: a6f78c4fcda1a29a1a1c1baefedba9e7 -> 
  custom:scripting/monoscript/fileName/TMP_UiFrameRateCounter.cs: b01021aea19247f14a98ab338907956a -> 
  custom:scripting/monoscript/fileName/StarTwinkle.cs: ac618481f721577fd89cf2d7fed70354 -> 
  custom:scripting/monoscript/fileName/TMPro_InstructionOverlay.cs: b626d2270e6ebd5c4311585c18b58d8d -> 
  custom:scripting/monoscript/fileName/TMP_DigitValidator.cs: ac02af96215ae3951a3cce9e1a8c6085 -> 
  custom:audio-encoder-webm-vorbis: bf7c407c2cedff20999df2af8eb42d56 -> 
  custom:scripting/monoscript/fileName/Benchmark01_UGUI.cs: 6148cfe2627b7708298f301788144139 -> 
  custom:scripting/precompiled-assembly-types:Assembly-CSharp: 9392bd21cea07e9dd2e1f1d872583293 -> 
  custom:scripting/monoscript/fileName/Benchmark03.cs: 17cc87e0529ac71d909a946afb47a274 -> 
========================================================================
Received Prepare
Caller must complete domain reload
Begin MonoManager ReloadAssembly
Thread 0x16f3c3000 may have been prematurely finalized
- Loaded All Assemblies, in  0.247 seconds
Native extension for Android target not found
Native extension for OSXStandalone target not found
[Package Manager] Server::EnsureServerProcessIsRunning -- launch failed, reason: Unity was launched with the -noUpm command-line argument
[Package Manager] UpmClient::Send -- Unable to send message (not connected to UPM process).
[Package Manager] Cannot connect to Unity Package Manager local server
[Package Manager] Server::EnsureServerProcessIsRunning -- launch failed, reason: Unity was launched with the -noUpm command-line argument
[Package Manager] UpmClient::Send -- Unable to send message (not connected to UPM process).
[Package Manager] Cannot connect to Unity Package Manager local server
Mono: successfully reloaded assembly
[Package Manager] Server::EnsureServerProcessIsRunning -- launch failed, reason: Unity was launched with the -noUpm command-line argument
[Package Manager] UpmClient::Send -- Unable to send message (not connected to UPM process).
[Package Manager] Cannot connect to Unity Package Manager local server
- Finished resetting the current domain, in  0.907 seconds
Domain Reload Profiling: 1154ms
	BeginReloadAssembly (67ms)
		ExecutionOrderSort (0ms)
		DisableScriptedObjects (2ms)
		BackupInstance (0ms)
		ReleaseScriptingObjects (0ms)
		CreateAndSetChildDomain (17ms)
	RebuildCommonClasses (17ms)
	RebuildNativeTypeToScriptingClass (7ms)
	initialDomainReloadingComplete (10ms)
	LoadAllAssembliesAndSetupDomain (147ms)
		LoadAssemblies (148ms)
		RebuildTransferFunctionScriptingTraits (0ms)
		AnalyzeDomain (27ms)
			TypeCache.Refresh (7ms)
				TypeCache.ScanAssembly (0ms)
			ScanForSourceGeneratedMonoScriptInfo (13ms)
			ResolveRequiredComponents (6ms)
	FinalizeReload (907ms)
		ReleaseScriptCaches (0ms)
		RebuildScriptCaches (0ms)
		SetupLoadedEditorAssemblies (306ms)
			LogAssemblyErrors (0ms)
			InitializePlatformSupportModulesInManaged (6ms)
			SetLoadedEditorAssemblies (2ms)
			RefreshPlugins (0ms)
			BeforeProcessingInitializeOnLoad (35ms)
			ProcessInitializeOnLoadAttributes (241ms)
			ProcessInitializeOnLoadMethodAttributes (20ms)
			AfterProcessingInitializeOnLoad (1ms)
			EditorAssembliesLoaded (0ms)
		ExecutionOrderSort2 (0ms)
		AwakeInstancesAfterBackupRestoration (2ms)
WARNING: Shader Unsupported: 'URP/UI/Prerendered Opaque' - All subshaders removed
WARNING: Shader Did you use #pragma only_renderers and omit this platform?
WARNING: Shader If subshaders removal was intentional, you may have forgotten turning Fallback off?
WARNING: Shader Unsupported: 'URP/UI/Prerendered Opaque' - All subshaders removed
WARNING: Shader Did you use #pragma only_renderers and omit this platform?
WARNING: Shader If subshaders removal was intentional, you may have forgotten turning Fallback off?
WARNING: Shader Unsupported: 'EnvironmentDepth/URP/OcclusionUnlit' - All subshaders removed
WARNING: Shader Did you use #pragma only_renderers and omit this platform?
WARNING: Shader If subshaders removal was intentional, you may have forgotten turning Fallback off?
WARNING: Shader Unsupported: 'EnvironmentDepth/URP/OcclusionUnlit' - All subshaders removed
WARNING: Shader Did you use #pragma only_renderers and omit this platform?
WARNING: Shader If subshaders removal was intentional, you may have forgotten turning Fallback off?
WARNING: Shader Unsupported: 'URP/UI/Prerendered' - All subshaders removed
WARNING: Shader Did you use #pragma only_renderers and omit this platform?
WARNING: Shader If subshaders removal was intentional, you may have forgotten turning Fallback off?
WARNING: Shader Unsupported: 'URP/UI/Prerendered' - All subshaders removed
WARNING: Shader Did you use #pragma only_renderers and omit this platform?
WARNING: Shader If subshaders removal was intentional, you may have forgotten turning Fallback off?
Shader 'Oculus/OVRMRCameraFrameLit': fallback shader 'Alpha-Diffuse' not found
Refreshing native plugins compatible for Editor in 3.69 ms, found 11 plugins.
Preloading 0 native plugins for Editor in 0.00 ms.
Unloading 5841 Unused Serialized files (Serialized files now loaded: 0)
Unloading 85 unused Assets / (414.5 KB). Loaded Objects now: 6392.
Memory consumption went from 226.9 MB to 226.5 MB.
Total: 4.680084 ms (FindLiveObjects: 0.187292 ms CreateObjectMapping: 0.060250 ms MarkObjects: 4.223542 ms  DeleteObjects: 0.208584 ms)

Prepare: number of updated asset objects reloaded= 0
AssetImportParameters requested are different than current active one (requested -> active):
  custom:scripting/monoscript/fileName/SkewTextExample.cs: c142d02d70a129e0533975f7c2f96956 -> 
  custom:container-demuxer-ogg: 62fdf1f143b41e24485cea50d1cbac27 -> 
  custom:scripting/monoscript/fileName/AstroMath.cs: 1932568a5daca2d25b8b5c7242983aec -> 
  custom:scripting/monoscript/fileName/TMP_TextEventHandler.cs: f5cd9d5a43bfefc8f4fec80e6de896a4 -> 
  custom:scripting/monoscript/fileName/TextMeshProFloatingText.cs: 92608fa4a6315cd0786d82205e77b697 -> 
  custom:scripting/monoscript/fileName/VertexZoom.cs: 650ab1e81d40126e3edcf737cce646e4 -> 
  custom:scripting/monoscript/fileName/VertexShakeA.cs: 63ec564c588058369499638dd899e05b -> 
  custom:scripting/monoscript/fileName/TMP_ExampleScript_01.cs: a9d4be556104ff54e7d240529b3e01dc -> 
  custom:video-decoder-ogg-theora: a1e56fd34408186e4bbccfd4996cb3dc -> 
  custom:scripting/monoscript/fileName/TMP_TextEventCheck.cs: 13505d917eab5868c435e0c2986dadfa -> 
  custom:scripting/monoscript/fileName/TMP_TextSelector_B.cs: ba2be21a7486d37b1011342977a2e49d -> 
  custom:scripting/monoscript/fileName/Benchmark01.cs: 2d3e2cd961730ab95f139a49a673bace -> 
  custom:scripting/monoscript/fileName/Benchmark02.cs: 5640963252ce70910e726415f869ced6 -> 
  custom:scripting/monoscript/fileName/PlanetariumManager.cs: 22b040d69c7e89a9f75db3e2f35d583d -> 
  custom:scripting/monoscript/fileName/DropdownSample.cs: 0a92251794e5f10400149f96c3c59e5d -> 
  custom:scripting/monoscript/fileName/WarpTextExample.cs: 2663459c266363641981c7d17b698d7f -> 
  custom:CustomObjectIndexerAttribute: 9a22284fe3817be447336de3de66b15e -> 
  custom:container-demuxer-webm: 4f35f7cbe854078d1ac9338744f61a02 -> 
  custom:scripting/monoscript/fileName/StarData.cs: 8c3ecaae97776e3a509e6c92c6d1978c -> 
  custom:scripting/monoscript/fileName/ChatController.cs: 876d5ccae6e345dd5d9450eb0a748f16 -> 
  custom:scripting/monoscript/fileName/TextMeshSpawner.cs: 76f28e2ddb031571e6ec62b018f65fa8 -> 
  custom:scripting/monoscript/fileName/TeleType.cs: 31fa97821c4c70f157ec81d507aa6b62 -> 
  custom:scripting/monoscript/fileName/Benchmark04.cs: 32220b148620e52aa81c13a114862bf4 -> 
  custom:scripting/monoscript/fileName/LookAtCamera.cs: c89e844d610ff572aa3b28387fdf619c -> 
  custom:container-muxer-webm: aa71ff27fc2769a1b78a27578f13a17b -> 
  custom:video-decoder-webm-vp8: 9c59270c3fd7afecdb556c50c9e8de78 -> 
  custom:scripting/monoscript/fileName/TMP_PhoneNumberValidator.cs: 7c3049f481e464c6a9a15dee56c3126f -> 
  custom:SearchIndexIgnoredProperties: e643bd26f0fe6173181afceb89e7c659 -> 
  custom:AudioImporter_EditorPlatform: 3918e3fc78b5a79bad01e8451be0beb8 -> 
  custom:scripting/monoscript/fileName/EnvMapAnimator.cs: 1b4f61c17e4b7283c3ac351aacff9d26 -> 
  custom:scripting/monoscript/fileName/ShaderPropAnimator.cs: 55ce425812446482e623ff2695c94cb2 -> 
  custom:scripting/monoscript/fileName/SimpleScript.cs: 454caab0c6c050f29b39d82e1d66d0fa -> 
  custom:scripting/monoscript/fileName/AstroLaser.cs: 26653888dbc089cf903671d0935f9d0c -> 
  custom:scripting/monoscript/fileName/ObjectSpin.cs: 2b96bb2079dd7fa5108d981627a28e1e -> 
  custom:scripting/monoscript/fileName/CameraController.cs: 34b6be4e23ce86dc89786916c5983296 -> 
  custom:scripting/monoscript/fileName/TMP_TextInfoDebugTool.cs: 3f1709cfb2cc628169113a35b5e9be3f -> 
  custom:framework-osx-AVFoundation: e770b220cccbd017edd2c1fefb359320 -> 
  custom:scripting/monoscript/fileName/TMP_TextSelector_A.cs: 347309a09d56e367b188a6978f75b424 -> 
  custom:video-encoder-webm-vp8: eb34c28f22e8b96e1ab97ce403110664 -> 
  custom:audio-decoder-ogg-vorbis: bf7c407c2cedff20999df2af8eb42d56 -> 
  custom:scripting/monoscript/fileName/VertexJitter.cs: d27eb5498e48714a66aece98da065133 -> 
  custom:scripting/monoscript/fileName/TextConsoleSimulator.cs: 33fc311abb20b5b0ed8f00e4d86b574e -> 
  custom:scripting/monoscript/fileName/VertexColorCycler.cs: 5f984ca91cf3609293aecc6bc5641572 -> 
  custom:scripting/monoscript/fileName/TMP_FrameRateCounter.cs: 46f655df8cb483ac5958307137b1585a -> 
  custom:scripting/monoscript/fileName/VertexShakeB.cs: a6f78c4fcda1a29a1a1c1baefedba9e7 -> 
  custom:scripting/monoscript/fileName/TMP_UiFrameRateCounter.cs: b01021aea19247f14a98ab338907956a -> 
  custom:scripting/monoscript/fileName/StarTwinkle.cs: ac618481f721577fd89cf2d7fed70354 -> 
  custom:scripting/monoscript/fileName/TMPro_InstructionOverlay.cs: b626d2270e6ebd5c4311585c18b58d8d -> 
  custom:scripting/monoscript/fileName/TMP_DigitValidator.cs: ac02af96215ae3951a3cce9e1a8c6085 -> 
  custom:audio-encoder-webm-vorbis: bf7c407c2cedff20999df2af8eb42d56 -> 
  custom:scripting/monoscript/fileName/Benchmark01_UGUI.cs: 6148cfe2627b7708298f301788144139 -> 
  custom:scripting/precompiled-assembly-types:Assembly-CSharp: 9392bd21cea07e9dd2e1f1d872583293 -> 
  custom:scripting/monoscript/fileName/Benchmark03.cs: 17cc87e0529ac71d909a946afb47a274 -> 
========================================================================
Received Prepare
WARNING: Shader Unsupported: 'URP/UI/Prerendered Opaque' - All subshaders removed
WARNING: Shader Did you use #pragma only_renderers and omit this platform?
WARNING: Shader If subshaders removal was intentional, you may have forgotten turning Fallback off?
WARNING: Shader Unsupported: 'URP/UI/Prerendered Opaque' - All subshaders removed
WARNING: Shader Did you use #pragma only_renderers and omit this platform?
WARNING: Shader If subshaders removal was intentional, you may have forgotten turning Fallback off?
WARNING: Shader Unsupported: 'EnvironmentDepth/URP/OcclusionUnlit' - All subshaders removed
WARNING: Shader Did you use #pragma only_renderers and omit this platform?
WARNING: Shader If subshaders removal was intentional, you may have forgotten turning Fallback off?
WARNING: Shader Unsupported: 'EnvironmentDepth/URP/OcclusionUnlit' - All subshaders removed
WARNING: Shader Did you use #pragma only_renderers and omit this platform?
WARNING: Shader If subshaders removal was intentional, you may have forgotten turning Fallback off?
WARNING: Shader Unsupported: 'URP/UI/Prerendered' - All subshaders removed
WARNING: Shader Did you use #pragma only_renderers and omit this platform?
WARNING: Shader If subshaders removal was intentional, you may have forgotten turning Fallback off?
WARNING: Shader Unsupported: 'URP/UI/Prerendered' - All subshaders removed
WARNING: Shader Did you use #pragma only_renderers and omit this platform?
WARNING: Shader If subshaders removal was intentional, you may have forgotten turning Fallback off?
Shader 'Oculus/OVRMRCameraFrameLit': fallback shader 'Alpha-Diffuse' not found
Refreshing native plugins compatible for Editor in 4.41 ms, found 11 plugins.
Preloading 0 native plugins for Editor in 0.00 ms.
Unloading 6 Unused Serialized files (Serialized files now loaded: 0)
Unloading 6 unused Assets / (373.9 KB). Loaded Objects now: 6392.
Memory consumption went from 135.4 MB to 135.0 MB.
Total: 4.931917 ms (FindLiveObjects: 0.179584 ms CreateObjectMapping: 0.058958 ms MarkObjects: 4.521583 ms  DeleteObjects: 0.171333 ms)

Prepare: number of updated asset objects reloaded= 0
AssetImportParameters requested are different than current active one (requested -> active):
  custom:scripting/monoscript/fileName/SkewTextExample.cs: c142d02d70a129e0533975f7c2f96956 -> 
  custom:container-demuxer-ogg: 62fdf1f143b41e24485cea50d1cbac27 -> 
  custom:scripting/monoscript/fileName/AstroMath.cs: 1932568a5daca2d25b8b5c7242983aec -> 
  custom:scripting/monoscript/fileName/TMP_TextEventHandler.cs: f5cd9d5a43bfefc8f4fec80e6de896a4 -> 
  custom:scripting/monoscript/fileName/TextMeshProFloatingText.cs: 92608fa4a6315cd0786d82205e77b697 -> 
  custom:scripting/monoscript/fileName/VertexZoom.cs: 650ab1e81d40126e3edcf737cce646e4 -> 
  custom:scripting/monoscript/fileName/VertexShakeA.cs: 63ec564c588058369499638dd899e05b -> 
  custom:scripting/monoscript/fileName/TMP_ExampleScript_01.cs: a9d4be556104ff54e7d240529b3e01dc -> 
  custom:video-decoder-ogg-theora: a1e56fd34408186e4bbccfd4996cb3dc -> 
  custom:scripting/monoscript/fileName/TMP_TextEventCheck.cs: 13505d917eab5868c435e0c2986dadfa -> 
  custom:scripting/monoscript/fileName/TMP_TextSelector_B.cs: ba2be21a7486d37b1011342977a2e49d -> 
  custom:scripting/monoscript/fileName/Benchmark01.cs: 2d3e2cd961730ab95f139a49a673bace -> 
  custom:scripting/monoscript/fileName/Benchmark02.cs: 5640963252ce70910e726415f869ced6 -> 
  custom:scripting/monoscript/fileName/PlanetariumManager.cs: 22b040d69c7e89a9f75db3e2f35d583d -> 
  custom:scripting/monoscript/fileName/DropdownSample.cs: 0a92251794e5f10400149f96c3c59e5d -> 
  custom:scripting/monoscript/fileName/WarpTextExample.cs: 2663459c266363641981c7d17b698d7f -> 
  custom:CustomObjectIndexerAttribute: 9a22284fe3817be447336de3de66b15e -> 
  custom:container-demuxer-webm: 4f35f7cbe854078d1ac9338744f61a02 -> 
  custom:scripting/monoscript/fileName/StarData.cs: 8c3ecaae97776e3a509e6c92c6d1978c -> 
  custom:scripting/monoscript/fileName/ChatController.cs: 876d5ccae6e345dd5d9450eb0a748f16 -> 
  custom:scripting/monoscript/fileName/TextMeshSpawner.cs: 76f28e2ddb031571e6ec62b018f65fa8 -> 
  custom:scripting/monoscript/fileName/TeleType.cs: 31fa97821c4c70f157ec81d507aa6b62 -> 
  custom:scripting/monoscript/fileName/Benchmark04.cs: 32220b148620e52aa81c13a114862bf4 -> 
  custom:scripting/monoscript/fileName/LookAtCamera.cs: c89e844d610ff572aa3b28387fdf619c -> 
  custom:container-muxer-webm: aa71ff27fc2769a1b78a27578f13a17b -> 
  custom:video-decoder-webm-vp8: 9c59270c3fd7afecdb556c50c9e8de78 -> 
  custom:scripting/monoscript/fileName/TMP_PhoneNumberValidator.cs: 7c3049f481e464c6a9a15dee56c3126f -> 
  custom:SearchIndexIgnoredProperties: e643bd26f0fe6173181afceb89e7c659 -> 
  custom:AudioImporter_EditorPlatform: 3918e3fc78b5a79bad01e8451be0beb8 -> 
  custom:scripting/monoscript/fileName/EnvMapAnimator.cs: 1b4f61c17e4b7283c3ac351aacff9d26 -> 
  custom:scripting/monoscript/fileName/ShaderPropAnimator.cs: 55ce425812446482e623ff2695c94cb2 -> 
  custom:scripting/monoscript/fileName/SimpleScript.cs: 454caab0c6c050f29b39d82e1d66d0fa -> 
  custom:scripting/monoscript/fileName/AstroLaser.cs: 26653888dbc089cf903671d0935f9d0c -> 
  custom:scripting/monoscript/fileName/ObjectSpin.cs: 2b96bb2079dd7fa5108d981627a28e1e -> 
  custom:scripting/monoscript/fileName/CameraController.cs: 34b6be4e23ce86dc89786916c5983296 -> 
  custom:scripting/monoscript/fileName/TMP_TextInfoDebugTool.cs: 3f1709cfb2cc628169113a35b5e9be3f -> 
  custom:framework-osx-AVFoundation: e770b220cccbd017edd2c1fefb359320 -> 
  custom:scripting/monoscript/fileName/TMP_TextSelector_A.cs: 347309a09d56e367b188a6978f75b424 -> 
  custom:video-encoder-webm-vp8: eb34c28f22e8b96e1ab97ce403110664 -> 
  custom:audio-decoder-ogg-vorbis: bf7c407c2cedff20999df2af8eb42d56 -> 
  custom:scripting/monoscript/fileName/VertexJitter.cs: d27eb5498e48714a66aece98da065133 -> 
  custom:scripting/monoscript/fileName/TextConsoleSimulator.cs: 33fc311abb20b5b0ed8f00e4d86b574e -> 
  custom:scripting/monoscript/fileName/VertexColorCycler.cs: 5f984ca91cf3609293aecc6bc5641572 -> 
  custom:scripting/monoscript/fileName/TMP_FrameRateCounter.cs: 46f655df8cb483ac5958307137b1585a -> 
  custom:scripting/monoscript/fileName/VertexShakeB.cs: a6f78c4fcda1a29a1a1c1baefedba9e7 -> 
  custom:scripting/monoscript/fileName/TMP_UiFrameRateCounter.cs: b01021aea19247f14a98ab338907956a -> 
  custom:scripting/monoscript/fileName/StarTwinkle.cs: ac618481f721577fd89cf2d7fed70354 -> 
  custom:scripting/monoscript/fileName/TMPro_InstructionOverlay.cs: b626d2270e6ebd5c4311585c18b58d8d -> 
  custom:scripting/monoscript/fileName/TMP_DigitValidator.cs: ac02af96215ae3951a3cce9e1a8c6085 -> 
  custom:audio-encoder-webm-vorbis: bf7c407c2cedff20999df2af8eb42d56 -> 
  custom:scripting/monoscript/fileName/Benchmark01_UGUI.cs: 6148cfe2627b7708298f301788144139 -> 
  custom:scripting/precompiled-assembly-types:Assembly-CSharp: 9392bd21cea07e9dd2e1f1d872583293 -> 
  custom:scripting/monoscript/fileName/Benchmark03.cs: 17cc87e0529ac71d909a946afb47a274 -> 
========================================================================
Received Import Request.
  Time since last request: 1217.660417 seconds.
  path: Assets/NewAudioMixer.mixer
  artifactKey: Guid(87ee1bac3abd948148fe05aea76262f2) Importer(815301076,1909f56bfc062723c751e8b465ee728b)
Start importing Assets/NewAudioMixer.mixer using Guid(87ee1bac3abd948148fe05aea76262f2) Importer(815301076,1909f56bfc062723c751e8b465ee728b) [PhysX] Initialized MultithreadedTaskDispatcher with 12 workers.
Refreshing native plugins compatible for Editor in 3.25 ms, found 11 plugins.
Preloading 0 native plugins for Editor in 0.00 ms.
 -> (artifact id: '41602b246f0cc53aeb137c59fb60d852') in 0.010556 seconds
Number of updated asset objects reloaded before import = 0
Number of asset objects unloaded after import = 4
========================================================================
Received Import Request.
  Time since last request: 1.008243 seconds.
  path: Assets/Oculus/OculusProjectConfig.asset
  artifactKey: Guid(d66faf4c39f4947e69b5fc85c90e62bf) Importer(815301076,1909f56bfc062723c751e8b465ee728b)
Start importing Assets/Oculus/OculusProjectConfig.asset using Guid(d66faf4c39f4947e69b5fc85c90e62bf) Importer(815301076,1909f56bfc062723c751e8b465ee728b) [PhysX] Initialized MultithreadedTaskDispatcher with 12 workers.
 -> (artifact id: '48c297b9451a13bb0454cae86c2ecae9') in 0.002538 seconds
Number of updated asset objects reloaded before import = 0
Number of asset objects unloaded after import = 1
========================================================================
Received Import Request.
  Time since last request: 141.580140 seconds.
  path: Assets/audiopapkin-ambient-soundscapes-007-space-atmosphere-304974.mp3
  artifactKey: Guid(ff159117837fc4810b50538020cbb61e) Importer(815301076,1909f56bfc062723c751e8b465ee728b)
Start importing Assets/audiopapkin-ambient-soundscapes-007-space-atmosphere-304974.mp3 using Guid(ff159117837fc4810b50538020cbb61e) Importer(815301076,1909f56bfc062723c751e8b465ee728b) [PhysX] Initialized MultithreadedTaskDispatcher with 12 workers.
[PhysX] Initialized MultithreadedTaskDispatcher with 12 workers.
 -> (artifact id: '86ffe5ca714cd5e78a85f93e4234ea06') in 0.063925 seconds
Number of updated asset objects reloaded before import = 0
Number of asset objects unloaded after import = 2
========================================================================
Received Import Request.
  Time since last request: 25.838125 seconds.
  path: Assets/audiopapkin-ambient-soundscapes-007-space-atmosphere-304974.mp3
  artifactKey: Guid(ff159117837fc4810b50538020cbb61e) Importer(815301076,1909f56bfc062723c751e8b465ee728b)
Start importing Assets/audiopapkin-ambient-soundscapes-007-space-atmosphere-304974.mp3 using Guid(ff159117837fc4810b50538020cbb61e) Importer(815301076,1909f56bfc062723c751e8b465ee728b) [PhysX] Initialized MultithreadedTaskDispatcher with 12 workers.
[PhysX] Initialized MultithreadedTaskDispatcher with 12 workers.
 -> (artifact id: 'b86ca9f9a897b747c8ad8c7e9d1a1c77') in 0.009762 seconds
Number of updated asset objects reloaded before import = 0
Number of asset objects unloaded after import = 2
========================================================================
Received Prepare
WARNING: Shader Unsupported: 'URP/UI/Prerendered Opaque' - All subshaders removed
WARNING: Shader Did you use #pragma only_renderers and omit this platform?
WARNING: Shader If subshaders removal was intentional, you may have forgotten turning Fallback off?
WARNING: Shader Unsupported: 'URP/UI/Prerendered Opaque' - All subshaders removed
WARNING: Shader Did you use #pragma only_renderers and omit this platform?
WARNING: Shader If subshaders removal was intentional, you may have forgotten turning Fallback off?
WARNING: Shader Unsupported: 'EnvironmentDepth/URP/OcclusionUnlit' - All subshaders removed
WARNING: Shader Did you use #pragma only_renderers and omit this platform?
WARNING: Shader If subshaders removal was intentional, you may have forgotten turning Fallback off?
WARNING: Shader Unsupported: 'EnvironmentDepth/URP/OcclusionUnlit' - All subshaders removed
WARNING: Shader Did you use #pragma only_renderers and omit this platform?
WARNING: Shader If subshaders removal was intentional, you may have forgotten turning Fallback off?
WARNING: Shader Unsupported: 'URP/UI/Prerendered' - All subshaders removed
WARNING: Shader Did you use #pragma only_renderers and omit this platform?
WARNING: Shader If subshaders removal was intentional, you may have forgotten turning Fallback off?
WARNING: Shader Unsupported: 'URP/UI/Prerendered' - All subshaders removed
WARNING: Shader Did you use #pragma only_renderers and omit this platform?
WARNING: Shader If subshaders removal was intentional, you may have forgotten turning Fallback off?
Shader 'Oculus/OVRMRCameraFrameLit': fallback shader 'Alpha-Diffuse' not found
Refreshing native plugins compatible for Editor in 4.35 ms, found 11 plugins.
Preloading 0 native plugins for Editor in 0.00 ms.
Unloading 5 Unused Serialized files (Serialized files now loaded: 0)
Unloading 6 unused Assets / (371.5 KB). Loaded Objects now: 6403.
Memory consumption went from 135.5 MB to 135.1 MB.
Total: 5.263500 ms (FindLiveObjects: 0.184209 ms CreateObjectMapping: 0.058416 ms MarkObjects: 4.866875 ms  DeleteObjects: 0.153500 ms)

Prepare: number of updated asset objects reloaded= 0
AssetImportParameters requested are different than current active one (requested -> active):
  custom:scripting/monoscript/fileName/SkewTextExample.cs: c142d02d70a129e0533975f7c2f96956 -> 
  custom:container-demuxer-ogg: 62fdf1f143b41e24485cea50d1cbac27 -> 
  custom:scripting/monoscript/fileName/AstroMath.cs: 1932568a5daca2d25b8b5c7242983aec -> 
  custom:scripting/monoscript/fileName/TMP_TextEventHandler.cs: f5cd9d5a43bfefc8f4fec80e6de896a4 -> 
  custom:scripting/monoscript/fileName/TextMeshProFloatingText.cs: 92608fa4a6315cd0786d82205e77b697 -> 
  custom:scripting/monoscript/fileName/VertexZoom.cs: 650ab1e81d40126e3edcf737cce646e4 -> 
  custom:scripting/monoscript/fileName/VertexShakeA.cs: 63ec564c588058369499638dd899e05b -> 
  custom:scripting/monoscript/fileName/TMP_ExampleScript_01.cs: a9d4be556104ff54e7d240529b3e01dc -> 
  custom:video-decoder-ogg-theora: a1e56fd34408186e4bbccfd4996cb3dc -> 
  custom:scripting/monoscript/fileName/TMP_TextEventCheck.cs: 13505d917eab5868c435e0c2986dadfa -> 
  custom:scripting/monoscript/fileName/TMP_TextSelector_B.cs: ba2be21a7486d37b1011342977a2e49d -> 
  custom:scripting/monoscript/fileName/Benchmark01.cs: 2d3e2cd961730ab95f139a49a673bace -> 
  custom:scripting/monoscript/fileName/Benchmark02.cs: 5640963252ce70910e726415f869ced6 -> 
  custom:scripting/monoscript/fileName/PlanetariumManager.cs: 22b040d69c7e89a9f75db3e2f35d583d -> 
  custom:scripting/monoscript/fileName/DropdownSample.cs: 0a92251794e5f10400149f96c3c59e5d -> 
  custom:scripting/monoscript/fileName/WarpTextExample.cs: 2663459c266363641981c7d17b698d7f -> 
  custom:CustomObjectIndexerAttribute: 9a22284fe3817be447336de3de66b15e -> 
  custom:container-demuxer-webm: 4f35f7cbe854078d1ac9338744f61a02 -> 
  custom:scripting/monoscript/fileName/StarData.cs: 8c3ecaae97776e3a509e6c92c6d1978c -> 
  custom:scripting/monoscript/fileName/ChatController.cs: 876d5ccae6e345dd5d9450eb0a748f16 -> 
  custom:scripting/monoscript/fileName/TextMeshSpawner.cs: 76f28e2ddb031571e6ec62b018f65fa8 -> 
  custom:scripting/monoscript/fileName/TeleType.cs: 31fa97821c4c70f157ec81d507aa6b62 -> 
  custom:scripting/monoscript/fileName/Benchmark04.cs: 32220b148620e52aa81c13a114862bf4 -> 
  custom:scripting/monoscript/fileName/LookAtCamera.cs: c89e844d610ff572aa3b28387fdf619c -> 
  custom:container-muxer-webm: aa71ff27fc2769a1b78a27578f13a17b -> 
  custom:video-decoder-webm-vp8: 9c59270c3fd7afecdb556c50c9e8de78 -> 
  custom:scripting/monoscript/fileName/TMP_PhoneNumberValidator.cs: 7c3049f481e464c6a9a15dee56c3126f -> 
  custom:SearchIndexIgnoredProperties: e643bd26f0fe6173181afceb89e7c659 -> 
  custom:AudioImporter_EditorPlatform: 3918e3fc78b5a79bad01e8451be0beb8 -> 
  custom:scripting/monoscript/fileName/EnvMapAnimator.cs: 1b4f61c17e4b7283c3ac351aacff9d26 -> 
  custom:scripting/monoscript/fileName/ShaderPropAnimator.cs: 55ce425812446482e623ff2695c94cb2 -> 
  custom:scripting/monoscript/fileName/SimpleScript.cs: 454caab0c6c050f29b39d82e1d66d0fa -> 
  custom:scripting/monoscript/fileName/AstroLaser.cs: 26653888dbc089cf903671d0935f9d0c -> 
  custom:scripting/monoscript/fileName/ObjectSpin.cs: 2b96bb2079dd7fa5108d981627a28e1e -> 
  custom:scripting/monoscript/fileName/CameraController.cs: 34b6be4e23ce86dc89786916c5983296 -> 
  custom:scripting/monoscript/fileName/TMP_TextInfoDebugTool.cs: 3f1709cfb2cc628169113a35b5e9be3f -> 
  custom:framework-osx-AVFoundation: e770b220cccbd017edd2c1fefb359320 -> 
  custom:scripting/monoscript/fileName/TMP_TextSelector_A.cs: 347309a09d56e367b188a6978f75b424 -> 
  custom:video-encoder-webm-vp8: eb34c28f22e8b96e1ab97ce403110664 -> 
  custom:audio-decoder-ogg-vorbis: bf7c407c2cedff20999df2af8eb42d56 -> 
  custom:scripting/monoscript/fileName/VertexJitter.cs: d27eb5498e48714a66aece98da065133 -> 
  custom:scripting/monoscript/fileName/TextConsoleSimulator.cs: 33fc311abb20b5b0ed8f00e4d86b574e -> 
  custom:scripting/monoscript/fileName/VertexColorCycler.cs: 5f984ca91cf3609293aecc6bc5641572 -> 
  custom:scripting/monoscript/fileName/TMP_FrameRateCounter.cs: 46f655df8cb483ac5958307137b1585a -> 
  custom:scripting/monoscript/fileName/VertexShakeB.cs: a6f78c4fcda1a29a1a1c1baefedba9e7 -> 
  custom:scripting/monoscript/fileName/TMP_UiFrameRateCounter.cs: b01021aea19247f14a98ab338907956a -> 
  custom:scripting/monoscript/fileName/StarTwinkle.cs: ac618481f721577fd89cf2d7fed70354 -> 
  custom:scripting/monoscript/fileName/TMPro_InstructionOverlay.cs: b626d2270e6ebd5c4311585c18b58d8d -> 
  custom:scripting/monoscript/fileName/TMP_DigitValidator.cs: ac02af96215ae3951a3cce9e1a8c6085 -> 
  custom:audio-encoder-webm-vorbis: bf7c407c2cedff20999df2af8eb42d56 -> 
  custom:scripting/monoscript/fileName/Benchmark01_UGUI.cs: 6148cfe2627b7708298f301788144139 -> 
  custom:scripting/precompiled-assembly-types:Assembly-CSharp: 9392bd21cea07e9dd2e1f1d872583293 -> 
  custom:scripting/monoscript/fileName/Benchmark03.cs: 17cc87e0529ac71d909a946afb47a274 -> 
========================================================================
Received Import Request.
  Time since last request: 140.758085 seconds.
  path: Assets/NewAudioMixer.mixer
  artifactKey: Guid(87ee1bac3abd948148fe05aea76262f2) Importer(815301076,1909f56bfc062723c751e8b465ee728b)
Start importing Assets/NewAudioMixer.mixer using Guid(87ee1bac3abd948148fe05aea76262f2) Importer(815301076,1909f56bfc062723c751e8b465ee728b) [PhysX] Initialized MultithreadedTaskDispatcher with 12 workers.
Refreshing native plugins compatible for Editor in 4.05 ms, found 11 plugins.
Preloading 0 native plugins for Editor in 0.00 ms.
 -> (artifact id: '831c3619afd286707fef08fb37a9a3c1') in 0.004924 seconds
Number of updated asset objects reloaded before import = 0
Number of asset objects unloaded after import = 4
========================================================================
Received Prepare
Caller must complete domain reload
Begin MonoManager ReloadAssembly
Thread 0x16f3c3000 may have been prematurely finalized
- Loaded All Assemblies, in  0.273 seconds
Native extension for Android target not found
Native extension for OSXStandalone target not found
[Package Manager] Server::EnsureServerProcessIsRunning -- launch failed, reason: Unity was launched with the -noUpm command-line argument
[Package Manager] UpmClient::Send -- Unable to send message (not connected to UPM process).
[Package Manager] Cannot connect to Unity Package Manager local server
[Package Manager] Server::EnsureServerProcessIsRunning -- launch failed, reason: Unity was launched with the -noUpm command-line argument
[Package Manager] UpmClient::Send -- Unable to send message (not connected to UPM process).
[Package Manager] Cannot connect to Unity Package Manager local server
Mono: successfully reloaded assembly
[Package Manager] Server::EnsureServerProcessIsRunning -- launch failed, reason: Unity was launched with the -noUpm command-line argument
[Package Manager] UpmClient::Send -- Unable to send message (not connected to UPM process).
[Package Manager] Cannot connect to Unity Package Manager local server
- Finished resetting the current domain, in  0.971 seconds
Domain Reload Profiling: 1244ms
	BeginReloadAssembly (73ms)
		ExecutionOrderSort (0ms)
		DisableScriptedObjects (2ms)
		BackupInstance (0ms)
		ReleaseScriptingObjects (0ms)
		CreateAndSetChildDomain (19ms)
	RebuildCommonClasses (17ms)
	RebuildNativeTypeToScriptingClass (7ms)
	initialDomainReloadingComplete (10ms)
	LoadAllAssembliesAndSetupDomain (166ms)
		LoadAssemblies (165ms)
		RebuildTransferFunctionScriptingTraits (0ms)
		AnalyzeDomain (31ms)
			TypeCache.Refresh (10ms)
				TypeCache.ScanAssembly (1ms)
			ScanForSourceGeneratedMonoScriptInfo (14ms)
			ResolveRequiredComponents (6ms)
	FinalizeReload (971ms)
		ReleaseScriptCaches (0ms)
		RebuildScriptCaches (0ms)
		SetupLoadedEditorAssemblies (309ms)
			LogAssemblyErrors (0ms)
			InitializePlatformSupportModulesInManaged (7ms)
			SetLoadedEditorAssemblies (2ms)
			RefreshPlugins (0ms)
			BeforeProcessingInitializeOnLoad (37ms)
			ProcessInitializeOnLoadAttributes (240ms)
			ProcessInitializeOnLoadMethodAttributes (22ms)
			AfterProcessingInitializeOnLoad (1ms)
			EditorAssembliesLoaded (0ms)
		ExecutionOrderSort2 (0ms)
		AwakeInstancesAfterBackupRestoration (2ms)
WARNING: Shader Unsupported: 'URP/UI/Prerendered Opaque' - All subshaders removed
WARNING: Shader Did you use #pragma only_renderers and omit this platform?
WARNING: Shader If subshaders removal was intentional, you may have forgotten turning Fallback off?
WARNING: Shader Unsupported: 'URP/UI/Prerendered Opaque' - All subshaders removed
WARNING: Shader Did you use #pragma only_renderers and omit this platform?
WARNING: Shader If subshaders removal was intentional, you may have forgotten turning Fallback off?
WARNING: Shader Unsupported: 'EnvironmentDepth/URP/OcclusionUnlit' - All subshaders removed
WARNING: Shader Did you use #pragma only_renderers and omit this platform?
WARNING: Shader If subshaders removal was intentional, you may have forgotten turning Fallback off?
WARNING: Shader Unsupported: 'EnvironmentDepth/URP/OcclusionUnlit' - All subshaders removed
WARNING: Shader Did you use #pragma only_renderers and omit this platform?
WARNING: Shader If subshaders removal was intentional, you may have forgotten turning Fallback off?
WARNING: Shader Unsupported: 'URP/UI/Prerendered' - All subshaders removed
WARNING: Shader Did you use #pragma only_renderers and omit this platform?
WARNING: Shader If subshaders removal was intentional, you may have forgotten turning Fallback off?
WARNING: Shader Unsupported: 'URP/UI/Prerendered' - All subshaders removed
WARNING: Shader Did you use #pragma only_renderers and omit this platform?
WARNING: Shader If subshaders removal was intentional, you may have forgotten turning Fallback off?
Shader 'Oculus/OVRMRCameraFrameLit': fallback shader 'Alpha-Diffuse' not found
Refreshing native plugins compatible for Editor in 4.28 ms, found 11 plugins.
Preloading 0 native plugins for Editor in 0.00 ms.
Unloading 5842 Unused Serialized files (Serialized files now loaded: 0)
Unloading 85 unused Assets / (414.5 KB). Loaded Objects now: 6413.
Memory consumption went from 234.0 MB to 233.6 MB.
Total: 5.439792 ms (FindLiveObjects: 0.194625 ms CreateObjectMapping: 0.064625 ms MarkObjects: 4.948959 ms  DeleteObjects: 0.231250 ms)

Prepare: number of updated asset objects reloaded= 0
AssetImportParameters requested are different than current active one (requested -> active):
  custom:scripting/monoscript/fileName/SkewTextExample.cs: c142d02d70a129e0533975f7c2f96956 -> 
  custom:container-demuxer-ogg: 62fdf1f143b41e24485cea50d1cbac27 -> 
  custom:scripting/monoscript/fileName/AstroMath.cs: 1932568a5daca2d25b8b5c7242983aec -> 
  custom:scripting/monoscript/fileName/TMP_TextEventHandler.cs: f5cd9d5a43bfefc8f4fec80e6de896a4 -> 
  custom:scripting/monoscript/fileName/TextMeshProFloatingText.cs: 92608fa4a6315cd0786d82205e77b697 -> 
  custom:scripting/monoscript/fileName/VertexZoom.cs: 650ab1e81d40126e3edcf737cce646e4 -> 
  custom:scripting/monoscript/fileName/VertexShakeA.cs: 63ec564c588058369499638dd899e05b -> 
  custom:scripting/monoscript/fileName/TMP_ExampleScript_01.cs: a9d4be556104ff54e7d240529b3e01dc -> 
  custom:video-decoder-ogg-theora: a1e56fd34408186e4bbccfd4996cb3dc -> 
  custom:scripting/monoscript/fileName/TMP_TextEventCheck.cs: 13505d917eab5868c435e0c2986dadfa -> 
  custom:scripting/monoscript/fileName/TMP_TextSelector_B.cs: ba2be21a7486d37b1011342977a2e49d -> 
  custom:scripting/monoscript/fileName/Benchmark01.cs: 2d3e2cd961730ab95f139a49a673bace -> 
  custom:scripting/monoscript/fileName/Benchmark02.cs: 5640963252ce70910e726415f869ced6 -> 
  custom:scripting/monoscript/fileName/PlanetariumManager.cs: 22b040d69c7e89a9f75db3e2f35d583d -> 
  custom:scripting/monoscript/fileName/DropdownSample.cs: 0a92251794e5f10400149f96c3c59e5d -> 
  custom:scripting/monoscript/fileName/WarpTextExample.cs: 2663459c266363641981c7d17b698d7f -> 
  custom:CustomObjectIndexerAttribute: 9a22284fe3817be447336de3de66b15e -> 
  custom:container-demuxer-webm: 4f35f7cbe854078d1ac9338744f61a02 -> 
  custom:scripting/monoscript/fileName/StarData.cs: 8c3ecaae97776e3a509e6c92c6d1978c -> 
  custom:scripting/monoscript/fileName/ChatController.cs: 876d5ccae6e345dd5d9450eb0a748f16 -> 
  custom:scripting/monoscript/fileName/TextMeshSpawner.cs: 76f28e2ddb031571e6ec62b018f65fa8 -> 
  custom:scripting/monoscript/fileName/TeleType.cs: 31fa97821c4c70f157ec81d507aa6b62 -> 
  custom:scripting/monoscript/fileName/Benchmark04.cs: 32220b148620e52aa81c13a114862bf4 -> 
  custom:scripting/monoscript/fileName/LookAtCamera.cs: c89e844d610ff572aa3b28387fdf619c -> 
  custom:container-muxer-webm: aa71ff27fc2769a1b78a27578f13a17b -> 
  custom:video-decoder-webm-vp8: 9c59270c3fd7afecdb556c50c9e8de78 -> 
  custom:scripting/monoscript/fileName/TMP_PhoneNumberValidator.cs: 7c3049f481e464c6a9a15dee56c3126f -> 
  custom:SearchIndexIgnoredProperties: e643bd26f0fe6173181afceb89e7c659 -> 
  custom:AudioImporter_EditorPlatform: 3918e3fc78b5a79bad01e8451be0beb8 -> 
  custom:scripting/monoscript/fileName/EnvMapAnimator.cs: 1b4f61c17e4b7283c3ac351aacff9d26 -> 
  custom:scripting/monoscript/fileName/ShaderPropAnimator.cs: 55ce425812446482e623ff2695c94cb2 -> 
  custom:scripting/monoscript/fileName/SimpleScript.cs: 454caab0c6c050f29b39d82e1d66d0fa -> 
  custom:scripting/monoscript/fileName/AstroLaser.cs: 26653888dbc089cf903671d0935f9d0c -> 
  custom:scripting/monoscript/fileName/ObjectSpin.cs: 2b96bb2079dd7fa5108d981627a28e1e -> 
  custom:scripting/monoscript/fileName/CameraController.cs: 34b6be4e23ce86dc89786916c5983296 -> 
  custom:scripting/monoscript/fileName/TMP_TextInfoDebugTool.cs: 3f1709cfb2cc628169113a35b5e9be3f -> 
  custom:framework-osx-AVFoundation: e770b220cccbd017edd2c1fefb359320 -> 
  custom:scripting/monoscript/fileName/TMP_TextSelector_A.cs: 347309a09d56e367b188a6978f75b424 -> 
  custom:video-encoder-webm-vp8: eb34c28f22e8b96e1ab97ce403110664 -> 
  custom:audio-decoder-ogg-vorbis: bf7c407c2cedff20999df2af8eb42d56 -> 
  custom:scripting/monoscript/fileName/VertexJitter.cs: d27eb5498e48714a66aece98da065133 -> 
  custom:scripting/monoscript/fileName/TextConsoleSimulator.cs: 33fc311abb20b5b0ed8f00e4d86b574e -> 
  custom:scripting/monoscript/fileName/VertexColorCycler.cs: 5f984ca91cf3609293aecc6bc5641572 -> 
  custom:scripting/monoscript/fileName/TMP_FrameRateCounter.cs: 46f655df8cb483ac5958307137b1585a -> 
  custom:scripting/monoscript/fileName/VertexShakeB.cs: a6f78c4fcda1a29a1a1c1baefedba9e7 -> 
  custom:scripting/monoscript/fileName/TMP_UiFrameRateCounter.cs: b01021aea19247f14a98ab338907956a -> 
  custom:scripting/monoscript/fileName/StarTwinkle.cs: ac618481f721577fd89cf2d7fed70354 -> 
  custom:scripting/monoscript/fileName/TMPro_InstructionOverlay.cs: b626d2270e6ebd5c4311585c18b58d8d -> 
  custom:scripting/monoscript/fileName/TMP_DigitValidator.cs: ac02af96215ae3951a3cce9e1a8c6085 -> 
  custom:audio-encoder-webm-vorbis: bf7c407c2cedff20999df2af8eb42d56 -> 
  custom:scripting/monoscript/fileName/Benchmark01_UGUI.cs: 6148cfe2627b7708298f301788144139 -> 
  custom:scripting/monoscript/fileName/LaserControllerLeft.cs: 7e5ab3c36215566daf0a6b2d4ff82ca9 -> 
  custom:scripting/monoscript/fileName/LeftHandActivator.cs: ceb61ca6a6db9add1527617a23bb9ceb -> 
  custom:scripting/precompiled-assembly-types:Assembly-CSharp: 07f8346b0ab0f602367411caa486e14a -> 
  custom:scripting/monoscript/fileName/Benchmark03.cs: 17cc87e0529ac71d909a946afb47a274 -> 
========================================================================
Received Prepare
WARNING: Shader Unsupported: 'URP/UI/Prerendered Opaque' - All subshaders removed
WARNING: Shader Did you use #pragma only_renderers and omit this platform?
WARNING: Shader If subshaders removal was intentional, you may have forgotten turning Fallback off?
WARNING: Shader Unsupported: 'URP/UI/Prerendered Opaque' - All subshaders removed
WARNING: Shader Did you use #pragma only_renderers and omit this platform?
WARNING: Shader If subshaders removal was intentional, you may have forgotten turning Fallback off?
WARNING: Shader Unsupported: 'EnvironmentDepth/URP/OcclusionUnlit' - All subshaders removed
WARNING: Shader Did you use #pragma only_renderers and omit this platform?
WARNING: Shader If subshaders removal was intentional, you may have forgotten turning Fallback off?
WARNING: Shader Unsupported: 'EnvironmentDepth/URP/OcclusionUnlit' - All subshaders removed
WARNING: Shader Did you use #pragma only_renderers and omit this platform?
WARNING: Shader If subshaders removal was intentional, you may have forgotten turning Fallback off?
WARNING: Shader Unsupported: 'URP/UI/Prerendered' - All subshaders removed
WARNING: Shader Did you use #pragma only_renderers and omit this platform?
WARNING: Shader If subshaders removal was intentional, you may have forgotten turning Fallback off?
WARNING: Shader Unsupported: 'URP/UI/Prerendered' - All subshaders removed
WARNING: Shader Did you use #pragma only_renderers and omit this platform?
WARNING: Shader If subshaders removal was intentional, you may have forgotten turning Fallback off?
Shader 'Oculus/OVRMRCameraFrameLit': fallback shader 'Alpha-Diffuse' not found
Refreshing native plugins compatible for Editor in 4.45 ms, found 11 plugins.
Preloading 0 native plugins for Editor in 0.00 ms.
Unloading 6 Unused Serialized files (Serialized files now loaded: 0)
Unloading 6 unused Assets / (373.8 KB). Loaded Objects now: 6413.
Memory consumption went from 142.7 MB to 142.3 MB.
Total: 5.330208 ms (FindLiveObjects: 0.182750 ms CreateObjectMapping: 0.058958 ms MarkObjects: 4.919625 ms  DeleteObjects: 0.168625 ms)

Prepare: number of updated asset objects reloaded= 0
AssetImportParameters requested are different than current active one (requested -> active):
  custom:scripting/monoscript/fileName/SkewTextExample.cs: c142d02d70a129e0533975f7c2f96956 -> 
  custom:container-demuxer-ogg: 62fdf1f143b41e24485cea50d1cbac27 -> 
  custom:scripting/monoscript/fileName/AstroMath.cs: 1932568a5daca2d25b8b5c7242983aec -> 
  custom:scripting/monoscript/fileName/TMP_TextEventHandler.cs: f5cd9d5a43bfefc8f4fec80e6de896a4 -> 
  custom:scripting/monoscript/fileName/TextMeshProFloatingText.cs: 92608fa4a6315cd0786d82205e77b697 -> 
  custom:scripting/monoscript/fileName/VertexZoom.cs: 650ab1e81d40126e3edcf737cce646e4 -> 
  custom:scripting/monoscript/fileName/VertexShakeA.cs: 63ec564c588058369499638dd899e05b -> 
  custom:scripting/monoscript/fileName/TMP_ExampleScript_01.cs: a9d4be556104ff54e7d240529b3e01dc -> 
  custom:video-decoder-ogg-theora: a1e56fd34408186e4bbccfd4996cb3dc -> 
  custom:scripting/monoscript/fileName/TMP_TextEventCheck.cs: 13505d917eab5868c435e0c2986dadfa -> 
  custom:scripting/monoscript/fileName/TMP_TextSelector_B.cs: ba2be21a7486d37b1011342977a2e49d -> 
  custom:scripting/monoscript/fileName/Benchmark01.cs: 2d3e2cd961730ab95f139a49a673bace -> 
  custom:scripting/monoscript/fileName/Benchmark02.cs: 5640963252ce70910e726415f869ced6 -> 
  custom:scripting/monoscript/fileName/PlanetariumManager.cs: 22b040d69c7e89a9f75db3e2f35d583d -> 
  custom:scripting/monoscript/fileName/DropdownSample.cs: 0a92251794e5f10400149f96c3c59e5d -> 
  custom:scripting/monoscript/fileName/WarpTextExample.cs: 2663459c266363641981c7d17b698d7f -> 
  custom:CustomObjectIndexerAttribute: 9a22284fe3817be447336de3de66b15e -> 
  custom:container-demuxer-webm: 4f35f7cbe854078d1ac9338744f61a02 -> 
  custom:scripting/monoscript/fileName/StarData.cs: 8c3ecaae97776e3a509e6c92c6d1978c -> 
  custom:scripting/monoscript/fileName/ChatController.cs: 876d5ccae6e345dd5d9450eb0a748f16 -> 
  custom:scripting/monoscript/fileName/TextMeshSpawner.cs: 76f28e2ddb031571e6ec62b018f65fa8 -> 
  custom:scripting/monoscript/fileName/TeleType.cs: 31fa97821c4c70f157ec81d507aa6b62 -> 
  custom:scripting/monoscript/fileName/Benchmark04.cs: 32220b148620e52aa81c13a114862bf4 -> 
  custom:scripting/monoscript/fileName/LookAtCamera.cs: c89e844d610ff572aa3b28387fdf619c -> 
  custom:container-muxer-webm: aa71ff27fc2769a1b78a27578f13a17b -> 
  custom:video-decoder-webm-vp8: 9c59270c3fd7afecdb556c50c9e8de78 -> 
  custom:scripting/monoscript/fileName/TMP_PhoneNumberValidator.cs: 7c3049f481e464c6a9a15dee56c3126f -> 
  custom:SearchIndexIgnoredProperties: e643bd26f0fe6173181afceb89e7c659 -> 
  custom:AudioImporter_EditorPlatform: 3918e3fc78b5a79bad01e8451be0beb8 -> 
  custom:scripting/monoscript/fileName/EnvMapAnimator.cs: 1b4f61c17e4b7283c3ac351aacff9d26 -> 
  custom:scripting/monoscript/fileName/ShaderPropAnimator.cs: 55ce425812446482e623ff2695c94cb2 -> 
  custom:scripting/monoscript/fileName/SimpleScript.cs: 454caab0c6c050f29b39d82e1d66d0fa -> 
  custom:scripting/monoscript/fileName/AstroLaser.cs: 26653888dbc089cf903671d0935f9d0c -> 
  custom:scripting/monoscript/fileName/ObjectSpin.cs: 2b96bb2079dd7fa5108d981627a28e1e -> 
  custom:scripting/monoscript/fileName/CameraController.cs: 34b6be4e23ce86dc89786916c5983296 -> 
  custom:scripting/monoscript/fileName/TMP_TextInfoDebugTool.cs: 3f1709cfb2cc628169113a35b5e9be3f -> 
  custom:framework-osx-AVFoundation: e770b220cccbd017edd2c1fefb359320 -> 
  custom:scripting/monoscript/fileName/TMP_TextSelector_A.cs: 347309a09d56e367b188a6978f75b424 -> 
  custom:video-encoder-webm-vp8: eb34c28f22e8b96e1ab97ce403110664 -> 
  custom:audio-decoder-ogg-vorbis: bf7c407c2cedff20999df2af8eb42d56 -> 
  custom:scripting/monoscript/fileName/VertexJitter.cs: d27eb5498e48714a66aece98da065133 -> 
  custom:scripting/monoscript/fileName/TextConsoleSimulator.cs: 33fc311abb20b5b0ed8f00e4d86b574e -> 
  custom:scripting/monoscript/fileName/VertexColorCycler.cs: 5f984ca91cf3609293aecc6bc5641572 -> 
  custom:scripting/monoscript/fileName/TMP_FrameRateCounter.cs: 46f655df8cb483ac5958307137b1585a -> 
  custom:scripting/monoscript/fileName/VertexShakeB.cs: a6f78c4fcda1a29a1a1c1baefedba9e7 -> 
  custom:scripting/monoscript/fileName/TMP_UiFrameRateCounter.cs: b01021aea19247f14a98ab338907956a -> 
  custom:scripting/monoscript/fileName/StarTwinkle.cs: ac618481f721577fd89cf2d7fed70354 -> 
  custom:scripting/monoscript/fileName/TMPro_InstructionOverlay.cs: b626d2270e6ebd5c4311585c18b58d8d -> 
  custom:scripting/monoscript/fileName/TMP_DigitValidator.cs: ac02af96215ae3951a3cce9e1a8c6085 -> 
  custom:audio-encoder-webm-vorbis: bf7c407c2cedff20999df2af8eb42d56 -> 
  custom:scripting/monoscript/fileName/Benchmark01_UGUI.cs: 6148cfe2627b7708298f301788144139 -> 
  custom:scripting/monoscript/fileName/LaserControllerLeft.cs: 7e5ab3c36215566daf0a6b2d4ff82ca9 -> 
  custom:scripting/monoscript/fileName/LeftHandActivator.cs: ceb61ca6a6db9add1527617a23bb9ceb -> 
  custom:scripting/precompiled-assembly-types:Assembly-CSharp: 07f8346b0ab0f602367411caa486e14a -> 
  custom:scripting/monoscript/fileName/Benchmark03.cs: 17cc87e0529ac71d909a946afb47a274 -> 
========================================================================
Received Prepare
Caller must complete domain reload
Begin MonoManager ReloadAssembly
Thread 0x16f3c3000 may have been prematurely finalized
- Loaded All Assemblies, in  0.250 seconds
Native extension for Android target not found
Native extension for OSXStandalone target not found
[Package Manager] Server::EnsureServerProcessIsRunning -- launch failed, reason: Unity was launched with the -noUpm command-line argument
[Package Manager] UpmClient::Send -- Unable to send message (not connected to UPM process).
[Package Manager] Cannot connect to Unity Package Manager local server
[Package Manager] Server::EnsureServerProcessIsRunning -- launch failed, reason: Unity was launched with the -noUpm command-line argument
[Package Manager] UpmClient::Send -- Unable to send message (not connected to UPM process).
[Package Manager] Cannot connect to Unity Package Manager local server
Mono: successfully reloaded assembly
[Package Manager] Server::EnsureServerProcessIsRunning -- launch failed, reason: Unity was launched with the -noUpm command-line argument
[Package Manager] UpmClient::Send -- Unable to send message (not connected to UPM process).
[Package Manager] Cannot connect to Unity Package Manager local server
- Finished resetting the current domain, in  0.912 seconds
Domain Reload Profiling: 1162ms
	BeginReloadAssembly (68ms)
		ExecutionOrderSort (0ms)
		DisableScriptedObjects (2ms)
		BackupInstance (0ms)
		ReleaseScriptingObjects (0ms)
		CreateAndSetChildDomain (15ms)
	RebuildCommonClasses (17ms)
	RebuildNativeTypeToScriptingClass (7ms)
	initialDomainReloadingComplete (11ms)
	LoadAllAssembliesAndSetupDomain (148ms)
		LoadAssemblies (150ms)
		RebuildTransferFunctionScriptingTraits (0ms)
		AnalyzeDomain (28ms)
			TypeCache.Refresh (8ms)
				TypeCache.ScanAssembly (0ms)
			ScanForSourceGeneratedMonoScriptInfo (14ms)
			ResolveRequiredComponents (6ms)
	FinalizeReload (913ms)
		ReleaseScriptCaches (0ms)
		RebuildScriptCaches (0ms)
		SetupLoadedEditorAssemblies (309ms)
			LogAssemblyErrors (0ms)
			InitializePlatformSupportModulesInManaged (6ms)
			SetLoadedEditorAssemblies (2ms)
			RefreshPlugins (0ms)
			BeforeProcessingInitializeOnLoad (35ms)
			ProcessInitializeOnLoadAttributes (245ms)
			ProcessInitializeOnLoadMethodAttributes (21ms)
			AfterProcessingInitializeOnLoad (1ms)
			EditorAssembliesLoaded (0ms)
		ExecutionOrderSort2 (0ms)
		AwakeInstancesAfterBackupRestoration (2ms)
WARNING: Shader Unsupported: 'URP/UI/Prerendered Opaque' - All subshaders removed
WARNING: Shader Did you use #pragma only_renderers and omit this platform?
WARNING: Shader If subshaders removal was intentional, you may have forgotten turning Fallback off?
WARNING: Shader Unsupported: 'URP/UI/Prerendered Opaque' - All subshaders removed
WARNING: Shader Did you use #pragma only_renderers and omit this platform?
WARNING: Shader If subshaders removal was intentional, you may have forgotten turning Fallback off?
WARNING: Shader Unsupported: 'EnvironmentDepth/URP/OcclusionUnlit' - All subshaders removed
WARNING: Shader Did you use #pragma only_renderers and omit this platform?
WARNING: Shader If subshaders removal was intentional, you may have forgotten turning Fallback off?
WARNING: Shader Unsupported: 'EnvironmentDepth/URP/OcclusionUnlit' - All subshaders removed
WARNING: Shader Did you use #pragma only_renderers and omit this platform?
WARNING: Shader If subshaders removal was intentional, you may have forgotten turning Fallback off?
WARNING: Shader Unsupported: 'URP/UI/Prerendered' - All subshaders removed
WARNING: Shader Did you use #pragma only_renderers and omit this platform?
WARNING: Shader If subshaders removal was intentional, you may have forgotten turning Fallback off?
WARNING: Shader Unsupported: 'URP/UI/Prerendered' - All subshaders removed
WARNING: Shader Did you use #pragma only_renderers and omit this platform?
WARNING: Shader If subshaders removal was intentional, you may have forgotten turning Fallback off?
Shader 'Oculus/OVRMRCameraFrameLit': fallback shader 'Alpha-Diffuse' not found
Refreshing native plugins compatible for Editor in 4.05 ms, found 11 plugins.
Preloading 0 native plugins for Editor in 0.00 ms.
Unloading 5843 Unused Serialized files (Serialized files now loaded: 0)
Unloading 85 unused Assets / (422.7 KB). Loaded Objects now: 6422.
Memory consumption went from 240.6 MB to 240.2 MB.
Total: 5.332458 ms (FindLiveObjects: 0.189375 ms CreateObjectMapping: 0.062666 ms MarkObjects: 4.871167 ms  DeleteObjects: 0.208708 ms)

Prepare: number of updated asset objects reloaded= 0
AssetImportParameters requested are different than current active one (requested -> active):
  custom:scripting/monoscript/fileName/SkewTextExample.cs: c142d02d70a129e0533975f7c2f96956 -> 
  custom:container-demuxer-ogg: 62fdf1f143b41e24485cea50d1cbac27 -> 
  custom:scripting/monoscript/fileName/AstroMath.cs: 1932568a5daca2d25b8b5c7242983aec -> 
  custom:scripting/monoscript/fileName/TMP_TextEventHandler.cs: f5cd9d5a43bfefc8f4fec80e6de896a4 -> 
  custom:scripting/monoscript/fileName/TextMeshProFloatingText.cs: 92608fa4a6315cd0786d82205e77b697 -> 
  custom:scripting/monoscript/fileName/VertexZoom.cs: 650ab1e81d40126e3edcf737cce646e4 -> 
  custom:scripting/monoscript/fileName/VertexShakeA.cs: 63ec564c588058369499638dd899e05b -> 
  custom:scripting/monoscript/fileName/TMP_ExampleScript_01.cs: a9d4be556104ff54e7d240529b3e01dc -> 
  custom:video-decoder-ogg-theora: a1e56fd34408186e4bbccfd4996cb3dc -> 
  custom:scripting/monoscript/fileName/TMP_TextEventCheck.cs: 13505d917eab5868c435e0c2986dadfa -> 
  custom:scripting/monoscript/fileName/TMP_TextSelector_B.cs: ba2be21a7486d37b1011342977a2e49d -> 
  custom:scripting/monoscript/fileName/Benchmark01.cs: 2d3e2cd961730ab95f139a49a673bace -> 
  custom:scripting/monoscript/fileName/Benchmark02.cs: 5640963252ce70910e726415f869ced6 -> 
  custom:scripting/monoscript/fileName/PlanetariumManager.cs: 22b040d69c7e89a9f75db3e2f35d583d -> 
  custom:scripting/monoscript/fileName/DropdownSample.cs: 0a92251794e5f10400149f96c3c59e5d -> 
  custom:scripting/monoscript/fileName/WarpTextExample.cs: 2663459c266363641981c7d17b698d7f -> 
  custom:CustomObjectIndexerAttribute: 9a22284fe3817be447336de3de66b15e -> 
  custom:container-demuxer-webm: 4f35f7cbe854078d1ac9338744f61a02 -> 
  custom:scripting/monoscript/fileName/StarData.cs: 8c3ecaae97776e3a509e6c92c6d1978c -> 
  custom:scripting/monoscript/fileName/ChatController.cs: 876d5ccae6e345dd5d9450eb0a748f16 -> 
  custom:scripting/monoscript/fileName/TextMeshSpawner.cs: 76f28e2ddb031571e6ec62b018f65fa8 -> 
  custom:scripting/monoscript/fileName/TeleType.cs: 31fa97821c4c70f157ec81d507aa6b62 -> 
  custom:scripting/monoscript/fileName/Benchmark04.cs: 32220b148620e52aa81c13a114862bf4 -> 
  custom:scripting/monoscript/fileName/LookAtCamera.cs: c89e844d610ff572aa3b28387fdf619c -> 
  custom:container-muxer-webm: aa71ff27fc2769a1b78a27578f13a17b -> 
  custom:video-decoder-webm-vp8: 9c59270c3fd7afecdb556c50c9e8de78 -> 
  custom:scripting/monoscript/fileName/TMP_PhoneNumberValidator.cs: 7c3049f481e464c6a9a15dee56c3126f -> 
  custom:SearchIndexIgnoredProperties: e643bd26f0fe6173181afceb89e7c659 -> 
  custom:AudioImporter_EditorPlatform: 3918e3fc78b5a79bad01e8451be0beb8 -> 
  custom:scripting/monoscript/fileName/EnvMapAnimator.cs: 1b4f61c17e4b7283c3ac351aacff9d26 -> 
  custom:scripting/monoscript/fileName/ShaderPropAnimator.cs: 55ce425812446482e623ff2695c94cb2 -> 
  custom:scripting/monoscript/fileName/SimpleScript.cs: 454caab0c6c050f29b39d82e1d66d0fa -> 
  custom:scripting/monoscript/fileName/AstroLaser.cs: 26653888dbc089cf903671d0935f9d0c -> 
  custom:scripting/monoscript/fileName/ObjectSpin.cs: 2b96bb2079dd7fa5108d981627a28e1e -> 
  custom:scripting/monoscript/fileName/CameraController.cs: 34b6be4e23ce86dc89786916c5983296 -> 
  custom:scripting/monoscript/fileName/TMP_TextInfoDebugTool.cs: 3f1709cfb2cc628169113a35b5e9be3f -> 
  custom:framework-osx-AVFoundation: e770b220cccbd017edd2c1fefb359320 -> 
  custom:scripting/monoscript/fileName/TMP_TextSelector_A.cs: 347309a09d56e367b188a6978f75b424 -> 
  custom:video-encoder-webm-vp8: eb34c28f22e8b96e1ab97ce403110664 -> 
  custom:audio-decoder-ogg-vorbis: bf7c407c2cedff20999df2af8eb42d56 -> 
  custom:scripting/monoscript/fileName/VertexJitter.cs: d27eb5498e48714a66aece98da065133 -> 
  custom:scripting/monoscript/fileName/TextConsoleSimulator.cs: 33fc311abb20b5b0ed8f00e4d86b574e -> 
  custom:scripting/monoscript/fileName/VertexColorCycler.cs: 5f984ca91cf3609293aecc6bc5641572 -> 
  custom:scripting/monoscript/fileName/TMP_FrameRateCounter.cs: 46f655df8cb483ac5958307137b1585a -> 
  custom:scripting/monoscript/fileName/VertexShakeB.cs: a6f78c4fcda1a29a1a1c1baefedba9e7 -> 
  custom:scripting/monoscript/fileName/TMP_UiFrameRateCounter.cs: b01021aea19247f14a98ab338907956a -> 
  custom:scripting/monoscript/fileName/StarTwinkle.cs: ac618481f721577fd89cf2d7fed70354 -> 
  custom:scripting/monoscript/fileName/TMPro_InstructionOverlay.cs: b626d2270e6ebd5c4311585c18b58d8d -> 
  custom:scripting/monoscript/fileName/TMP_DigitValidator.cs: ac02af96215ae3951a3cce9e1a8c6085 -> 
  custom:audio-encoder-webm-vorbis: bf7c407c2cedff20999df2af8eb42d56 -> 
  custom:scripting/monoscript/fileName/Benchmark01_UGUI.cs: 6148cfe2627b7708298f301788144139 -> 
  custom:scripting/monoscript/fileName/LaserControllerLeft.cs: 7e5ab3c36215566daf0a6b2d4ff82ca9 -> 
  custom:scripting/monoscript/fileName/LeftHandActivator.cs: ceb61ca6a6db9add1527617a23bb9ceb -> 
  custom:scripting/precompiled-assembly-types:Assembly-CSharp: a79c27842d10badd3ac1bbdcb0c47b8f -> 
  custom:scripting/monoscript/fileName/Benchmark03.cs: 17cc87e0529ac71d909a946afb47a274 -> 
========================================================================
Received Prepare
WARNING: Shader Unsupported: 'URP/UI/Prerendered Opaque' - All subshaders removed
WARNING: Shader Did you use #pragma only_renderers and omit this platform?
WARNING: Shader If subshaders removal was intentional, you may have forgotten turning Fallback off?
WARNING: Shader Unsupported: 'URP/UI/Prerendered Opaque' - All subshaders removed
WARNING: Shader Did you use #pragma only_renderers and omit this platform?
WARNING: Shader If subshaders removal was intentional, you may have forgotten turning Fallback off?
WARNING: Shader Unsupported: 'EnvironmentDepth/URP/OcclusionUnlit' - All subshaders removed
WARNING: Shader Did you use #pragma only_renderers and omit this platform?
WARNING: Shader If subshaders removal was intentional, you may have forgotten turning Fallback off?
WARNING: Shader Unsupported: 'EnvironmentDepth/URP/OcclusionUnlit' - All subshaders removed
WARNING: Shader Did you use #pragma only_renderers and omit this platform?
WARNING: Shader If subshaders removal was intentional, you may have forgotten turning Fallback off?
WARNING: Shader Unsupported: 'URP/UI/Prerendered' - All subshaders removed
WARNING: Shader Did you use #pragma only_renderers and omit this platform?
WARNING: Shader If subshaders removal was intentional, you may have forgotten turning Fallback off?
WARNING: Shader Unsupported: 'URP/UI/Prerendered' - All subshaders removed
WARNING: Shader Did you use #pragma only_renderers and omit this platform?
WARNING: Shader If subshaders removal was intentional, you may have forgotten turning Fallback off?
Shader 'Oculus/OVRMRCameraFrameLit': fallback shader 'Alpha-Diffuse' not found
Refreshing native plugins compatible for Editor in 4.46 ms, found 11 plugins.
Preloading 0 native plugins for Editor in 0.00 ms.
Unloading 6 Unused Serialized files (Serialized files now loaded: 0)
Unloading 6 unused Assets / (373.9 KB). Loaded Objects now: 6422.
Memory consumption went from 149.0 MB to 148.6 MB.
Total: 4.813250 ms (FindLiveObjects: 0.181250 ms CreateObjectMapping: 0.057667 ms MarkObjects: 4.408333 ms  DeleteObjects: 0.165792 ms)

Prepare: number of updated asset objects reloaded= 0
AssetImportParameters requested are different than current active one (requested -> active):
  custom:scripting/monoscript/fileName/SkewTextExample.cs: c142d02d70a129e0533975f7c2f96956 -> 
  custom:container-demuxer-ogg: 62fdf1f143b41e24485cea50d1cbac27 -> 
  custom:scripting/monoscript/fileName/AstroMath.cs: 1932568a5daca2d25b8b5c7242983aec -> 
  custom:scripting/monoscript/fileName/TMP_TextEventHandler.cs: f5cd9d5a43bfefc8f4fec80e6de896a4 -> 
  custom:scripting/monoscript/fileName/TextMeshProFloatingText.cs: 92608fa4a6315cd0786d82205e77b697 -> 
  custom:scripting/monoscript/fileName/VertexZoom.cs: 650ab1e81d40126e3edcf737cce646e4 -> 
  custom:scripting/monoscript/fileName/VertexShakeA.cs: 63ec564c588058369499638dd899e05b -> 
  custom:scripting/monoscript/fileName/TMP_ExampleScript_01.cs: a9d4be556104ff54e7d240529b3e01dc -> 
  custom:video-decoder-ogg-theora: a1e56fd34408186e4bbccfd4996cb3dc -> 
  custom:scripting/monoscript/fileName/TMP_TextEventCheck.cs: 13505d917eab5868c435e0c2986dadfa -> 
  custom:scripting/monoscript/fileName/TMP_TextSelector_B.cs: ba2be21a7486d37b1011342977a2e49d -> 
  custom:scripting/monoscript/fileName/Benchmark01.cs: 2d3e2cd961730ab95f139a49a673bace -> 
  custom:scripting/monoscript/fileName/Benchmark02.cs: 5640963252ce70910e726415f869ced6 -> 
  custom:scripting/monoscript/fileName/PlanetariumManager.cs: 22b040d69c7e89a9f75db3e2f35d583d -> 
  custom:scripting/monoscript/fileName/DropdownSample.cs: 0a92251794e5f10400149f96c3c59e5d -> 
  custom:scripting/monoscript/fileName/WarpTextExample.cs: 2663459c266363641981c7d17b698d7f -> 
  custom:CustomObjectIndexerAttribute: 9a22284fe3817be447336de3de66b15e -> 
  custom:container-demuxer-webm: 4f35f7cbe854078d1ac9338744f61a02 -> 
  custom:scripting/monoscript/fileName/StarData.cs: 8c3ecaae97776e3a509e6c92c6d1978c -> 
  custom:scripting/monoscript/fileName/ChatController.cs: 876d5ccae6e345dd5d9450eb0a748f16 -> 
  custom:scripting/monoscript/fileName/TextMeshSpawner.cs: 76f28e2ddb031571e6ec62b018f65fa8 -> 
  custom:scripting/monoscript/fileName/TeleType.cs: 31fa97821c4c70f157ec81d507aa6b62 -> 
  custom:scripting/monoscript/fileName/Benchmark04.cs: 32220b148620e52aa81c13a114862bf4 -> 
  custom:scripting/monoscript/fileName/LookAtCamera.cs: c89e844d610ff572aa3b28387fdf619c -> 
  custom:container-muxer-webm: aa71ff27fc2769a1b78a27578f13a17b -> 
  custom:video-decoder-webm-vp8: 9c59270c3fd7afecdb556c50c9e8de78 -> 
  custom:scripting/monoscript/fileName/TMP_PhoneNumberValidator.cs: 7c3049f481e464c6a9a15dee56c3126f -> 
  custom:SearchIndexIgnoredProperties: e643bd26f0fe6173181afceb89e7c659 -> 
  custom:AudioImporter_EditorPlatform: 3918e3fc78b5a79bad01e8451be0beb8 -> 
  custom:scripting/monoscript/fileName/EnvMapAnimator.cs: 1b4f61c17e4b7283c3ac351aacff9d26 -> 
  custom:scripting/monoscript/fileName/ShaderPropAnimator.cs: 55ce425812446482e623ff2695c94cb2 -> 
  custom:scripting/monoscript/fileName/SimpleScript.cs: 454caab0c6c050f29b39d82e1d66d0fa -> 
  custom:scripting/monoscript/fileName/AstroLaser.cs: 26653888dbc089cf903671d0935f9d0c -> 
  custom:scripting/monoscript/fileName/ObjectSpin.cs: 2b96bb2079dd7fa5108d981627a28e1e -> 
  custom:scripting/monoscript/fileName/CameraController.cs: 34b6be4e23ce86dc89786916c5983296 -> 
  custom:scripting/monoscript/fileName/TMP_TextInfoDebugTool.cs: 3f1709cfb2cc628169113a35b5e9be3f -> 
  custom:framework-osx-AVFoundation: e770b220cccbd017edd2c1fefb359320 -> 
  custom:scripting/monoscript/fileName/TMP_TextSelector_A.cs: 347309a09d56e367b188a6978f75b424 -> 
  custom:video-encoder-webm-vp8: eb34c28f22e8b96e1ab97ce403110664 -> 
  custom:audio-decoder-ogg-vorbis: bf7c407c2cedff20999df2af8eb42d56 -> 
  custom:scripting/monoscript/fileName/VertexJitter.cs: d27eb5498e48714a66aece98da065133 -> 
  custom:scripting/monoscript/fileName/TextConsoleSimulator.cs: 33fc311abb20b5b0ed8f00e4d86b574e -> 
  custom:scripting/monoscript/fileName/VertexColorCycler.cs: 5f984ca91cf3609293aecc6bc5641572 -> 
  custom:scripting/monoscript/fileName/TMP_FrameRateCounter.cs: 46f655df8cb483ac5958307137b1585a -> 
  custom:scripting/monoscript/fileName/VertexShakeB.cs: a6f78c4fcda1a29a1a1c1baefedba9e7 -> 
  custom:scripting/monoscript/fileName/TMP_UiFrameRateCounter.cs: b01021aea19247f14a98ab338907956a -> 
  custom:scripting/monoscript/fileName/StarTwinkle.cs: ac618481f721577fd89cf2d7fed70354 -> 
  custom:scripting/monoscript/fileName/TMPro_InstructionOverlay.cs: b626d2270e6ebd5c4311585c18b58d8d -> 
  custom:scripting/monoscript/fileName/TMP_DigitValidator.cs: ac02af96215ae3951a3cce9e1a8c6085 -> 
  custom:audio-encoder-webm-vorbis: bf7c407c2cedff20999df2af8eb42d56 -> 
  custom:scripting/monoscript/fileName/Benchmark01_UGUI.cs: 6148cfe2627b7708298f301788144139 -> 
  custom:scripting/monoscript/fileName/LaserControllerLeft.cs: 7e5ab3c36215566daf0a6b2d4ff82ca9 -> 
  custom:scripting/monoscript/fileName/LeftHandActivator.cs: ceb61ca6a6db9add1527617a23bb9ceb -> 
  custom:scripting/precompiled-assembly-types:Assembly-CSharp: a79c27842d10badd3ac1bbdcb0c47b8f -> 
  custom:scripting/monoscript/fileName/Benchmark03.cs: 17cc87e0529ac71d909a946afb47a274 -> 
========================================================================
Received Prepare
WARNING: Shader Unsupported: 'URP/UI/Prerendered Opaque' - All subshaders removed
WARNING: Shader Did you use #pragma only_renderers and omit this platform?
WARNING: Shader If subshaders removal was intentional, you may have forgotten turning Fallback off?
WARNING: Shader Unsupported: 'URP/UI/Prerendered Opaque' - All subshaders removed
WARNING: Shader Did you use #pragma only_renderers and omit this platform?
WARNING: Shader If subshaders removal was intentional, you may have forgotten turning Fallback off?
WARNING: Shader Unsupported: 'EnvironmentDepth/URP/OcclusionUnlit' - All subshaders removed
WARNING: Shader Did you use #pragma only_renderers and omit this platform?
WARNING: Shader If subshaders removal was intentional, you may have forgotten turning Fallback off?
WARNING: Shader Unsupported: 'EnvironmentDepth/URP/OcclusionUnlit' - All subshaders removed
WARNING: Shader Did you use #pragma only_renderers and omit this platform?
WARNING: Shader If subshaders removal was intentional, you may have forgotten turning Fallback off?
WARNING: Shader Unsupported: 'URP/UI/Prerendered' - All subshaders removed
WARNING: Shader Did you use #pragma only_renderers and omit this platform?
WARNING: Shader If subshaders removal was intentional, you may have forgotten turning Fallback off?
WARNING: Shader Unsupported: 'URP/UI/Prerendered' - All subshaders removed
WARNING: Shader Did you use #pragma only_renderers and omit this platform?
WARNING: Shader If subshaders removal was intentional, you may have forgotten turning Fallback off?
Shader 'Oculus/OVRMRCameraFrameLit': fallback shader 'Alpha-Diffuse' not found
Refreshing native plugins compatible for Editor in 4.52 ms, found 11 plugins.
Preloading 0 native plugins for Editor in 0.00 ms.
Unloading 6 Unused Serialized files (Serialized files now loaded: 0)
Unloading 6 unused Assets / (365.8 KB). Loaded Objects now: 6422.
Memory consumption went from 147.4 MB to 147.1 MB.
Total: 5.087791 ms (FindLiveObjects: 0.190917 ms CreateObjectMapping: 0.063583 ms MarkObjects: 4.662708 ms  DeleteObjects: 0.170250 ms)

Prepare: number of updated asset objects reloaded= 0
AssetImportParameters requested are different than current active one (requested -> active):
  custom:scripting/monoscript/fileName/SkewTextExample.cs: c142d02d70a129e0533975f7c2f96956 -> 
  custom:container-demuxer-ogg: 62fdf1f143b41e24485cea50d1cbac27 -> 
  custom:scripting/monoscript/fileName/AstroMath.cs: 1932568a5daca2d25b8b5c7242983aec -> 
  custom:scripting/monoscript/fileName/TMP_TextEventHandler.cs: f5cd9d5a43bfefc8f4fec80e6de896a4 -> 
  custom:scripting/monoscript/fileName/TextMeshProFloatingText.cs: 92608fa4a6315cd0786d82205e77b697 -> 
  custom:scripting/monoscript/fileName/VertexZoom.cs: 650ab1e81d40126e3edcf737cce646e4 -> 
  custom:scripting/monoscript/fileName/VertexShakeA.cs: 63ec564c588058369499638dd899e05b -> 
  custom:scripting/monoscript/fileName/TMP_ExampleScript_01.cs: a9d4be556104ff54e7d240529b3e01dc -> 
  custom:video-decoder-ogg-theora: a1e56fd34408186e4bbccfd4996cb3dc -> 
  custom:scripting/monoscript/fileName/TMP_TextEventCheck.cs: 13505d917eab5868c435e0c2986dadfa -> 
  custom:scripting/monoscript/fileName/TMP_TextSelector_B.cs: ba2be21a7486d37b1011342977a2e49d -> 
  custom:scripting/monoscript/fileName/Benchmark01.cs: 2d3e2cd961730ab95f139a49a673bace -> 
  custom:scripting/monoscript/fileName/Benchmark02.cs: 5640963252ce70910e726415f869ced6 -> 
  custom:scripting/monoscript/fileName/PlanetariumManager.cs: 22b040d69c7e89a9f75db3e2f35d583d -> 
  custom:scripting/monoscript/fileName/DropdownSample.cs: 0a92251794e5f10400149f96c3c59e5d -> 
  custom:scripting/monoscript/fileName/WarpTextExample.cs: 2663459c266363641981c7d17b698d7f -> 
  custom:CustomObjectIndexerAttribute: 9a22284fe3817be447336de3de66b15e -> 
  custom:container-demuxer-webm: 4f35f7cbe854078d1ac9338744f61a02 -> 
  custom:scripting/monoscript/fileName/StarData.cs: 8c3ecaae97776e3a509e6c92c6d1978c -> 
  custom:scripting/monoscript/fileName/ChatController.cs: 876d5ccae6e345dd5d9450eb0a748f16 -> 
  custom:scripting/monoscript/fileName/TextMeshSpawner.cs: 76f28e2ddb031571e6ec62b018f65fa8 -> 
  custom:scripting/monoscript/fileName/TeleType.cs: 31fa97821c4c70f157ec81d507aa6b62 -> 
  custom:scripting/monoscript/fileName/Benchmark04.cs: 32220b148620e52aa81c13a114862bf4 -> 
  custom:scripting/monoscript/fileName/LookAtCamera.cs: c89e844d610ff572aa3b28387fdf619c -> 
  custom:container-muxer-webm: aa71ff27fc2769a1b78a27578f13a17b -> 
  custom:video-decoder-webm-vp8: 9c59270c3fd7afecdb556c50c9e8de78 -> 
  custom:scripting/monoscript/fileName/TMP_PhoneNumberValidator.cs: 7c3049f481e464c6a9a15dee56c3126f -> 
  custom:SearchIndexIgnoredProperties: e643bd26f0fe6173181afceb89e7c659 -> 
  custom:AudioImporter_EditorPlatform: 3918e3fc78b5a79bad01e8451be0beb8 -> 
  custom:scripting/monoscript/fileName/EnvMapAnimator.cs: 1b4f61c17e4b7283c3ac351aacff9d26 -> 
  custom:scripting/monoscript/fileName/ShaderPropAnimator.cs: 55ce425812446482e623ff2695c94cb2 -> 
  custom:scripting/monoscript/fileName/SimpleScript.cs: 454caab0c6c050f29b39d82e1d66d0fa -> 
  custom:scripting/monoscript/fileName/AstroLaser.cs: 26653888dbc089cf903671d0935f9d0c -> 
  custom:scripting/monoscript/fileName/ObjectSpin.cs: 2b96bb2079dd7fa5108d981627a28e1e -> 
  custom:scripting/monoscript/fileName/CameraController.cs: 34b6be4e23ce86dc89786916c5983296 -> 
  custom:scripting/monoscript/fileName/TMP_TextInfoDebugTool.cs: 3f1709cfb2cc628169113a35b5e9be3f -> 
  custom:framework-osx-AVFoundation: e770b220cccbd017edd2c1fefb359320 -> 
  custom:scripting/monoscript/fileName/TMP_TextSelector_A.cs: 347309a09d56e367b188a6978f75b424 -> 
  custom:video-encoder-webm-vp8: eb34c28f22e8b96e1ab97ce403110664 -> 
  custom:audio-decoder-ogg-vorbis: bf7c407c2cedff20999df2af8eb42d56 -> 
  custom:scripting/monoscript/fileName/VertexJitter.cs: d27eb5498e48714a66aece98da065133 -> 
  custom:scripting/monoscript/fileName/TextConsoleSimulator.cs: 33fc311abb20b5b0ed8f00e4d86b574e -> 
  custom:scripting/monoscript/fileName/VertexColorCycler.cs: 5f984ca91cf3609293aecc6bc5641572 -> 
  custom:scripting/monoscript/fileName/TMP_FrameRateCounter.cs: 46f655df8cb483ac5958307137b1585a -> 
  custom:scripting/monoscript/fileName/VertexShakeB.cs: a6f78c4fcda1a29a1a1c1baefedba9e7 -> 
  custom:scripting/monoscript/fileName/TMP_UiFrameRateCounter.cs: b01021aea19247f14a98ab338907956a -> 
  custom:scripting/monoscript/fileName/StarTwinkle.cs: ac618481f721577fd89cf2d7fed70354 -> 
  custom:scripting/monoscript/fileName/TMPro_InstructionOverlay.cs: b626d2270e6ebd5c4311585c18b58d8d -> 
  custom:scripting/monoscript/fileName/TMP_DigitValidator.cs: ac02af96215ae3951a3cce9e1a8c6085 -> 
  custom:audio-encoder-webm-vorbis: bf7c407c2cedff20999df2af8eb42d56 -> 
  custom:scripting/monoscript/fileName/Benchmark01_UGUI.cs: 6148cfe2627b7708298f301788144139 -> 
  custom:scripting/monoscript/fileName/LaserControllerLeft.cs: 7e5ab3c36215566daf0a6b2d4ff82ca9 -> 
  custom:scripting/monoscript/fileName/LeftHandActivator.cs: ceb61ca6a6db9add1527617a23bb9ceb -> 
  custom:scripting/precompiled-assembly-types:Assembly-CSharp: a79c27842d10badd3ac1bbdcb0c47b8f -> 
  custom:scripting/monoscript/fileName/Benchmark03.cs: 17cc87e0529ac71d909a946afb47a274 -> 
========================================================================
Received Prepare
WARNING: Shader Unsupported: 'URP/UI/Prerendered Opaque' - All subshaders removed
WARNING: Shader Did you use #pragma only_renderers and omit this platform?
WARNING: Shader If subshaders removal was intentional, you may have forgotten turning Fallback off?
WARNING: Shader Unsupported: 'URP/UI/Prerendered Opaque' - All subshaders removed
WARNING: Shader Did you use #pragma only_renderers and omit this platform?
WARNING: Shader If subshaders removal was intentional, you may have forgotten turning Fallback off?
WARNING: Shader Unsupported: 'EnvironmentDepth/URP/OcclusionUnlit' - All subshaders removed
WARNING: Shader Did you use #pragma only_renderers and omit this platform?
WARNING: Shader If subshaders removal was intentional, you may have forgotten turning Fallback off?
WARNING: Shader Unsupported: 'EnvironmentDepth/URP/OcclusionUnlit' - All subshaders removed
WARNING: Shader Did you use #pragma only_renderers and omit this platform?
WARNING: Shader If subshaders removal was intentional, you may have forgotten turning Fallback off?
WARNING: Shader Unsupported: 'URP/UI/Prerendered' - All subshaders removed
WARNING: Shader Did you use #pragma only_renderers and omit this platform?
WARNING: Shader If subshaders removal was intentional, you may have forgotten turning Fallback off?
WARNING: Shader Unsupported: 'URP/UI/Prerendered' - All subshaders removed
WARNING: Shader Did you use #pragma only_renderers and omit this platform?
WARNING: Shader If subshaders removal was intentional, you may have forgotten turning Fallback off?
Shader 'Oculus/OVRMRCameraFrameLit': fallback shader 'Alpha-Diffuse' not found
Refreshing native plugins compatible for Editor in 4.48 ms, found 11 plugins.
Preloading 0 native plugins for Editor in 0.00 ms.
Unloading 6 Unused Serialized files (Serialized files now loaded: 0)
Unloading 6 unused Assets / (373.7 KB). Loaded Objects now: 6422.
Memory consumption went from 146.6 MB to 146.3 MB.
Total: 5.364208 ms (FindLiveObjects: 0.184500 ms CreateObjectMapping: 0.057167 ms MarkObjects: 4.959333 ms  DeleteObjects: 0.163042 ms)

Prepare: number of updated asset objects reloaded= 0
AssetImportParameters requested are different than current active one (requested -> active):
  custom:scripting/monoscript/fileName/SkewTextExample.cs: c142d02d70a129e0533975f7c2f96956 -> 
  custom:container-demuxer-ogg: 62fdf1f143b41e24485cea50d1cbac27 -> 
  custom:scripting/monoscript/fileName/AstroMath.cs: 1932568a5daca2d25b8b5c7242983aec -> 
  custom:scripting/monoscript/fileName/TMP_TextEventHandler.cs: f5cd9d5a43bfefc8f4fec80e6de896a4 -> 
  custom:scripting/monoscript/fileName/TextMeshProFloatingText.cs: 92608fa4a6315cd0786d82205e77b697 -> 
  custom:scripting/monoscript/fileName/VertexZoom.cs: 650ab1e81d40126e3edcf737cce646e4 -> 
  custom:scripting/monoscript/fileName/VertexShakeA.cs: 63ec564c588058369499638dd899e05b -> 
  custom:scripting/monoscript/fileName/TMP_ExampleScript_01.cs: a9d4be556104ff54e7d240529b3e01dc -> 
  custom:video-decoder-ogg-theora: a1e56fd34408186e4bbccfd4996cb3dc -> 
  custom:scripting/monoscript/fileName/TMP_TextEventCheck.cs: 13505d917eab5868c435e0c2986dadfa -> 
  custom:scripting/monoscript/fileName/TMP_TextSelector_B.cs: ba2be21a7486d37b1011342977a2e49d -> 
  custom:scripting/monoscript/fileName/Benchmark01.cs: 2d3e2cd961730ab95f139a49a673bace -> 
  custom:scripting/monoscript/fileName/Benchmark02.cs: 5640963252ce70910e726415f869ced6 -> 
  custom:scripting/monoscript/fileName/PlanetariumManager.cs: 22b040d69c7e89a9f75db3e2f35d583d -> 
  custom:scripting/monoscript/fileName/DropdownSample.cs: 0a92251794e5f10400149f96c3c59e5d -> 
  custom:scripting/monoscript/fileName/WarpTextExample.cs: 2663459c266363641981c7d17b698d7f -> 
  custom:CustomObjectIndexerAttribute: 9a22284fe3817be447336de3de66b15e -> 
  custom:container-demuxer-webm: 4f35f7cbe854078d1ac9338744f61a02 -> 
  custom:scripting/monoscript/fileName/StarData.cs: 8c3ecaae97776e3a509e6c92c6d1978c -> 
  custom:scripting/monoscript/fileName/ChatController.cs: 876d5ccae6e345dd5d9450eb0a748f16 -> 
  custom:scripting/monoscript/fileName/TextMeshSpawner.cs: 76f28e2ddb031571e6ec62b018f65fa8 -> 
  custom:scripting/monoscript/fileName/TeleType.cs: 31fa97821c4c70f157ec81d507aa6b62 -> 
  custom:scripting/monoscript/fileName/Benchmark04.cs: 32220b148620e52aa81c13a114862bf4 -> 
  custom:scripting/monoscript/fileName/LookAtCamera.cs: c89e844d610ff572aa3b28387fdf619c -> 
  custom:container-muxer-webm: aa71ff27fc2769a1b78a27578f13a17b -> 
  custom:video-decoder-webm-vp8: 9c59270c3fd7afecdb556c50c9e8de78 -> 
  custom:scripting/monoscript/fileName/TMP_PhoneNumberValidator.cs: 7c3049f481e464c6a9a15dee56c3126f -> 
  custom:SearchIndexIgnoredProperties: e643bd26f0fe6173181afceb89e7c659 -> 
  custom:AudioImporter_EditorPlatform: 3918e3fc78b5a79bad01e8451be0beb8 -> 
  custom:scripting/monoscript/fileName/EnvMapAnimator.cs: 1b4f61c17e4b7283c3ac351aacff9d26 -> 
  custom:scripting/monoscript/fileName/ShaderPropAnimator.cs: 55ce425812446482e623ff2695c94cb2 -> 
  custom:scripting/monoscript/fileName/SimpleScript.cs: 454caab0c6c050f29b39d82e1d66d0fa -> 
  custom:scripting/monoscript/fileName/AstroLaser.cs: 26653888dbc089cf903671d0935f9d0c -> 
  custom:scripting/monoscript/fileName/ObjectSpin.cs: 2b96bb2079dd7fa5108d981627a28e1e -> 
  custom:scripting/monoscript/fileName/CameraController.cs: 34b6be4e23ce86dc89786916c5983296 -> 
  custom:scripting/monoscript/fileName/TMP_TextInfoDebugTool.cs: 3f1709cfb2cc628169113a35b5e9be3f -> 
  custom:framework-osx-AVFoundation: e770b220cccbd017edd2c1fefb359320 -> 
  custom:scripting/monoscript/fileName/TMP_TextSelector_A.cs: 347309a09d56e367b188a6978f75b424 -> 
  custom:video-encoder-webm-vp8: eb34c28f22e8b96e1ab97ce403110664 -> 
  custom:audio-decoder-ogg-vorbis: bf7c407c2cedff20999df2af8eb42d56 -> 
  custom:scripting/monoscript/fileName/VertexJitter.cs: d27eb5498e48714a66aece98da065133 -> 
  custom:scripting/monoscript/fileName/TextConsoleSimulator.cs: 33fc311abb20b5b0ed8f00e4d86b574e -> 
  custom:scripting/monoscript/fileName/VertexColorCycler.cs: 5f984ca91cf3609293aecc6bc5641572 -> 
  custom:scripting/monoscript/fileName/TMP_FrameRateCounter.cs: 46f655df8cb483ac5958307137b1585a -> 
  custom:scripting/monoscript/fileName/VertexShakeB.cs: a6f78c4fcda1a29a1a1c1baefedba9e7 -> 
  custom:scripting/monoscript/fileName/TMP_UiFrameRateCounter.cs: b01021aea19247f14a98ab338907956a -> 
  custom:scripting/monoscript/fileName/StarTwinkle.cs: ac618481f721577fd89cf2d7fed70354 -> 
  custom:scripting/monoscript/fileName/TMPro_InstructionOverlay.cs: b626d2270e6ebd5c4311585c18b58d8d -> 
  custom:scripting/monoscript/fileName/TMP_DigitValidator.cs: ac02af96215ae3951a3cce9e1a8c6085 -> 
  custom:audio-encoder-webm-vorbis: bf7c407c2cedff20999df2af8eb42d56 -> 
  custom:scripting/monoscript/fileName/Benchmark01_UGUI.cs: 6148cfe2627b7708298f301788144139 -> 
  custom:scripting/monoscript/fileName/LaserControllerLeft.cs: 7e5ab3c36215566daf0a6b2d4ff82ca9 -> 
  custom:scripting/monoscript/fileName/LeftHandActivator.cs: ceb61ca6a6db9add1527617a23bb9ceb -> 
  custom:scripting/precompiled-assembly-types:Assembly-CSharp: a79c27842d10badd3ac1bbdcb0c47b8f -> 
  custom:scripting/monoscript/fileName/Benchmark03.cs: 17cc87e0529ac71d909a946afb47a274 -> 
========================================================================
Received Prepare
Caller must complete domain reload
Begin MonoManager ReloadAssembly
Thread 0x16f3c3000 may have been prematurely finalized
- Loaded All Assemblies, in  0.253 seconds
Native extension for Android target not found
Native extension for OSXStandalone target not found
[Package Manager] Server::EnsureServerProcessIsRunning -- launch failed, reason: Unity was launched with the -noUpm command-line argument
[Package Manager] UpmClient::Send -- Unable to send message (not connected to UPM process).
[Package Manager] Cannot connect to Unity Package Manager local server
[Package Manager] Server::EnsureServerProcessIsRunning -- launch failed, reason: Unity was launched with the -noUpm command-line argument
[Package Manager] UpmClient::Send -- Unable to send message (not connected to UPM process).
[Package Manager] Cannot connect to Unity Package Manager local server
Mono: successfully reloaded assembly
[Package Manager] Server::EnsureServerProcessIsRunning -- launch failed, reason: Unity was launched with the -noUpm command-line argument
[Package Manager] UpmClient::Send -- Unable to send message (not connected to UPM process).
[Package Manager] Cannot connect to Unity Package Manager local server
- Finished resetting the current domain, in  0.980 seconds
Domain Reload Profiling: 1232ms
	BeginReloadAssembly (70ms)
		ExecutionOrderSort (0ms)
		DisableScriptedObjects (2ms)
		BackupInstance (0ms)
		ReleaseScriptingObjects (0ms)
		CreateAndSetChildDomain (17ms)
	RebuildCommonClasses (17ms)
	RebuildNativeTypeToScriptingClass (7ms)
	initialDomainReloadingComplete (11ms)
	LoadAllAssembliesAndSetupDomain (148ms)
		LoadAssemblies (149ms)
		RebuildTransferFunctionScriptingTraits (0ms)
		AnalyzeDomain (28ms)
			TypeCache.Refresh (8ms)
				TypeCache.ScanAssembly (1ms)
			ScanForSourceGeneratedMonoScriptInfo (13ms)
			ResolveRequiredComponents (6ms)
	FinalizeReload (980ms)
		ReleaseScriptCaches (0ms)
		RebuildScriptCaches (0ms)
		SetupLoadedEditorAssemblies (311ms)
			LogAssemblyErrors (0ms)
			InitializePlatformSupportModulesInManaged (6ms)
			SetLoadedEditorAssemblies (2ms)
			RefreshPlugins (0ms)
			BeforeProcessingInitializeOnLoad (35ms)
			ProcessInitializeOnLoadAttributes (245ms)
			ProcessInitializeOnLoadMethodAttributes (23ms)
			AfterProcessingInitializeOnLoad (1ms)
			EditorAssembliesLoaded (0ms)
		ExecutionOrderSort2 (0ms)
		AwakeInstancesAfterBackupRestoration (2ms)
WARNING: Shader Unsupported: 'URP/UI/Prerendered Opaque' - All subshaders removed
WARNING: Shader Did you use #pragma only_renderers and omit this platform?
WARNING: Shader If subshaders removal was intentional, you may have forgotten turning Fallback off?
WARNING: Shader Unsupported: 'URP/UI/Prerendered Opaque' - All subshaders removed
WARNING: Shader Did you use #pragma only_renderers and omit this platform?
WARNING: Shader If subshaders removal was intentional, you may have forgotten turning Fallback off?
WARNING: Shader Unsupported: 'EnvironmentDepth/URP/OcclusionUnlit' - All subshaders removed
WARNING: Shader Did you use #pragma only_renderers and omit this platform?
WARNING: Shader If subshaders removal was intentional, you may have forgotten turning Fallback off?
WARNING: Shader Unsupported: 'EnvironmentDepth/URP/OcclusionUnlit' - All subshaders removed
WARNING: Shader Did you use #pragma only_renderers and omit this platform?
WARNING: Shader If subshaders removal was intentional, you may have forgotten turning Fallback off?
WARNING: Shader Unsupported: 'URP/UI/Prerendered' - All subshaders removed
WARNING: Shader Did you use #pragma only_renderers and omit this platform?
WARNING: Shader If subshaders removal was intentional, you may have forgotten turning Fallback off?
WARNING: Shader Unsupported: 'URP/UI/Prerendered' - All subshaders removed
WARNING: Shader Did you use #pragma only_renderers and omit this platform?
WARNING: Shader If subshaders removal was intentional, you may have forgotten turning Fallback off?
Shader 'Oculus/OVRMRCameraFrameLit': fallback shader 'Alpha-Diffuse' not found
Refreshing native plugins compatible for Editor in 3.67 ms, found 11 plugins.
Preloading 0 native plugins for Editor in 0.00 ms.
Unloading 5843 Unused Serialized files (Serialized files now loaded: 0)
Unloading 85 unused Assets / (422.5 KB). Loaded Objects now: 6431.
Memory consumption went from 245.3 MB to 244.9 MB.
Total: 4.777125 ms (FindLiveObjects: 0.189667 ms CreateObjectMapping: 0.060917 ms MarkObjects: 4.335250 ms  DeleteObjects: 0.190875 ms)

Prepare: number of updated asset objects reloaded= 0
AssetImportParameters requested are different than current active one (requested -> active):
  custom:scripting/monoscript/fileName/SkewTextExample.cs: c142d02d70a129e0533975f7c2f96956 -> 
  custom:container-demuxer-ogg: 62fdf1f143b41e24485cea50d1cbac27 -> 
  custom:scripting/monoscript/fileName/AstroMath.cs: 1932568a5daca2d25b8b5c7242983aec -> 
  custom:scripting/monoscript/fileName/TMP_TextEventHandler.cs: f5cd9d5a43bfefc8f4fec80e6de896a4 -> 
  custom:scripting/monoscript/fileName/TextMeshProFloatingText.cs: 92608fa4a6315cd0786d82205e77b697 -> 
  custom:scripting/monoscript/fileName/VertexZoom.cs: 650ab1e81d40126e3edcf737cce646e4 -> 
  custom:scripting/monoscript/fileName/VertexShakeA.cs: 63ec564c588058369499638dd899e05b -> 
  custom:scripting/monoscript/fileName/TMP_ExampleScript_01.cs: a9d4be556104ff54e7d240529b3e01dc -> 
  custom:video-decoder-ogg-theora: a1e56fd34408186e4bbccfd4996cb3dc -> 
  custom:scripting/monoscript/fileName/TMP_TextEventCheck.cs: 13505d917eab5868c435e0c2986dadfa -> 
  custom:scripting/monoscript/fileName/TMP_TextSelector_B.cs: ba2be21a7486d37b1011342977a2e49d -> 
  custom:scripting/monoscript/fileName/Benchmark01.cs: 2d3e2cd961730ab95f139a49a673bace -> 
  custom:scripting/monoscript/fileName/Benchmark02.cs: 5640963252ce70910e726415f869ced6 -> 
  custom:scripting/monoscript/fileName/PlanetariumManager.cs: 22b040d69c7e89a9f75db3e2f35d583d -> 
  custom:scripting/monoscript/fileName/DropdownSample.cs: 0a92251794e5f10400149f96c3c59e5d -> 
  custom:scripting/monoscript/fileName/WarpTextExample.cs: 2663459c266363641981c7d17b698d7f -> 
  custom:CustomObjectIndexerAttribute: 9a22284fe3817be447336de3de66b15e -> 
  custom:container-demuxer-webm: 4f35f7cbe854078d1ac9338744f61a02 -> 
  custom:scripting/monoscript/fileName/StarData.cs: 8c3ecaae97776e3a509e6c92c6d1978c -> 
  custom:scripting/monoscript/fileName/ChatController.cs: 876d5ccae6e345dd5d9450eb0a748f16 -> 
  custom:scripting/monoscript/fileName/TextMeshSpawner.cs: 76f28e2ddb031571e6ec62b018f65fa8 -> 
  custom:scripting/monoscript/fileName/TeleType.cs: 31fa97821c4c70f157ec81d507aa6b62 -> 
  custom:scripting/monoscript/fileName/Benchmark04.cs: 32220b148620e52aa81c13a114862bf4 -> 
  custom:scripting/monoscript/fileName/LookAtCamera.cs: c89e844d610ff572aa3b28387fdf619c -> 
  custom:container-muxer-webm: aa71ff27fc2769a1b78a27578f13a17b -> 
  custom:video-decoder-webm-vp8: 9c59270c3fd7afecdb556c50c9e8de78 -> 
  custom:scripting/monoscript/fileName/TMP_PhoneNumberValidator.cs: 7c3049f481e464c6a9a15dee56c3126f -> 
  custom:SearchIndexIgnoredProperties: e643bd26f0fe6173181afceb89e7c659 -> 
  custom:AudioImporter_EditorPlatform: 3918e3fc78b5a79bad01e8451be0beb8 -> 
  custom:scripting/monoscript/fileName/EnvMapAnimator.cs: 1b4f61c17e4b7283c3ac351aacff9d26 -> 
  custom:scripting/monoscript/fileName/ShaderPropAnimator.cs: 55ce425812446482e623ff2695c94cb2 -> 
  custom:scripting/monoscript/fileName/SimpleScript.cs: 454caab0c6c050f29b39d82e1d66d0fa -> 
  custom:scripting/monoscript/fileName/AstroLaser.cs: 26653888dbc089cf903671d0935f9d0c -> 
  custom:scripting/monoscript/fileName/ObjectSpin.cs: 2b96bb2079dd7fa5108d981627a28e1e -> 
  custom:scripting/monoscript/fileName/CameraController.cs: 34b6be4e23ce86dc89786916c5983296 -> 
  custom:scripting/monoscript/fileName/TMP_TextInfoDebugTool.cs: 3f1709cfb2cc628169113a35b5e9be3f -> 
  custom:framework-osx-AVFoundation: e770b220cccbd017edd2c1fefb359320 -> 
  custom:scripting/monoscript/fileName/TMP_TextSelector_A.cs: 347309a09d56e367b188a6978f75b424 -> 
  custom:video-encoder-webm-vp8: eb34c28f22e8b96e1ab97ce403110664 -> 
  custom:audio-decoder-ogg-vorbis: bf7c407c2cedff20999df2af8eb42d56 -> 
  custom:scripting/monoscript/fileName/VertexJitter.cs: d27eb5498e48714a66aece98da065133 -> 
  custom:scripting/monoscript/fileName/TextConsoleSimulator.cs: 33fc311abb20b5b0ed8f00e4d86b574e -> 
  custom:scripting/monoscript/fileName/VertexColorCycler.cs: 5f984ca91cf3609293aecc6bc5641572 -> 
  custom:scripting/monoscript/fileName/TMP_FrameRateCounter.cs: 46f655df8cb483ac5958307137b1585a -> 
  custom:scripting/monoscript/fileName/VertexShakeB.cs: a6f78c4fcda1a29a1a1c1baefedba9e7 -> 
  custom:scripting/monoscript/fileName/TMP_UiFrameRateCounter.cs: b01021aea19247f14a98ab338907956a -> 
  custom:scripting/monoscript/fileName/StarTwinkle.cs: ac618481f721577fd89cf2d7fed70354 -> 
  custom:scripting/monoscript/fileName/TMPro_InstructionOverlay.cs: b626d2270e6ebd5c4311585c18b58d8d -> 
  custom:scripting/monoscript/fileName/TMP_DigitValidator.cs: ac02af96215ae3951a3cce9e1a8c6085 -> 
  custom:audio-encoder-webm-vorbis: bf7c407c2cedff20999df2af8eb42d56 -> 
  custom:scripting/monoscript/fileName/Benchmark01_UGUI.cs: 6148cfe2627b7708298f301788144139 -> 
  custom:scripting/monoscript/fileName/LaserControllerLeft.cs: 7e5ab3c36215566daf0a6b2d4ff82ca9 -> 
  custom:scripting/monoscript/fileName/LeftHandActivator.cs: ceb61ca6a6db9add1527617a23bb9ceb -> 
  custom:scripting/precompiled-assembly-types:Assembly-CSharp: a79c27842d10badd3ac1bbdcb0c47b8f -> 
  custom:scripting/monoscript/fileName/Benchmark03.cs: 17cc87e0529ac71d909a946afb47a274 -> 
========================================================================
Received Prepare
WARNING: Shader Unsupported: 'URP/UI/Prerendered Opaque' - All subshaders removed
WARNING: Shader Did you use #pragma only_renderers and omit this platform?
WARNING: Shader If subshaders removal was intentional, you may have forgotten turning Fallback off?
WARNING: Shader Unsupported: 'URP/UI/Prerendered Opaque' - All subshaders removed
WARNING: Shader Did you use #pragma only_renderers and omit this platform?
WARNING: Shader If subshaders removal was intentional, you may have forgotten turning Fallback off?
WARNING: Shader Unsupported: 'EnvironmentDepth/URP/OcclusionUnlit' - All subshaders removed
WARNING: Shader Did you use #pragma only_renderers and omit this platform?
WARNING: Shader If subshaders removal was intentional, you may have forgotten turning Fallback off?
WARNING: Shader Unsupported: 'EnvironmentDepth/URP/OcclusionUnlit' - All subshaders removed
WARNING: Shader Did you use #pragma only_renderers and omit this platform?
WARNING: Shader If subshaders removal was intentional, you may have forgotten turning Fallback off?
WARNING: Shader Unsupported: 'URP/UI/Prerendered' - All subshaders removed
WARNING: Shader Did you use #pragma only_renderers and omit this platform?
WARNING: Shader If subshaders removal was intentional, you may have forgotten turning Fallback off?
WARNING: Shader Unsupported: 'URP/UI/Prerendered' - All subshaders removed
WARNING: Shader Did you use #pragma only_renderers and omit this platform?
WARNING: Shader If subshaders removal was intentional, you may have forgotten turning Fallback off?
Shader 'Oculus/OVRMRCameraFrameLit': fallback shader 'Alpha-Diffuse' not found
Refreshing native plugins compatible for Editor in 4.27 ms, found 11 plugins.
Preloading 0 native plugins for Editor in 0.00 ms.
Unloading 6 Unused Serialized files (Serialized files now loaded: 0)
Unloading 6 unused Assets / (365.7 KB). Loaded Objects now: 6431.
Memory consumption went from 153.7 MB to 153.4 MB.
Total: 4.935167 ms (FindLiveObjects: 0.184417 ms CreateObjectMapping: 0.056416 ms MarkObjects: 4.516750 ms  DeleteObjects: 0.177000 ms)

Prepare: number of updated asset objects reloaded= 0
AssetImportParameters requested are different than current active one (requested -> active):
  custom:scripting/monoscript/fileName/SkewTextExample.cs: c142d02d70a129e0533975f7c2f96956 -> 
  custom:container-demuxer-ogg: 62fdf1f143b41e24485cea50d1cbac27 -> 
  custom:scripting/monoscript/fileName/AstroMath.cs: 1932568a5daca2d25b8b5c7242983aec -> 
  custom:scripting/monoscript/fileName/TMP_TextEventHandler.cs: f5cd9d5a43bfefc8f4fec80e6de896a4 -> 
  custom:scripting/monoscript/fileName/TextMeshProFloatingText.cs: 92608fa4a6315cd0786d82205e77b697 -> 
  custom:scripting/monoscript/fileName/VertexZoom.cs: 650ab1e81d40126e3edcf737cce646e4 -> 
  custom:scripting/monoscript/fileName/VertexShakeA.cs: 63ec564c588058369499638dd899e05b -> 
  custom:scripting/monoscript/fileName/TMP_ExampleScript_01.cs: a9d4be556104ff54e7d240529b3e01dc -> 
  custom:video-decoder-ogg-theora: a1e56fd34408186e4bbccfd4996cb3dc -> 
  custom:scripting/monoscript/fileName/TMP_TextEventCheck.cs: 13505d917eab5868c435e0c2986dadfa -> 
  custom:scripting/monoscript/fileName/TMP_TextSelector_B.cs: ba2be21a7486d37b1011342977a2e49d -> 
  custom:scripting/monoscript/fileName/Benchmark01.cs: 2d3e2cd961730ab95f139a49a673bace -> 
  custom:scripting/monoscript/fileName/Benchmark02.cs: 5640963252ce70910e726415f869ced6 -> 
  custom:scripting/monoscript/fileName/PlanetariumManager.cs: 22b040d69c7e89a9f75db3e2f35d583d -> 
  custom:scripting/monoscript/fileName/DropdownSample.cs: 0a92251794e5f10400149f96c3c59e5d -> 
  custom:scripting/monoscript/fileName/WarpTextExample.cs: 2663459c266363641981c7d17b698d7f -> 
  custom:CustomObjectIndexerAttribute: 9a22284fe3817be447336de3de66b15e -> 
  custom:container-demuxer-webm: 4f35f7cbe854078d1ac9338744f61a02 -> 
  custom:scripting/monoscript/fileName/StarData.cs: 8c3ecaae97776e3a509e6c92c6d1978c -> 
  custom:scripting/monoscript/fileName/ChatController.cs: 876d5ccae6e345dd5d9450eb0a748f16 -> 
  custom:scripting/monoscript/fileName/TextMeshSpawner.cs: 76f28e2ddb031571e6ec62b018f65fa8 -> 
  custom:scripting/monoscript/fileName/TeleType.cs: 31fa97821c4c70f157ec81d507aa6b62 -> 
  custom:scripting/monoscript/fileName/Benchmark04.cs: 32220b148620e52aa81c13a114862bf4 -> 
  custom:scripting/monoscript/fileName/LookAtCamera.cs: c89e844d610ff572aa3b28387fdf619c -> 
  custom:container-muxer-webm: aa71ff27fc2769a1b78a27578f13a17b -> 
  custom:video-decoder-webm-vp8: 9c59270c3fd7afecdb556c50c9e8de78 -> 
  custom:scripting/monoscript/fileName/TMP_PhoneNumberValidator.cs: 7c3049f481e464c6a9a15dee56c3126f -> 
  custom:SearchIndexIgnoredProperties: e643bd26f0fe6173181afceb89e7c659 -> 
  custom:AudioImporter_EditorPlatform: 3918e3fc78b5a79bad01e8451be0beb8 -> 
  custom:scripting/monoscript/fileName/EnvMapAnimator.cs: 1b4f61c17e4b7283c3ac351aacff9d26 -> 
  custom:scripting/monoscript/fileName/ShaderPropAnimator.cs: 55ce425812446482e623ff2695c94cb2 -> 
  custom:scripting/monoscript/fileName/SimpleScript.cs: 454caab0c6c050f29b39d82e1d66d0fa -> 
  custom:scripting/monoscript/fileName/AstroLaser.cs: 26653888dbc089cf903671d0935f9d0c -> 
  custom:scripting/monoscript/fileName/ObjectSpin.cs: 2b96bb2079dd7fa5108d981627a28e1e -> 
  custom:scripting/monoscript/fileName/CameraController.cs: 34b6be4e23ce86dc89786916c5983296 -> 
  custom:scripting/monoscript/fileName/TMP_TextInfoDebugTool.cs: 3f1709cfb2cc628169113a35b5e9be3f -> 
  custom:framework-osx-AVFoundation: e770b220cccbd017edd2c1fefb359320 -> 
  custom:scripting/monoscript/fileName/TMP_TextSelector_A.cs: 347309a09d56e367b188a6978f75b424 -> 
  custom:video-encoder-webm-vp8: eb34c28f22e8b96e1ab97ce403110664 -> 
  custom:audio-decoder-ogg-vorbis: bf7c407c2cedff20999df2af8eb42d56 -> 
  custom:scripting/monoscript/fileName/VertexJitter.cs: d27eb5498e48714a66aece98da065133 -> 
  custom:scripting/monoscript/fileName/TextConsoleSimulator.cs: 33fc311abb20b5b0ed8f00e4d86b574e -> 
  custom:scripting/monoscript/fileName/VertexColorCycler.cs: 5f984ca91cf3609293aecc6bc5641572 -> 
  custom:scripting/monoscript/fileName/TMP_FrameRateCounter.cs: 46f655df8cb483ac5958307137b1585a -> 
  custom:scripting/monoscript/fileName/VertexShakeB.cs: a6f78c4fcda1a29a1a1c1baefedba9e7 -> 
  custom:scripting/monoscript/fileName/TMP_UiFrameRateCounter.cs: b01021aea19247f14a98ab338907956a -> 
  custom:scripting/monoscript/fileName/StarTwinkle.cs: ac618481f721577fd89cf2d7fed70354 -> 
  custom:scripting/monoscript/fileName/TMPro_InstructionOverlay.cs: b626d2270e6ebd5c4311585c18b58d8d -> 
  custom:scripting/monoscript/fileName/TMP_DigitValidator.cs: ac02af96215ae3951a3cce9e1a8c6085 -> 
  custom:audio-encoder-webm-vorbis: bf7c407c2cedff20999df2af8eb42d56 -> 
  custom:scripting/monoscript/fileName/Benchmark01_UGUI.cs: 6148cfe2627b7708298f301788144139 -> 
  custom:scripting/monoscript/fileName/LaserControllerLeft.cs: 7e5ab3c36215566daf0a6b2d4ff82ca9 -> 
  custom:scripting/monoscript/fileName/LeftHandActivator.cs: ceb61ca6a6db9add1527617a23bb9ceb -> 
  custom:scripting/precompiled-assembly-types:Assembly-CSharp: a79c27842d10badd3ac1bbdcb0c47b8f -> 
  custom:scripting/monoscript/fileName/Benchmark03.cs: 17cc87e0529ac71d909a946afb47a274 -> 
========================================================================
Received Prepare
Caller must complete domain reload
Begin MonoManager ReloadAssembly
Thread 0x16f3c3000 may have been prematurely finalized
- Loaded All Assemblies, in  0.251 seconds
Native extension for Android target not found
Native extension for OSXStandalone target not found
[Package Manager] Server::EnsureServerProcessIsRunning -- launch failed, reason: Unity was launched with the -noUpm command-line argument
[Package Manager] UpmClient::Send -- Unable to send message (not connected to UPM process).
[Package Manager] Cannot connect to Unity Package Manager local server
[Package Manager] Server::EnsureServerProcessIsRunning -- launch failed, reason: Unity was launched with the -noUpm command-line argument
[Package Manager] UpmClient::Send -- Unable to send message (not connected to UPM process).
[Package Manager] Cannot connect to Unity Package Manager local server
Mono: successfully reloaded assembly
[Package Manager] Server::EnsureServerProcessIsRunning -- launch failed, reason: Unity was launched with the -noUpm command-line argument
[Package Manager] UpmClient::Send -- Unable to send message (not connected to UPM process).
[Package Manager] Cannot connect to Unity Package Manager local server
- Finished resetting the current domain, in  0.937 seconds
Domain Reload Profiling: 1189ms
	BeginReloadAssembly (72ms)
		ExecutionOrderSort (0ms)
		DisableScriptedObjects (2ms)
		BackupInstance (0ms)
		ReleaseScriptingObjects (0ms)
		CreateAndSetChildDomain (17ms)
	RebuildCommonClasses (17ms)
	RebuildNativeTypeToScriptingClass (7ms)
	initialDomainReloadingComplete (9ms)
	LoadAllAssembliesAndSetupDomain (147ms)
		LoadAssemblies (151ms)
		RebuildTransferFunctionScriptingTraits (0ms)
		AnalyzeDomain (26ms)
			TypeCache.Refresh (8ms)
				TypeCache.ScanAssembly (0ms)
			ScanForSourceGeneratedMonoScriptInfo (12ms)
			ResolveRequiredComponents (6ms)
	FinalizeReload (938ms)
		ReleaseScriptCaches (0ms)
		RebuildScriptCaches (0ms)
		SetupLoadedEditorAssemblies (295ms)
			LogAssemblyErrors (0ms)
			InitializePlatformSupportModulesInManaged (6ms)
			SetLoadedEditorAssemblies (2ms)
			RefreshPlugins (0ms)
			BeforeProcessingInitializeOnLoad (35ms)
			ProcessInitializeOnLoadAttributes (230ms)
			ProcessInitializeOnLoadMethodAttributes (21ms)
			AfterProcessingInitializeOnLoad (0ms)
			EditorAssembliesLoaded (0ms)
		ExecutionOrderSort2 (0ms)
		AwakeInstancesAfterBackupRestoration (2ms)
WARNING: Shader Unsupported: 'URP/UI/Prerendered Opaque' - All subshaders removed
WARNING: Shader Did you use #pragma only_renderers and omit this platform?
WARNING: Shader If subshaders removal was intentional, you may have forgotten turning Fallback off?
WARNING: Shader Unsupported: 'URP/UI/Prerendered Opaque' - All subshaders removed
WARNING: Shader Did you use #pragma only_renderers and omit this platform?
WARNING: Shader If subshaders removal was intentional, you may have forgotten turning Fallback off?
WARNING: Shader Unsupported: 'EnvironmentDepth/URP/OcclusionUnlit' - All subshaders removed
WARNING: Shader Did you use #pragma only_renderers and omit this platform?
WARNING: Shader If subshaders removal was intentional, you may have forgotten turning Fallback off?
WARNING: Shader Unsupported: 'EnvironmentDepth/URP/OcclusionUnlit' - All subshaders removed
WARNING: Shader Did you use #pragma only_renderers and omit this platform?
WARNING: Shader If subshaders removal was intentional, you may have forgotten turning Fallback off?
WARNING: Shader Unsupported: 'URP/UI/Prerendered' - All subshaders removed
WARNING: Shader Did you use #pragma only_renderers and omit this platform?
WARNING: Shader If subshaders removal was intentional, you may have forgotten turning Fallback off?
WARNING: Shader Unsupported: 'URP/UI/Prerendered' - All subshaders removed
WARNING: Shader Did you use #pragma only_renderers and omit this platform?
WARNING: Shader If subshaders removal was intentional, you may have forgotten turning Fallback off?
Shader 'Oculus/OVRMRCameraFrameLit': fallback shader 'Alpha-Diffuse' not found
Refreshing native plugins compatible for Editor in 3.54 ms, found 11 plugins.
Preloading 0 native plugins for Editor in 0.00 ms.
Unloading 5843 Unused Serialized files (Serialized files now loaded: 0)
Unloading 85 unused Assets / (422.6 KB). Loaded Objects now: 6440.
Memory consumption went from 251.7 MB to 251.3 MB.
Total: 4.614333 ms (FindLiveObjects: 0.178041 ms CreateObjectMapping: 0.072459 ms MarkObjects: 4.151750 ms  DeleteObjects: 0.211458 ms)

Prepare: number of updated asset objects reloaded= 0
AssetImportParameters requested are different than current active one (requested -> active):
  custom:scripting/monoscript/fileName/SkewTextExample.cs: c142d02d70a129e0533975f7c2f96956 -> 
  custom:container-demuxer-ogg: 62fdf1f143b41e24485cea50d1cbac27 -> 
  custom:scripting/monoscript/fileName/AstroMath.cs: 1932568a5daca2d25b8b5c7242983aec -> 
  custom:scripting/monoscript/fileName/TMP_TextEventHandler.cs: f5cd9d5a43bfefc8f4fec80e6de896a4 -> 
  custom:scripting/monoscript/fileName/TextMeshProFloatingText.cs: 92608fa4a6315cd0786d82205e77b697 -> 
  custom:scripting/monoscript/fileName/VertexZoom.cs: 650ab1e81d40126e3edcf737cce646e4 -> 
  custom:scripting/monoscript/fileName/VertexShakeA.cs: 63ec564c588058369499638dd899e05b -> 
  custom:scripting/monoscript/fileName/TMP_ExampleScript_01.cs: a9d4be556104ff54e7d240529b3e01dc -> 
  custom:video-decoder-ogg-theora: a1e56fd34408186e4bbccfd4996cb3dc -> 
  custom:scripting/monoscript/fileName/TMP_TextEventCheck.cs: 13505d917eab5868c435e0c2986dadfa -> 
  custom:scripting/monoscript/fileName/TMP_TextSelector_B.cs: ba2be21a7486d37b1011342977a2e49d -> 
  custom:scripting/monoscript/fileName/Benchmark01.cs: 2d3e2cd961730ab95f139a49a673bace -> 
  custom:scripting/monoscript/fileName/Benchmark02.cs: 5640963252ce70910e726415f869ced6 -> 
  custom:scripting/monoscript/fileName/PlanetariumManager.cs: 22b040d69c7e89a9f75db3e2f35d583d -> 
  custom:scripting/monoscript/fileName/DropdownSample.cs: 0a92251794e5f10400149f96c3c59e5d -> 
  custom:scripting/monoscript/fileName/WarpTextExample.cs: 2663459c266363641981c7d17b698d7f -> 
  custom:CustomObjectIndexerAttribute: 9a22284fe3817be447336de3de66b15e -> 
  custom:container-demuxer-webm: 4f35f7cbe854078d1ac9338744f61a02 -> 
  custom:scripting/monoscript/fileName/StarData.cs: 8c3ecaae97776e3a509e6c92c6d1978c -> 
  custom:scripting/monoscript/fileName/ChatController.cs: 876d5ccae6e345dd5d9450eb0a748f16 -> 
  custom:scripting/monoscript/fileName/TextMeshSpawner.cs: 76f28e2ddb031571e6ec62b018f65fa8 -> 
  custom:scripting/monoscript/fileName/TeleType.cs: 31fa97821c4c70f157ec81d507aa6b62 -> 
  custom:scripting/monoscript/fileName/Benchmark04.cs: 32220b148620e52aa81c13a114862bf4 -> 
  custom:scripting/monoscript/fileName/LookAtCamera.cs: c89e844d610ff572aa3b28387fdf619c -> 
  custom:container-muxer-webm: aa71ff27fc2769a1b78a27578f13a17b -> 
  custom:video-decoder-webm-vp8: 9c59270c3fd7afecdb556c50c9e8de78 -> 
  custom:scripting/monoscript/fileName/TMP_PhoneNumberValidator.cs: 7c3049f481e464c6a9a15dee56c3126f -> 
  custom:SearchIndexIgnoredProperties: e643bd26f0fe6173181afceb89e7c659 -> 
  custom:AudioImporter_EditorPlatform: 3918e3fc78b5a79bad01e8451be0beb8 -> 
  custom:scripting/monoscript/fileName/EnvMapAnimator.cs: 1b4f61c17e4b7283c3ac351aacff9d26 -> 
  custom:scripting/monoscript/fileName/ShaderPropAnimator.cs: 55ce425812446482e623ff2695c94cb2 -> 
  custom:scripting/monoscript/fileName/SimpleScript.cs: 454caab0c6c050f29b39d82e1d66d0fa -> 
  custom:scripting/monoscript/fileName/AstroLaser.cs: 26653888dbc089cf903671d0935f9d0c -> 
  custom:scripting/monoscript/fileName/ObjectSpin.cs: 2b96bb2079dd7fa5108d981627a28e1e -> 
  custom:scripting/monoscript/fileName/CameraController.cs: 34b6be4e23ce86dc89786916c5983296 -> 
  custom:scripting/monoscript/fileName/TMP_TextInfoDebugTool.cs: 3f1709cfb2cc628169113a35b5e9be3f -> 
  custom:framework-osx-AVFoundation: e770b220cccbd017edd2c1fefb359320 -> 
  custom:scripting/monoscript/fileName/TMP_TextSelector_A.cs: 347309a09d56e367b188a6978f75b424 -> 
  custom:video-encoder-webm-vp8: eb34c28f22e8b96e1ab97ce403110664 -> 
  custom:audio-decoder-ogg-vorbis: bf7c407c2cedff20999df2af8eb42d56 -> 
  custom:scripting/monoscript/fileName/VertexJitter.cs: d27eb5498e48714a66aece98da065133 -> 
  custom:scripting/monoscript/fileName/TextConsoleSimulator.cs: 33fc311abb20b5b0ed8f00e4d86b574e -> 
  custom:scripting/monoscript/fileName/VertexColorCycler.cs: 5f984ca91cf3609293aecc6bc5641572 -> 
  custom:scripting/monoscript/fileName/TMP_FrameRateCounter.cs: 46f655df8cb483ac5958307137b1585a -> 
  custom:scripting/monoscript/fileName/VertexShakeB.cs: a6f78c4fcda1a29a1a1c1baefedba9e7 -> 
  custom:scripting/monoscript/fileName/TMP_UiFrameRateCounter.cs: b01021aea19247f14a98ab338907956a -> 
  custom:scripting/monoscript/fileName/StarTwinkle.cs: ac618481f721577fd89cf2d7fed70354 -> 
  custom:scripting/monoscript/fileName/TMPro_InstructionOverlay.cs: b626d2270e6ebd5c4311585c18b58d8d -> 
  custom:scripting/monoscript/fileName/TMP_DigitValidator.cs: ac02af96215ae3951a3cce9e1a8c6085 -> 
  custom:audio-encoder-webm-vorbis: bf7c407c2cedff20999df2af8eb42d56 -> 
  custom:scripting/monoscript/fileName/Benchmark01_UGUI.cs: 6148cfe2627b7708298f301788144139 -> 
  custom:scripting/monoscript/fileName/LaserControllerLeft.cs: 7e5ab3c36215566daf0a6b2d4ff82ca9 -> 
  custom:scripting/monoscript/fileName/LeftHandActivator.cs: ceb61ca6a6db9add1527617a23bb9ceb -> 
  custom:scripting/precompiled-assembly-types:Assembly-CSharp: a79c27842d10badd3ac1bbdcb0c47b8f -> 
  custom:scripting/monoscript/fileName/Benchmark03.cs: 17cc87e0529ac71d909a946afb47a274 -> 
========================================================================
Received Prepare
WARNING: Shader Unsupported: 'URP/UI/Prerendered Opaque' - All subshaders removed
WARNING: Shader Did you use #pragma only_renderers and omit this platform?
WARNING: Shader If subshaders removal was intentional, you may have forgotten turning Fallback off?
WARNING: Shader Unsupported: 'URP/UI/Prerendered Opaque' - All subshaders removed
WARNING: Shader Did you use #pragma only_renderers and omit this platform?
WARNING: Shader If subshaders removal was intentional, you may have forgotten turning Fallback off?
WARNING: Shader Unsupported: 'EnvironmentDepth/URP/OcclusionUnlit' - All subshaders removed
WARNING: Shader Did you use #pragma only_renderers and omit this platform?
WARNING: Shader If subshaders removal was intentional, you may have forgotten turning Fallback off?
WARNING: Shader Unsupported: 'EnvironmentDepth/URP/OcclusionUnlit' - All subshaders removed
WARNING: Shader Did you use #pragma only_renderers and omit this platform?
WARNING: Shader If subshaders removal was intentional, you may have forgotten turning Fallback off?
WARNING: Shader Unsupported: 'URP/UI/Prerendered' - All subshaders removed
WARNING: Shader Did you use #pragma only_renderers and omit this platform?
WARNING: Shader If subshaders removal was intentional, you may have forgotten turning Fallback off?
WARNING: Shader Unsupported: 'URP/UI/Prerendered' - All subshaders removed
WARNING: Shader Did you use #pragma only_renderers and omit this platform?
WARNING: Shader If subshaders removal was intentional, you may have forgotten turning Fallback off?
Shader 'Oculus/OVRMRCameraFrameLit': fallback shader 'Alpha-Diffuse' not found
Refreshing native plugins compatible for Editor in 4.24 ms, found 11 plugins.
Preloading 0 native plugins for Editor in 0.00 ms.
Unloading 6 Unused Serialized files (Serialized files now loaded: 0)
Unloading 6 unused Assets / (365.7 KB). Loaded Objects now: 6440.
Memory consumption went from 160.1 MB to 159.7 MB.
Total: 4.713166 ms (FindLiveObjects: 0.182625 ms CreateObjectMapping: 0.058833 ms MarkObjects: 4.317833 ms  DeleteObjects: 0.153625 ms)

Prepare: number of updated asset objects reloaded= 0
AssetImportParameters requested are different than current active one (requested -> active):
  custom:scripting/monoscript/fileName/SkewTextExample.cs: c142d02d70a129e0533975f7c2f96956 -> 
  custom:container-demuxer-ogg: 62fdf1f143b41e24485cea50d1cbac27 -> 
  custom:scripting/monoscript/fileName/AstroMath.cs: 1932568a5daca2d25b8b5c7242983aec -> 
  custom:scripting/monoscript/fileName/TMP_TextEventHandler.cs: f5cd9d5a43bfefc8f4fec80e6de896a4 -> 
  custom:scripting/monoscript/fileName/TextMeshProFloatingText.cs: 92608fa4a6315cd0786d82205e77b697 -> 
  custom:scripting/monoscript/fileName/VertexZoom.cs: 650ab1e81d40126e3edcf737cce646e4 -> 
  custom:scripting/monoscript/fileName/VertexShakeA.cs: 63ec564c588058369499638dd899e05b -> 
  custom:scripting/monoscript/fileName/TMP_ExampleScript_01.cs: a9d4be556104ff54e7d240529b3e01dc -> 
  custom:video-decoder-ogg-theora: a1e56fd34408186e4bbccfd4996cb3dc -> 
  custom:scripting/monoscript/fileName/TMP_TextEventCheck.cs: 13505d917eab5868c435e0c2986dadfa -> 
  custom:scripting/monoscript/fileName/TMP_TextSelector_B.cs: ba2be21a7486d37b1011342977a2e49d -> 
  custom:scripting/monoscript/fileName/Benchmark01.cs: 2d3e2cd961730ab95f139a49a673bace -> 
  custom:scripting/monoscript/fileName/Benchmark02.cs: 5640963252ce70910e726415f869ced6 -> 
  custom:scripting/monoscript/fileName/PlanetariumManager.cs: 22b040d69c7e89a9f75db3e2f35d583d -> 
  custom:scripting/monoscript/fileName/DropdownSample.cs: 0a92251794e5f10400149f96c3c59e5d -> 
  custom:scripting/monoscript/fileName/WarpTextExample.cs: 2663459c266363641981c7d17b698d7f -> 
  custom:CustomObjectIndexerAttribute: 9a22284fe3817be447336de3de66b15e -> 
  custom:container-demuxer-webm: 4f35f7cbe854078d1ac9338744f61a02 -> 
  custom:scripting/monoscript/fileName/StarData.cs: 8c3ecaae97776e3a509e6c92c6d1978c -> 
  custom:scripting/monoscript/fileName/ChatController.cs: 876d5ccae6e345dd5d9450eb0a748f16 -> 
  custom:scripting/monoscript/fileName/TextMeshSpawner.cs: 76f28e2ddb031571e6ec62b018f65fa8 -> 
  custom:scripting/monoscript/fileName/TeleType.cs: 31fa97821c4c70f157ec81d507aa6b62 -> 
  custom:scripting/monoscript/fileName/Benchmark04.cs: 32220b148620e52aa81c13a114862bf4 -> 
  custom:scripting/monoscript/fileName/LookAtCamera.cs: c89e844d610ff572aa3b28387fdf619c -> 
  custom:container-muxer-webm: aa71ff27fc2769a1b78a27578f13a17b -> 
  custom:video-decoder-webm-vp8: 9c59270c3fd7afecdb556c50c9e8de78 -> 
  custom:scripting/monoscript/fileName/TMP_PhoneNumberValidator.cs: 7c3049f481e464c6a9a15dee56c3126f -> 
  custom:SearchIndexIgnoredProperties: e643bd26f0fe6173181afceb89e7c659 -> 
  custom:AudioImporter_EditorPlatform: 3918e3fc78b5a79bad01e8451be0beb8 -> 
  custom:scripting/monoscript/fileName/EnvMapAnimator.cs: 1b4f61c17e4b7283c3ac351aacff9d26 -> 
  custom:scripting/monoscript/fileName/ShaderPropAnimator.cs: 55ce425812446482e623ff2695c94cb2 -> 
  custom:scripting/monoscript/fileName/SimpleScript.cs: 454caab0c6c050f29b39d82e1d66d0fa -> 
  custom:scripting/monoscript/fileName/AstroLaser.cs: 26653888dbc089cf903671d0935f9d0c -> 
  custom:scripting/monoscript/fileName/ObjectSpin.cs: 2b96bb2079dd7fa5108d981627a28e1e -> 
  custom:scripting/monoscript/fileName/CameraController.cs: 34b6be4e23ce86dc89786916c5983296 -> 
  custom:scripting/monoscript/fileName/TMP_TextInfoDebugTool.cs: 3f1709cfb2cc628169113a35b5e9be3f -> 
  custom:framework-osx-AVFoundation: e770b220cccbd017edd2c1fefb359320 -> 
  custom:scripting/monoscript/fileName/TMP_TextSelector_A.cs: 347309a09d56e367b188a6978f75b424 -> 
  custom:video-encoder-webm-vp8: eb34c28f22e8b96e1ab97ce403110664 -> 
  custom:audio-decoder-ogg-vorbis: bf7c407c2cedff20999df2af8eb42d56 -> 
  custom:scripting/monoscript/fileName/VertexJitter.cs: d27eb5498e48714a66aece98da065133 -> 
  custom:scripting/monoscript/fileName/TextConsoleSimulator.cs: 33fc311abb20b5b0ed8f00e4d86b574e -> 
  custom:scripting/monoscript/fileName/VertexColorCycler.cs: 5f984ca91cf3609293aecc6bc5641572 -> 
  custom:scripting/monoscript/fileName/TMP_FrameRateCounter.cs: 46f655df8cb483ac5958307137b1585a -> 
  custom:scripting/monoscript/fileName/VertexShakeB.cs: a6f78c4fcda1a29a1a1c1baefedba9e7 -> 
  custom:scripting/monoscript/fileName/TMP_UiFrameRateCounter.cs: b01021aea19247f14a98ab338907956a -> 
  custom:scripting/monoscript/fileName/StarTwinkle.cs: ac618481f721577fd89cf2d7fed70354 -> 
  custom:scripting/monoscript/fileName/TMPro_InstructionOverlay.cs: b626d2270e6ebd5c4311585c18b58d8d -> 
  custom:scripting/monoscript/fileName/TMP_DigitValidator.cs: ac02af96215ae3951a3cce9e1a8c6085 -> 
  custom:audio-encoder-webm-vorbis: bf7c407c2cedff20999df2af8eb42d56 -> 
  custom:scripting/monoscript/fileName/Benchmark01_UGUI.cs: 6148cfe2627b7708298f301788144139 -> 
  custom:scripting/monoscript/fileName/LaserControllerLeft.cs: 7e5ab3c36215566daf0a6b2d4ff82ca9 -> 
  custom:scripting/monoscript/fileName/LeftHandActivator.cs: ceb61ca6a6db9add1527617a23bb9ceb -> 
  custom:scripting/precompiled-assembly-types:Assembly-CSharp: a79c27842d10badd3ac1bbdcb0c47b8f -> 
  custom:scripting/monoscript/fileName/Benchmark03.cs: 17cc87e0529ac71d909a946afb47a274 -> 
========================================================================
Received Prepare
Caller must complete domain reload
Begin MonoManager ReloadAssembly
Thread 0x16f3c3000 may have been prematurely finalized
- Loaded All Assemblies, in  0.255 seconds
Native extension for Android target not found
Native extension for OSXStandalone target not found
[Package Manager] Server::EnsureServerProcessIsRunning -- launch failed, reason: Unity was launched with the -noUpm command-line argument
[Package Manager] UpmClient::Send -- Unable to send message (not connected to UPM process).
[Package Manager] Cannot connect to Unity Package Manager local server
[Package Manager] Server::EnsureServerProcessIsRunning -- launch failed, reason: Unity was launched with the -noUpm command-line argument
[Package Manager] UpmClient::Send -- Unable to send message (not connected to UPM process).
[Package Manager] Cannot connect to Unity Package Manager local server
Mono: successfully reloaded assembly
[Package Manager] Server::EnsureServerProcessIsRunning -- launch failed, reason: Unity was launched with the -noUpm command-line argument
[Package Manager] UpmClient::Send -- Unable to send message (not connected to UPM process).
[Package Manager] Cannot connect to Unity Package Manager local server
- Finished resetting the current domain, in  0.950 seconds
Domain Reload Profiling: 1205ms
	BeginReloadAssembly (68ms)
		ExecutionOrderSort (0ms)
		DisableScriptedObjects (2ms)
		BackupInstance (0ms)
		ReleaseScriptingObjects (0ms)
		CreateAndSetChildDomain (16ms)
	RebuildCommonClasses (17ms)
	RebuildNativeTypeToScriptingClass (7ms)
	initialDomainReloadingComplete (10ms)
	LoadAllAssembliesAndSetupDomain (153ms)
		LoadAssemblies (152ms)
		RebuildTransferFunctionScriptingTraits (0ms)
		AnalyzeDomain (30ms)
			TypeCache.Refresh (9ms)
				TypeCache.ScanAssembly (1ms)
			ScanForSourceGeneratedMonoScriptInfo (14ms)
			ResolveRequiredComponents (6ms)
	FinalizeReload (950ms)
		ReleaseScriptCaches (0ms)
		RebuildScriptCaches (0ms)
		SetupLoadedEditorAssemblies (298ms)
			LogAssemblyErrors (0ms)
			InitializePlatformSupportModulesInManaged (6ms)
			SetLoadedEditorAssemblies (2ms)
			RefreshPlugins (0ms)
			BeforeProcessingInitializeOnLoad (34ms)
			ProcessInitializeOnLoadAttributes (234ms)
			ProcessInitializeOnLoadMethodAttributes (21ms)
			AfterProcessingInitializeOnLoad (1ms)
			EditorAssembliesLoaded (0ms)
		ExecutionOrderSort2 (0ms)
		AwakeInstancesAfterBackupRestoration (2ms)
WARNING: Shader Unsupported: 'URP/UI/Prerendered Opaque' - All subshaders removed
WARNING: Shader Did you use #pragma only_renderers and omit this platform?
WARNING: Shader If subshaders removal was intentional, you may have forgotten turning Fallback off?
WARNING: Shader Unsupported: 'URP/UI/Prerendered Opaque' - All subshaders removed
WARNING: Shader Did you use #pragma only_renderers and omit this platform?
WARNING: Shader If subshaders removal was intentional, you may have forgotten turning Fallback off?
WARNING: Shader Unsupported: 'EnvironmentDepth/URP/OcclusionUnlit' - All subshaders removed
WARNING: Shader Did you use #pragma only_renderers and omit this platform?
WARNING: Shader If subshaders removal was intentional, you may have forgotten turning Fallback off?
WARNING: Shader Unsupported: 'EnvironmentDepth/URP/OcclusionUnlit' - All subshaders removed
WARNING: Shader Did you use #pragma only_renderers and omit this platform?
WARNING: Shader If subshaders removal was intentional, you may have forgotten turning Fallback off?
WARNING: Shader Unsupported: 'URP/UI/Prerendered' - All subshaders removed
WARNING: Shader Did you use #pragma only_renderers and omit this platform?
WARNING: Shader If subshaders removal was intentional, you may have forgotten turning Fallback off?
WARNING: Shader Unsupported: 'URP/UI/Prerendered' - All subshaders removed
WARNING: Shader Did you use #pragma only_renderers and omit this platform?
WARNING: Shader If subshaders removal was intentional, you may have forgotten turning Fallback off?
Shader 'Oculus/OVRMRCameraFrameLit': fallback shader 'Alpha-Diffuse' not found
Refreshing native plugins compatible for Editor in 3.85 ms, found 11 plugins.
Preloading 0 native plugins for Editor in 0.00 ms.
Unloading 5843 Unused Serialized files (Serialized files now loaded: 0)
Unloading 85 unused Assets / (422.6 KB). Loaded Objects now: 6449.
Memory consumption went from 258.0 MB to 257.6 MB.
Total: 4.496125 ms (FindLiveObjects: 0.180417 ms CreateObjectMapping: 0.059167 ms MarkObjects: 4.055334 ms  DeleteObjects: 0.200375 ms)

Prepare: number of updated asset objects reloaded= 0
AssetImportParameters requested are different than current active one (requested -> active):
  custom:scripting/monoscript/fileName/SkewTextExample.cs: c142d02d70a129e0533975f7c2f96956 -> 
  custom:container-demuxer-ogg: 62fdf1f143b41e24485cea50d1cbac27 -> 
  custom:scripting/monoscript/fileName/AstroMath.cs: 1932568a5daca2d25b8b5c7242983aec -> 
  custom:scripting/monoscript/fileName/TMP_TextEventHandler.cs: f5cd9d5a43bfefc8f4fec80e6de896a4 -> 
  custom:scripting/monoscript/fileName/TextMeshProFloatingText.cs: 92608fa4a6315cd0786d82205e77b697 -> 
  custom:scripting/monoscript/fileName/VertexZoom.cs: 650ab1e81d40126e3edcf737cce646e4 -> 
  custom:scripting/monoscript/fileName/VertexShakeA.cs: 63ec564c588058369499638dd899e05b -> 
  custom:scripting/monoscript/fileName/TMP_ExampleScript_01.cs: a9d4be556104ff54e7d240529b3e01dc -> 
  custom:video-decoder-ogg-theora: a1e56fd34408186e4bbccfd4996cb3dc -> 
  custom:scripting/monoscript/fileName/TMP_TextEventCheck.cs: 13505d917eab5868c435e0c2986dadfa -> 
  custom:scripting/monoscript/fileName/TMP_TextSelector_B.cs: ba2be21a7486d37b1011342977a2e49d -> 
  custom:scripting/monoscript/fileName/Benchmark01.cs: 2d3e2cd961730ab95f139a49a673bace -> 
  custom:scripting/monoscript/fileName/Benchmark02.cs: 5640963252ce70910e726415f869ced6 -> 
  custom:scripting/monoscript/fileName/PlanetariumManager.cs: 22b040d69c7e89a9f75db3e2f35d583d -> 
  custom:scripting/monoscript/fileName/DropdownSample.cs: 0a92251794e5f10400149f96c3c59e5d -> 
  custom:scripting/monoscript/fileName/WarpTextExample.cs: 2663459c266363641981c7d17b698d7f -> 
  custom:CustomObjectIndexerAttribute: 9a22284fe3817be447336de3de66b15e -> 
  custom:container-demuxer-webm: 4f35f7cbe854078d1ac9338744f61a02 -> 
  custom:scripting/monoscript/fileName/StarData.cs: 8c3ecaae97776e3a509e6c92c6d1978c -> 
  custom:scripting/monoscript/fileName/ChatController.cs: 876d5ccae6e345dd5d9450eb0a748f16 -> 
  custom:scripting/monoscript/fileName/TextMeshSpawner.cs: 76f28e2ddb031571e6ec62b018f65fa8 -> 
  custom:scripting/monoscript/fileName/TeleType.cs: 31fa97821c4c70f157ec81d507aa6b62 -> 
  custom:scripting/monoscript/fileName/Benchmark04.cs: 32220b148620e52aa81c13a114862bf4 -> 
  custom:scripting/monoscript/fileName/LookAtCamera.cs: c89e844d610ff572aa3b28387fdf619c -> 
  custom:container-muxer-webm: aa71ff27fc2769a1b78a27578f13a17b -> 
  custom:video-decoder-webm-vp8: 9c59270c3fd7afecdb556c50c9e8de78 -> 
  custom:scripting/monoscript/fileName/TMP_PhoneNumberValidator.cs: 7c3049f481e464c6a9a15dee56c3126f -> 
  custom:SearchIndexIgnoredProperties: e643bd26f0fe6173181afceb89e7c659 -> 
  custom:AudioImporter_EditorPlatform: 3918e3fc78b5a79bad01e8451be0beb8 -> 
  custom:scripting/monoscript/fileName/EnvMapAnimator.cs: 1b4f61c17e4b7283c3ac351aacff9d26 -> 
  custom:scripting/monoscript/fileName/ShaderPropAnimator.cs: 55ce425812446482e623ff2695c94cb2 -> 
  custom:scripting/monoscript/fileName/SimpleScript.cs: 454caab0c6c050f29b39d82e1d66d0fa -> 
  custom:scripting/monoscript/fileName/AstroLaser.cs: 26653888dbc089cf903671d0935f9d0c -> 
  custom:scripting/monoscript/fileName/ObjectSpin.cs: 2b96bb2079dd7fa5108d981627a28e1e -> 
  custom:scripting/monoscript/fileName/CameraController.cs: 34b6be4e23ce86dc89786916c5983296 -> 
  custom:scripting/monoscript/fileName/TMP_TextInfoDebugTool.cs: 3f1709cfb2cc628169113a35b5e9be3f -> 
  custom:framework-osx-AVFoundation: e770b220cccbd017edd2c1fefb359320 -> 
  custom:scripting/monoscript/fileName/TMP_TextSelector_A.cs: 347309a09d56e367b188a6978f75b424 -> 
  custom:video-encoder-webm-vp8: eb34c28f22e8b96e1ab97ce403110664 -> 
  custom:audio-decoder-ogg-vorbis: bf7c407c2cedff20999df2af8eb42d56 -> 
  custom:scripting/monoscript/fileName/VertexJitter.cs: d27eb5498e48714a66aece98da065133 -> 
  custom:scripting/monoscript/fileName/TextConsoleSimulator.cs: 33fc311abb20b5b0ed8f00e4d86b574e -> 
  custom:scripting/monoscript/fileName/VertexColorCycler.cs: 5f984ca91cf3609293aecc6bc5641572 -> 
  custom:scripting/monoscript/fileName/TMP_FrameRateCounter.cs: 46f655df8cb483ac5958307137b1585a -> 
  custom:scripting/monoscript/fileName/VertexShakeB.cs: a6f78c4fcda1a29a1a1c1baefedba9e7 -> 
  custom:scripting/monoscript/fileName/TMP_UiFrameRateCounter.cs: b01021aea19247f14a98ab338907956a -> 
  custom:scripting/monoscript/fileName/StarTwinkle.cs: ac618481f721577fd89cf2d7fed70354 -> 
  custom:scripting/monoscript/fileName/TMPro_InstructionOverlay.cs: b626d2270e6ebd5c4311585c18b58d8d -> 
  custom:scripting/monoscript/fileName/TMP_DigitValidator.cs: ac02af96215ae3951a3cce9e1a8c6085 -> 
  custom:audio-encoder-webm-vorbis: bf7c407c2cedff20999df2af8eb42d56 -> 
  custom:scripting/monoscript/fileName/Benchmark01_UGUI.cs: 6148cfe2627b7708298f301788144139 -> 
  custom:scripting/monoscript/fileName/LaserControllerLeft.cs: 7e5ab3c36215566daf0a6b2d4ff82ca9 -> 
  custom:scripting/monoscript/fileName/LeftHandActivator.cs: ceb61ca6a6db9add1527617a23bb9ceb -> 
  custom:scripting/precompiled-assembly-types:Assembly-CSharp: a79c27842d10badd3ac1bbdcb0c47b8f -> 
  custom:scripting/monoscript/fileName/Benchmark03.cs: 17cc87e0529ac71d909a946afb47a274 -> 
========================================================================
Received Prepare
WARNING: Shader Unsupported: 'URP/UI/Prerendered Opaque' - All subshaders removed
WARNING: Shader Did you use #pragma only_renderers and omit this platform?
WARNING: Shader If subshaders removal was intentional, you may have forgotten turning Fallback off?
WARNING: Shader Unsupported: 'URP/UI/Prerendered Opaque' - All subshaders removed
WARNING: Shader Did you use #pragma only_renderers and omit this platform?
WARNING: Shader If subshaders removal was intentional, you may have forgotten turning Fallback off?
WARNING: Shader Unsupported: 'EnvironmentDepth/URP/OcclusionUnlit' - All subshaders removed
WARNING: Shader Did you use #pragma only_renderers and omit this platform?
WARNING: Shader If subshaders removal was intentional, you may have forgotten turning Fallback off?
WARNING: Shader Unsupported: 'EnvironmentDepth/URP/OcclusionUnlit' - All subshaders removed
WARNING: Shader Did you use #pragma only_renderers and omit this platform?
WARNING: Shader If subshaders removal was intentional, you may have forgotten turning Fallback off?
WARNING: Shader Unsupported: 'URP/UI/Prerendered' - All subshaders removed
WARNING: Shader Did you use #pragma only_renderers and omit this platform?
WARNING: Shader If subshaders removal was intentional, you may have forgotten turning Fallback off?
WARNING: Shader Unsupported: 'URP/UI/Prerendered' - All subshaders removed
WARNING: Shader Did you use #pragma only_renderers and omit this platform?
WARNING: Shader If subshaders removal was intentional, you may have forgotten turning Fallback off?
Shader 'Oculus/OVRMRCameraFrameLit': fallback shader 'Alpha-Diffuse' not found
Refreshing native plugins compatible for Editor in 4.54 ms, found 11 plugins.
Preloading 0 native plugins for Editor in 0.00 ms.
Unloading 6 Unused Serialized files (Serialized files now loaded: 0)
Unloading 6 unused Assets / (365.7 KB). Loaded Objects now: 6449.
Memory consumption went from 166.4 MB to 166.0 MB.
Total: 5.485584 ms (FindLiveObjects: 0.197666 ms CreateObjectMapping: 0.059250 ms MarkObjects: 5.030667 ms  DeleteObjects: 0.197625 ms)

Prepare: number of updated asset objects reloaded= 0
AssetImportParameters requested are different than current active one (requested -> active):
  custom:scripting/monoscript/fileName/SkewTextExample.cs: c142d02d70a129e0533975f7c2f96956 -> 
  custom:container-demuxer-ogg: 62fdf1f143b41e24485cea50d1cbac27 -> 
  custom:scripting/monoscript/fileName/AstroMath.cs: 1932568a5daca2d25b8b5c7242983aec -> 
  custom:scripting/monoscript/fileName/TMP_TextEventHandler.cs: f5cd9d5a43bfefc8f4fec80e6de896a4 -> 
  custom:scripting/monoscript/fileName/TextMeshProFloatingText.cs: 92608fa4a6315cd0786d82205e77b697 -> 
  custom:scripting/monoscript/fileName/VertexZoom.cs: 650ab1e81d40126e3edcf737cce646e4 -> 
  custom:scripting/monoscript/fileName/VertexShakeA.cs: 63ec564c588058369499638dd899e05b -> 
  custom:scripting/monoscript/fileName/TMP_ExampleScript_01.cs: a9d4be556104ff54e7d240529b3e01dc -> 
  custom:video-decoder-ogg-theora: a1e56fd34408186e4bbccfd4996cb3dc -> 
  custom:scripting/monoscript/fileName/TMP_TextEventCheck.cs: 13505d917eab5868c435e0c2986dadfa -> 
  custom:scripting/monoscript/fileName/TMP_TextSelector_B.cs: ba2be21a7486d37b1011342977a2e49d -> 
  custom:scripting/monoscript/fileName/Benchmark01.cs: 2d3e2cd961730ab95f139a49a673bace -> 
  custom:scripting/monoscript/fileName/Benchmark02.cs: 5640963252ce70910e726415f869ced6 -> 
  custom:scripting/monoscript/fileName/PlanetariumManager.cs: 22b040d69c7e89a9f75db3e2f35d583d -> 
  custom:scripting/monoscript/fileName/DropdownSample.cs: 0a92251794e5f10400149f96c3c59e5d -> 
  custom:scripting/monoscript/fileName/WarpTextExample.cs: 2663459c266363641981c7d17b698d7f -> 
  custom:CustomObjectIndexerAttribute: 9a22284fe3817be447336de3de66b15e -> 
  custom:container-demuxer-webm: 4f35f7cbe854078d1ac9338744f61a02 -> 
  custom:scripting/monoscript/fileName/StarData.cs: 8c3ecaae97776e3a509e6c92c6d1978c -> 
  custom:scripting/monoscript/fileName/ChatController.cs: 876d5ccae6e345dd5d9450eb0a748f16 -> 
  custom:scripting/monoscript/fileName/TextMeshSpawner.cs: 76f28e2ddb031571e6ec62b018f65fa8 -> 
  custom:scripting/monoscript/fileName/TeleType.cs: 31fa97821c4c70f157ec81d507aa6b62 -> 
  custom:scripting/monoscript/fileName/Benchmark04.cs: 32220b148620e52aa81c13a114862bf4 -> 
  custom:scripting/monoscript/fileName/LookAtCamera.cs: c89e844d610ff572aa3b28387fdf619c -> 
  custom:container-muxer-webm: aa71ff27fc2769a1b78a27578f13a17b -> 
  custom:video-decoder-webm-vp8: 9c59270c3fd7afecdb556c50c9e8de78 -> 
  custom:scripting/monoscript/fileName/TMP_PhoneNumberValidator.cs: 7c3049f481e464c6a9a15dee56c3126f -> 
  custom:SearchIndexIgnoredProperties: e643bd26f0fe6173181afceb89e7c659 -> 
  custom:AudioImporter_EditorPlatform: 3918e3fc78b5a79bad01e8451be0beb8 -> 
  custom:scripting/monoscript/fileName/EnvMapAnimator.cs: 1b4f61c17e4b7283c3ac351aacff9d26 -> 
  custom:scripting/monoscript/fileName/ShaderPropAnimator.cs: 55ce425812446482e623ff2695c94cb2 -> 
  custom:scripting/monoscript/fileName/SimpleScript.cs: 454caab0c6c050f29b39d82e1d66d0fa -> 
  custom:scripting/monoscript/fileName/AstroLaser.cs: 26653888dbc089cf903671d0935f9d0c -> 
  custom:scripting/monoscript/fileName/ObjectSpin.cs: 2b96bb2079dd7fa5108d981627a28e1e -> 
  custom:scripting/monoscript/fileName/CameraController.cs: 34b6be4e23ce86dc89786916c5983296 -> 
  custom:scripting/monoscript/fileName/TMP_TextInfoDebugTool.cs: 3f1709cfb2cc628169113a35b5e9be3f -> 
  custom:framework-osx-AVFoundation: e770b220cccbd017edd2c1fefb359320 -> 
  custom:scripting/monoscript/fileName/TMP_TextSelector_A.cs: 347309a09d56e367b188a6978f75b424 -> 
  custom:video-encoder-webm-vp8: eb34c28f22e8b96e1ab97ce403110664 -> 
  custom:audio-decoder-ogg-vorbis: bf7c407c2cedff20999df2af8eb42d56 -> 
  custom:scripting/monoscript/fileName/VertexJitter.cs: d27eb5498e48714a66aece98da065133 -> 
  custom:scripting/monoscript/fileName/TextConsoleSimulator.cs: 33fc311abb20b5b0ed8f00e4d86b574e -> 
  custom:scripting/monoscript/fileName/VertexColorCycler.cs: 5f984ca91cf3609293aecc6bc5641572 -> 
  custom:scripting/monoscript/fileName/TMP_FrameRateCounter.cs: 46f655df8cb483ac5958307137b1585a -> 
  custom:scripting/monoscript/fileName/VertexShakeB.cs: a6f78c4fcda1a29a1a1c1baefedba9e7 -> 
  custom:scripting/monoscript/fileName/TMP_UiFrameRateCounter.cs: b01021aea19247f14a98ab338907956a -> 
  custom:scripting/monoscript/fileName/StarTwinkle.cs: ac618481f721577fd89cf2d7fed70354 -> 
  custom:scripting/monoscript/fileName/TMPro_InstructionOverlay.cs: b626d2270e6ebd5c4311585c18b58d8d -> 
  custom:scripting/monoscript/fileName/TMP_DigitValidator.cs: ac02af96215ae3951a3cce9e1a8c6085 -> 
  custom:audio-encoder-webm-vorbis: bf7c407c2cedff20999df2af8eb42d56 -> 
  custom:scripting/monoscript/fileName/Benchmark01_UGUI.cs: 6148cfe2627b7708298f301788144139 -> 
  custom:scripting/monoscript/fileName/LaserControllerLeft.cs: 7e5ab3c36215566daf0a6b2d4ff82ca9 -> 
  custom:scripting/monoscript/fileName/LeftHandActivator.cs: ceb61ca6a6db9add1527617a23bb9ceb -> 
  custom:scripting/precompiled-assembly-types:Assembly-CSharp: a79c27842d10badd3ac1bbdcb0c47b8f -> 
  custom:scripting/monoscript/fileName/Benchmark03.cs: 17cc87e0529ac71d909a946afb47a274 -> 
========================================================================
Received Prepare
Caller must complete domain reload
Begin MonoManager ReloadAssembly
Thread 0x16f3c3000 may have been prematurely finalized
- Loaded All Assemblies, in  0.276 seconds
Native extension for Android target not found
Native extension for OSXStandalone target not found
[Package Manager] Server::EnsureServerProcessIsRunning -- launch failed, reason: Unity was launched with the -noUpm command-line argument
[Package Manager] UpmClient::Send -- Unable to send message (not connected to UPM process).
[Package Manager] Cannot connect to Unity Package Manager local server
[Package Manager] Server::EnsureServerProcessIsRunning -- launch failed, reason: Unity was launched with the -noUpm command-line argument
[Package Manager] UpmClient::Send -- Unable to send message (not connected to UPM process).
[Package Manager] Cannot connect to Unity Package Manager local server
Mono: successfully reloaded assembly
[Package Manager] Server::EnsureServerProcessIsRunning -- launch failed, reason: Unity was launched with the -noUpm command-line argument
[Package Manager] UpmClient::Send -- Unable to send message (not connected to UPM process).
[Package Manager] Cannot connect to Unity Package Manager local server
- Finished resetting the current domain, in  1.005 seconds
Domain Reload Profiling: 1281ms
	BeginReloadAssembly (81ms)
		ExecutionOrderSort (0ms)
		DisableScriptedObjects (2ms)
		BackupInstance (0ms)
		ReleaseScriptingObjects (0ms)
		CreateAndSetChildDomain (23ms)
	RebuildCommonClasses (17ms)
	RebuildNativeTypeToScriptingClass (7ms)
	initialDomainReloadingComplete (12ms)
	LoadAllAssembliesAndSetupDomain (159ms)
		LoadAssemblies (161ms)
		RebuildTransferFunctionScriptingTraits (0ms)
		AnalyzeDomain (30ms)
			TypeCache.Refresh (9ms)
				TypeCache.ScanAssembly (1ms)
			ScanForSourceGeneratedMonoScriptInfo (14ms)
			ResolveRequiredComponents (6ms)
	FinalizeReload (1006ms)
		ReleaseScriptCaches (0ms)
		RebuildScriptCaches (0ms)
		SetupLoadedEditorAssemblies (313ms)
			LogAssemblyErrors (0ms)
			InitializePlatformSupportModulesInManaged (6ms)
			SetLoadedEditorAssemblies (2ms)
			RefreshPlugins (0ms)
			BeforeProcessingInitializeOnLoad (34ms)
			ProcessInitializeOnLoadAttributes (249ms)
			ProcessInitializeOnLoadMethodAttributes (20ms)
			AfterProcessingInitializeOnLoad (1ms)
			EditorAssembliesLoaded (0ms)
		ExecutionOrderSort2 (0ms)
		AwakeInstancesAfterBackupRestoration (2ms)
WARNING: Shader Unsupported: 'URP/UI/Prerendered Opaque' - All subshaders removed
WARNING: Shader Did you use #pragma only_renderers and omit this platform?
WARNING: Shader If subshaders removal was intentional, you may have forgotten turning Fallback off?
WARNING: Shader Unsupported: 'URP/UI/Prerendered Opaque' - All subshaders removed
WARNING: Shader Did you use #pragma only_renderers and omit this platform?
WARNING: Shader If subshaders removal was intentional, you may have forgotten turning Fallback off?
WARNING: Shader Unsupported: 'EnvironmentDepth/URP/OcclusionUnlit' - All subshaders removed
WARNING: Shader Did you use #pragma only_renderers and omit this platform?
WARNING: Shader If subshaders removal was intentional, you may have forgotten turning Fallback off?
WARNING: Shader Unsupported: 'EnvironmentDepth/URP/OcclusionUnlit' - All subshaders removed
WARNING: Shader Did you use #pragma only_renderers and omit this platform?
WARNING: Shader If subshaders removal was intentional, you may have forgotten turning Fallback off?
WARNING: Shader Unsupported: 'URP/UI/Prerendered' - All subshaders removed
WARNING: Shader Did you use #pragma only_renderers and omit this platform?
WARNING: Shader If subshaders removal was intentional, you may have forgotten turning Fallback off?
WARNING: Shader Unsupported: 'URP/UI/Prerendered' - All subshaders removed
WARNING: Shader Did you use #pragma only_renderers and omit this platform?
WARNING: Shader If subshaders removal was intentional, you may have forgotten turning Fallback off?
Shader 'Oculus/OVRMRCameraFrameLit': fallback shader 'Alpha-Diffuse' not found
Refreshing native plugins compatible for Editor in 4.20 ms, found 11 plugins.
Preloading 0 native plugins for Editor in 0.00 ms.
Unloading 5843 Unused Serialized files (Serialized files now loaded: 0)
Unloading 85 unused Assets / (422.5 KB). Loaded Objects now: 6458.
Memory consumption went from 264.5 MB to 264.0 MB.
Total: 4.874083 ms (FindLiveObjects: 0.175375 ms CreateObjectMapping: 0.061291 ms MarkObjects: 4.421209 ms  DeleteObjects: 0.215750 ms)

Prepare: number of updated asset objects reloaded= 0
AssetImportParameters requested are different than current active one (requested -> active):
  custom:scripting/monoscript/fileName/SkewTextExample.cs: c142d02d70a129e0533975f7c2f96956 -> 
  custom:container-demuxer-ogg: 62fdf1f143b41e24485cea50d1cbac27 -> 
  custom:scripting/monoscript/fileName/AstroMath.cs: 1932568a5daca2d25b8b5c7242983aec -> 
  custom:scripting/monoscript/fileName/TMP_TextEventHandler.cs: f5cd9d5a43bfefc8f4fec80e6de896a4 -> 
  custom:scripting/monoscript/fileName/TextMeshProFloatingText.cs: 92608fa4a6315cd0786d82205e77b697 -> 
  custom:scripting/monoscript/fileName/VertexZoom.cs: 650ab1e81d40126e3edcf737cce646e4 -> 
  custom:scripting/monoscript/fileName/VertexShakeA.cs: 63ec564c588058369499638dd899e05b -> 
  custom:scripting/monoscript/fileName/TMP_ExampleScript_01.cs: a9d4be556104ff54e7d240529b3e01dc -> 
  custom:video-decoder-ogg-theora: a1e56fd34408186e4bbccfd4996cb3dc -> 
  custom:scripting/monoscript/fileName/TMP_TextEventCheck.cs: 13505d917eab5868c435e0c2986dadfa -> 
  custom:scripting/monoscript/fileName/TMP_TextSelector_B.cs: ba2be21a7486d37b1011342977a2e49d -> 
  custom:scripting/monoscript/fileName/Benchmark01.cs: 2d3e2cd961730ab95f139a49a673bace -> 
  custom:scripting/monoscript/fileName/Benchmark02.cs: 5640963252ce70910e726415f869ced6 -> 
  custom:scripting/monoscript/fileName/PlanetariumManager.cs: 22b040d69c7e89a9f75db3e2f35d583d -> 
  custom:scripting/monoscript/fileName/DropdownSample.cs: 0a92251794e5f10400149f96c3c59e5d -> 
  custom:scripting/monoscript/fileName/WarpTextExample.cs: 2663459c266363641981c7d17b698d7f -> 
  custom:CustomObjectIndexerAttribute: 9a22284fe3817be447336de3de66b15e -> 
  custom:container-demuxer-webm: 4f35f7cbe854078d1ac9338744f61a02 -> 
  custom:scripting/monoscript/fileName/StarData.cs: 8c3ecaae97776e3a509e6c92c6d1978c -> 
  custom:scripting/monoscript/fileName/ChatController.cs: 876d5ccae6e345dd5d9450eb0a748f16 -> 
  custom:scripting/monoscript/fileName/TextMeshSpawner.cs: 76f28e2ddb031571e6ec62b018f65fa8 -> 
  custom:scripting/monoscript/fileName/TeleType.cs: 31fa97821c4c70f157ec81d507aa6b62 -> 
  custom:scripting/monoscript/fileName/Benchmark04.cs: 32220b148620e52aa81c13a114862bf4 -> 
  custom:scripting/monoscript/fileName/LookAtCamera.cs: c89e844d610ff572aa3b28387fdf619c -> 
  custom:container-muxer-webm: aa71ff27fc2769a1b78a27578f13a17b -> 
  custom:video-decoder-webm-vp8: 9c59270c3fd7afecdb556c50c9e8de78 -> 
  custom:scripting/monoscript/fileName/TMP_PhoneNumberValidator.cs: 7c3049f481e464c6a9a15dee56c3126f -> 
  custom:SearchIndexIgnoredProperties: e643bd26f0fe6173181afceb89e7c659 -> 
  custom:AudioImporter_EditorPlatform: 3918e3fc78b5a79bad01e8451be0beb8 -> 
  custom:scripting/monoscript/fileName/EnvMapAnimator.cs: 1b4f61c17e4b7283c3ac351aacff9d26 -> 
  custom:scripting/monoscript/fileName/ShaderPropAnimator.cs: 55ce425812446482e623ff2695c94cb2 -> 
  custom:scripting/monoscript/fileName/SimpleScript.cs: 454caab0c6c050f29b39d82e1d66d0fa -> 
  custom:scripting/monoscript/fileName/AstroLaser.cs: 26653888dbc089cf903671d0935f9d0c -> 
  custom:scripting/monoscript/fileName/ObjectSpin.cs: 2b96bb2079dd7fa5108d981627a28e1e -> 
  custom:scripting/monoscript/fileName/CameraController.cs: 34b6be4e23ce86dc89786916c5983296 -> 
  custom:scripting/monoscript/fileName/TMP_TextInfoDebugTool.cs: 3f1709cfb2cc628169113a35b5e9be3f -> 
  custom:framework-osx-AVFoundation: e770b220cccbd017edd2c1fefb359320 -> 
  custom:scripting/monoscript/fileName/TMP_TextSelector_A.cs: 347309a09d56e367b188a6978f75b424 -> 
  custom:video-encoder-webm-vp8: eb34c28f22e8b96e1ab97ce403110664 -> 
  custom:audio-decoder-ogg-vorbis: bf7c407c2cedff20999df2af8eb42d56 -> 
  custom:scripting/monoscript/fileName/VertexJitter.cs: d27eb5498e48714a66aece98da065133 -> 
  custom:scripting/monoscript/fileName/TextConsoleSimulator.cs: 33fc311abb20b5b0ed8f00e4d86b574e -> 
  custom:scripting/monoscript/fileName/VertexColorCycler.cs: 5f984ca91cf3609293aecc6bc5641572 -> 
  custom:scripting/monoscript/fileName/TMP_FrameRateCounter.cs: 46f655df8cb483ac5958307137b1585a -> 
  custom:scripting/monoscript/fileName/VertexShakeB.cs: a6f78c4fcda1a29a1a1c1baefedba9e7 -> 
  custom:scripting/monoscript/fileName/TMP_UiFrameRateCounter.cs: b01021aea19247f14a98ab338907956a -> 
  custom:scripting/monoscript/fileName/StarTwinkle.cs: ac618481f721577fd89cf2d7fed70354 -> 
  custom:scripting/monoscript/fileName/TMPro_InstructionOverlay.cs: b626d2270e6ebd5c4311585c18b58d8d -> 
  custom:scripting/monoscript/fileName/TMP_DigitValidator.cs: ac02af96215ae3951a3cce9e1a8c6085 -> 
  custom:audio-encoder-webm-vorbis: bf7c407c2cedff20999df2af8eb42d56 -> 
  custom:scripting/monoscript/fileName/Benchmark01_UGUI.cs: 6148cfe2627b7708298f301788144139 -> 
  custom:scripting/monoscript/fileName/LaserControllerLeft.cs: 7e5ab3c36215566daf0a6b2d4ff82ca9 -> 
  custom:scripting/monoscript/fileName/LeftHandActivator.cs: ceb61ca6a6db9add1527617a23bb9ceb -> 
  custom:scripting/precompiled-assembly-types:Assembly-CSharp: a79c27842d10badd3ac1bbdcb0c47b8f -> 
  custom:scripting/monoscript/fileName/Benchmark03.cs: 17cc87e0529ac71d909a946afb47a274 -> 
========================================================================
Received Prepare
WARNING: Shader Unsupported: 'URP/UI/Prerendered Opaque' - All subshaders removed
WARNING: Shader Did you use #pragma only_renderers and omit this platform?
WARNING: Shader If subshaders removal was intentional, you may have forgotten turning Fallback off?
WARNING: Shader Unsupported: 'URP/UI/Prerendered Opaque' - All subshaders removed
WARNING: Shader Did you use #pragma only_renderers and omit this platform?
WARNING: Shader If subshaders removal was intentional, you may have forgotten turning Fallback off?
WARNING: Shader Unsupported: 'EnvironmentDepth/URP/OcclusionUnlit' - All subshaders removed
WARNING: Shader Did you use #pragma only_renderers and omit this platform?
WARNING: Shader If subshaders removal was intentional, you may have forgotten turning Fallback off?
WARNING: Shader Unsupported: 'EnvironmentDepth/URP/OcclusionUnlit' - All subshaders removed
WARNING: Shader Did you use #pragma only_renderers and omit this platform?
WARNING: Shader If subshaders removal was intentional, you may have forgotten turning Fallback off?
WARNING: Shader Unsupported: 'URP/UI/Prerendered' - All subshaders removed
WARNING: Shader Did you use #pragma only_renderers and omit this platform?
WARNING: Shader If subshaders removal was intentional, you may have forgotten turning Fallback off?
WARNING: Shader Unsupported: 'URP/UI/Prerendered' - All subshaders removed
WARNING: Shader Did you use #pragma only_renderers and omit this platform?
WARNING: Shader If subshaders removal was intentional, you may have forgotten turning Fallback off?
Shader 'Oculus/OVRMRCameraFrameLit': fallback shader 'Alpha-Diffuse' not found
Refreshing native plugins compatible for Editor in 4.36 ms, found 11 plugins.
Preloading 0 native plugins for Editor in 0.00 ms.
Unloading 6 Unused Serialized files (Serialized files now loaded: 0)
Unloading 6 unused Assets / (365.7 KB). Loaded Objects now: 6458.
Memory consumption went from 172.8 MB to 172.5 MB.
Total: 6.738833 ms (FindLiveObjects: 0.200708 ms CreateObjectMapping: 0.058042 ms MarkObjects: 6.297667 ms  DeleteObjects: 0.181541 ms)

Prepare: number of updated asset objects reloaded= 0
AssetImportParameters requested are different than current active one (requested -> active):
  custom:scripting/monoscript/fileName/SkewTextExample.cs: c142d02d70a129e0533975f7c2f96956 -> 
  custom:container-demuxer-ogg: 62fdf1f143b41e24485cea50d1cbac27 -> 
  custom:scripting/monoscript/fileName/AstroMath.cs: 1932568a5daca2d25b8b5c7242983aec -> 
  custom:scripting/monoscript/fileName/TMP_TextEventHandler.cs: f5cd9d5a43bfefc8f4fec80e6de896a4 -> 
  custom:scripting/monoscript/fileName/TextMeshProFloatingText.cs: 92608fa4a6315cd0786d82205e77b697 -> 
  custom:scripting/monoscript/fileName/VertexZoom.cs: 650ab1e81d40126e3edcf737cce646e4 -> 
  custom:scripting/monoscript/fileName/VertexShakeA.cs: 63ec564c588058369499638dd899e05b -> 
  custom:scripting/monoscript/fileName/TMP_ExampleScript_01.cs: a9d4be556104ff54e7d240529b3e01dc -> 
  custom:video-decoder-ogg-theora: a1e56fd34408186e4bbccfd4996cb3dc -> 
  custom:scripting/monoscript/fileName/TMP_TextEventCheck.cs: 13505d917eab5868c435e0c2986dadfa -> 
  custom:scripting/monoscript/fileName/TMP_TextSelector_B.cs: ba2be21a7486d37b1011342977a2e49d -> 
  custom:scripting/monoscript/fileName/Benchmark01.cs: 2d3e2cd961730ab95f139a49a673bace -> 
  custom:scripting/monoscript/fileName/Benchmark02.cs: 5640963252ce70910e726415f869ced6 -> 
  custom:scripting/monoscript/fileName/PlanetariumManager.cs: 22b040d69c7e89a9f75db3e2f35d583d -> 
  custom:scripting/monoscript/fileName/DropdownSample.cs: 0a92251794e5f10400149f96c3c59e5d -> 
  custom:scripting/monoscript/fileName/WarpTextExample.cs: 2663459c266363641981c7d17b698d7f -> 
  custom:CustomObjectIndexerAttribute: 9a22284fe3817be447336de3de66b15e -> 
  custom:container-demuxer-webm: 4f35f7cbe854078d1ac9338744f61a02 -> 
  custom:scripting/monoscript/fileName/StarData.cs: 8c3ecaae97776e3a509e6c92c6d1978c -> 
  custom:scripting/monoscript/fileName/ChatController.cs: 876d5ccae6e345dd5d9450eb0a748f16 -> 
  custom:scripting/monoscript/fileName/TextMeshSpawner.cs: 76f28e2ddb031571e6ec62b018f65fa8 -> 
  custom:scripting/monoscript/fileName/TeleType.cs: 31fa97821c4c70f157ec81d507aa6b62 -> 
  custom:scripting/monoscript/fileName/Benchmark04.cs: 32220b148620e52aa81c13a114862bf4 -> 
  custom:scripting/monoscript/fileName/LookAtCamera.cs: c89e844d610ff572aa3b28387fdf619c -> 
  custom:container-muxer-webm: aa71ff27fc2769a1b78a27578f13a17b -> 
  custom:video-decoder-webm-vp8: 9c59270c3fd7afecdb556c50c9e8de78 -> 
  custom:scripting/monoscript/fileName/TMP_PhoneNumberValidator.cs: 7c3049f481e464c6a9a15dee56c3126f -> 
  custom:SearchIndexIgnoredProperties: e643bd26f0fe6173181afceb89e7c659 -> 
  custom:AudioImporter_EditorPlatform: 3918e3fc78b5a79bad01e8451be0beb8 -> 
  custom:scripting/monoscript/fileName/EnvMapAnimator.cs: 1b4f61c17e4b7283c3ac351aacff9d26 -> 
  custom:scripting/monoscript/fileName/ShaderPropAnimator.cs: 55ce425812446482e623ff2695c94cb2 -> 
  custom:scripting/monoscript/fileName/SimpleScript.cs: 454caab0c6c050f29b39d82e1d66d0fa -> 
  custom:scripting/monoscript/fileName/AstroLaser.cs: 26653888dbc089cf903671d0935f9d0c -> 
  custom:scripting/monoscript/fileName/ObjectSpin.cs: 2b96bb2079dd7fa5108d981627a28e1e -> 
  custom:scripting/monoscript/fileName/CameraController.cs: 34b6be4e23ce86dc89786916c5983296 -> 
  custom:scripting/monoscript/fileName/TMP_TextInfoDebugTool.cs: 3f1709cfb2cc628169113a35b5e9be3f -> 
  custom:framework-osx-AVFoundation: e770b220cccbd017edd2c1fefb359320 -> 
  custom:scripting/monoscript/fileName/TMP_TextSelector_A.cs: 347309a09d56e367b188a6978f75b424 -> 
  custom:video-encoder-webm-vp8: eb34c28f22e8b96e1ab97ce403110664 -> 
  custom:audio-decoder-ogg-vorbis: bf7c407c2cedff20999df2af8eb42d56 -> 
  custom:scripting/monoscript/fileName/VertexJitter.cs: d27eb5498e48714a66aece98da065133 -> 
  custom:scripting/monoscript/fileName/TextConsoleSimulator.cs: 33fc311abb20b5b0ed8f00e4d86b574e -> 
  custom:scripting/monoscript/fileName/VertexColorCycler.cs: 5f984ca91cf3609293aecc6bc5641572 -> 
  custom:scripting/monoscript/fileName/TMP_FrameRateCounter.cs: 46f655df8cb483ac5958307137b1585a -> 
  custom:scripting/monoscript/fileName/VertexShakeB.cs: a6f78c4fcda1a29a1a1c1baefedba9e7 -> 
  custom:scripting/monoscript/fileName/TMP_UiFrameRateCounter.cs: b01021aea19247f14a98ab338907956a -> 
  custom:scripting/monoscript/fileName/StarTwinkle.cs: ac618481f721577fd89cf2d7fed70354 -> 
  custom:scripting/monoscript/fileName/TMPro_InstructionOverlay.cs: b626d2270e6ebd5c4311585c18b58d8d -> 
  custom:scripting/monoscript/fileName/TMP_DigitValidator.cs: ac02af96215ae3951a3cce9e1a8c6085 -> 
  custom:audio-encoder-webm-vorbis: bf7c407c2cedff20999df2af8eb42d56 -> 
  custom:scripting/monoscript/fileName/Benchmark01_UGUI.cs: 6148cfe2627b7708298f301788144139 -> 
  custom:scripting/monoscript/fileName/LaserControllerLeft.cs: 7e5ab3c36215566daf0a6b2d4ff82ca9 -> 
  custom:scripting/monoscript/fileName/LeftHandActivator.cs: ceb61ca6a6db9add1527617a23bb9ceb -> 
  custom:scripting/precompiled-assembly-types:Assembly-CSharp: a79c27842d10badd3ac1bbdcb0c47b8f -> 
  custom:scripting/monoscript/fileName/Benchmark03.cs: 17cc87e0529ac71d909a946afb47a274 -> 
========================================================================
Received Prepare
Caller must complete domain reload
Begin MonoManager ReloadAssembly
Thread 0x16f3c3000 may have been prematurely finalized
- Loaded All Assemblies, in  0.245 seconds
Native extension for Android target not found
Native extension for OSXStandalone target not found
[Package Manager] Server::EnsureServerProcessIsRunning -- launch failed, reason: Unity was launched with the -noUpm command-line argument
[Package Manager] UpmClient::Send -- Unable to send message (not connected to UPM process).
[Package Manager] Cannot connect to Unity Package Manager local server
[Package Manager] Server::EnsureServerProcessIsRunning -- launch failed, reason: Unity was launched with the -noUpm command-line argument
[Package Manager] UpmClient::Send -- Unable to send message (not connected to UPM process).
[Package Manager] Cannot connect to Unity Package Manager local server
Mono: successfully reloaded assembly
[Package Manager] Server::EnsureServerProcessIsRunning -- launch failed, reason: Unity was launched with the -noUpm command-line argument
[Package Manager] UpmClient::Send -- Unable to send message (not connected to UPM process).
[Package Manager] Cannot connect to Unity Package Manager local server
- Finished resetting the current domain, in  0.887 seconds
Domain Reload Profiling: 1132ms
	BeginReloadAssembly (68ms)
		ExecutionOrderSort (0ms)
		DisableScriptedObjects (3ms)
		BackupInstance (0ms)
		ReleaseScriptingObjects (0ms)
		CreateAndSetChildDomain (15ms)
	RebuildCommonClasses (17ms)
	RebuildNativeTypeToScriptingClass (6ms)
	initialDomainReloadingComplete (10ms)
	LoadAllAssembliesAndSetupDomain (144ms)
		LoadAssemblies (145ms)
		RebuildTransferFunctionScriptingTraits (0ms)
		AnalyzeDomain (28ms)
			TypeCache.Refresh (8ms)
				TypeCache.ScanAssembly (1ms)
			ScanForSourceGeneratedMonoScriptInfo (13ms)
			ResolveRequiredComponents (6ms)
	FinalizeReload (887ms)
		ReleaseScriptCaches (0ms)
		RebuildScriptCaches (0ms)
		SetupLoadedEditorAssemblies (303ms)
			LogAssemblyErrors (0ms)
			InitializePlatformSupportModulesInManaged (7ms)
			SetLoadedEditorAssemblies (2ms)
			RefreshPlugins (0ms)
			BeforeProcessingInitializeOnLoad (36ms)
			ProcessInitializeOnLoadAttributes (237ms)
			ProcessInitializeOnLoadMethodAttributes (20ms)
			AfterProcessingInitializeOnLoad (1ms)
			EditorAssembliesLoaded (0ms)
		ExecutionOrderSort2 (0ms)
		AwakeInstancesAfterBackupRestoration (2ms)
WARNING: Shader Unsupported: 'URP/UI/Prerendered Opaque' - All subshaders removed
WARNING: Shader Did you use #pragma only_renderers and omit this platform?
WARNING: Shader If subshaders removal was intentional, you may have forgotten turning Fallback off?
WARNING: Shader Unsupported: 'URP/UI/Prerendered Opaque' - All subshaders removed
WARNING: Shader Did you use #pragma only_renderers and omit this platform?
WARNING: Shader If subshaders removal was intentional, you may have forgotten turning Fallback off?
WARNING: Shader Unsupported: 'EnvironmentDepth/URP/OcclusionUnlit' - All subshaders removed
WARNING: Shader Did you use #pragma only_renderers and omit this platform?
WARNING: Shader If subshaders removal was intentional, you may have forgotten turning Fallback off?
WARNING: Shader Unsupported: 'EnvironmentDepth/URP/OcclusionUnlit' - All subshaders removed
WARNING: Shader Did you use #pragma only_renderers and omit this platform?
WARNING: Shader If subshaders removal was intentional, you may have forgotten turning Fallback off?
WARNING: Shader Unsupported: 'URP/UI/Prerendered' - All subshaders removed
WARNING: Shader Did you use #pragma only_renderers and omit this platform?
WARNING: Shader If subshaders removal was intentional, you may have forgotten turning Fallback off?
WARNING: Shader Unsupported: 'URP/UI/Prerendered' - All subshaders removed
WARNING: Shader Did you use #pragma only_renderers and omit this platform?
WARNING: Shader If subshaders removal was intentional, you may have forgotten turning Fallback off?
Shader 'Oculus/OVRMRCameraFrameLit': fallback shader 'Alpha-Diffuse' not found
Refreshing native plugins compatible for Editor in 3.79 ms, found 11 plugins.
Preloading 0 native plugins for Editor in 0.00 ms.
Unloading 5843 Unused Serialized files (Serialized files now loaded: 0)
Unloading 85 unused Assets / (414.6 KB). Loaded Objects now: 6467.
Memory consumption went from 270.8 MB to 270.4 MB.
Total: 4.523875 ms (FindLiveObjects: 0.191042 ms CreateObjectMapping: 0.060166 ms MarkObjects: 4.062792 ms  DeleteObjects: 0.209458 ms)

Prepare: number of updated asset objects reloaded= 0
AssetImportParameters requested are different than current active one (requested -> active):
  custom:scripting/monoscript/fileName/SkewTextExample.cs: c142d02d70a129e0533975f7c2f96956 -> 
  custom:container-demuxer-ogg: 62fdf1f143b41e24485cea50d1cbac27 -> 
  custom:scripting/monoscript/fileName/AstroMath.cs: 1932568a5daca2d25b8b5c7242983aec -> 
  custom:scripting/monoscript/fileName/TMP_TextEventHandler.cs: f5cd9d5a43bfefc8f4fec80e6de896a4 -> 
  custom:scripting/monoscript/fileName/TextMeshProFloatingText.cs: 92608fa4a6315cd0786d82205e77b697 -> 
  custom:scripting/monoscript/fileName/VertexZoom.cs: 650ab1e81d40126e3edcf737cce646e4 -> 
  custom:scripting/monoscript/fileName/VertexShakeA.cs: 63ec564c588058369499638dd899e05b -> 
  custom:scripting/monoscript/fileName/TMP_ExampleScript_01.cs: a9d4be556104ff54e7d240529b3e01dc -> 
  custom:video-decoder-ogg-theora: a1e56fd34408186e4bbccfd4996cb3dc -> 
  custom:scripting/monoscript/fileName/TMP_TextEventCheck.cs: 13505d917eab5868c435e0c2986dadfa -> 
  custom:scripting/monoscript/fileName/TMP_TextSelector_B.cs: ba2be21a7486d37b1011342977a2e49d -> 
  custom:scripting/monoscript/fileName/Benchmark01.cs: 2d3e2cd961730ab95f139a49a673bace -> 
  custom:scripting/monoscript/fileName/Benchmark02.cs: 5640963252ce70910e726415f869ced6 -> 
  custom:scripting/monoscript/fileName/PlanetariumManager.cs: 22b040d69c7e89a9f75db3e2f35d583d -> 
  custom:scripting/monoscript/fileName/DropdownSample.cs: 0a92251794e5f10400149f96c3c59e5d -> 
  custom:scripting/monoscript/fileName/WarpTextExample.cs: 2663459c266363641981c7d17b698d7f -> 
  custom:CustomObjectIndexerAttribute: 9a22284fe3817be447336de3de66b15e -> 
  custom:container-demuxer-webm: 4f35f7cbe854078d1ac9338744f61a02 -> 
  custom:scripting/monoscript/fileName/StarData.cs: 8c3ecaae97776e3a509e6c92c6d1978c -> 
  custom:scripting/monoscript/fileName/ChatController.cs: 876d5ccae6e345dd5d9450eb0a748f16 -> 
  custom:scripting/monoscript/fileName/TextMeshSpawner.cs: 76f28e2ddb031571e6ec62b018f65fa8 -> 
  custom:scripting/monoscript/fileName/TeleType.cs: 31fa97821c4c70f157ec81d507aa6b62 -> 
  custom:scripting/monoscript/fileName/Benchmark04.cs: 32220b148620e52aa81c13a114862bf4 -> 
  custom:scripting/monoscript/fileName/LookAtCamera.cs: c89e844d610ff572aa3b28387fdf619c -> 
  custom:container-muxer-webm: aa71ff27fc2769a1b78a27578f13a17b -> 
  custom:video-decoder-webm-vp8: 9c59270c3fd7afecdb556c50c9e8de78 -> 
  custom:scripting/monoscript/fileName/TMP_PhoneNumberValidator.cs: 7c3049f481e464c6a9a15dee56c3126f -> 
  custom:SearchIndexIgnoredProperties: e643bd26f0fe6173181afceb89e7c659 -> 
  custom:AudioImporter_EditorPlatform: 3918e3fc78b5a79bad01e8451be0beb8 -> 
  custom:scripting/monoscript/fileName/EnvMapAnimator.cs: 1b4f61c17e4b7283c3ac351aacff9d26 -> 
  custom:scripting/monoscript/fileName/ShaderPropAnimator.cs: 55ce425812446482e623ff2695c94cb2 -> 
  custom:scripting/monoscript/fileName/SimpleScript.cs: 454caab0c6c050f29b39d82e1d66d0fa -> 
  custom:scripting/monoscript/fileName/AstroLaser.cs: 26653888dbc089cf903671d0935f9d0c -> 
  custom:scripting/monoscript/fileName/ObjectSpin.cs: 2b96bb2079dd7fa5108d981627a28e1e -> 
  custom:scripting/monoscript/fileName/CameraController.cs: 34b6be4e23ce86dc89786916c5983296 -> 
  custom:scripting/monoscript/fileName/TMP_TextInfoDebugTool.cs: 3f1709cfb2cc628169113a35b5e9be3f -> 
  custom:framework-osx-AVFoundation: e770b220cccbd017edd2c1fefb359320 -> 
  custom:scripting/monoscript/fileName/TMP_TextSelector_A.cs: 347309a09d56e367b188a6978f75b424 -> 
  custom:video-encoder-webm-vp8: eb34c28f22e8b96e1ab97ce403110664 -> 
  custom:audio-decoder-ogg-vorbis: bf7c407c2cedff20999df2af8eb42d56 -> 
  custom:scripting/monoscript/fileName/VertexJitter.cs: d27eb5498e48714a66aece98da065133 -> 
  custom:scripting/monoscript/fileName/TextConsoleSimulator.cs: 33fc311abb20b5b0ed8f00e4d86b574e -> 
  custom:scripting/monoscript/fileName/VertexColorCycler.cs: 5f984ca91cf3609293aecc6bc5641572 -> 
  custom:scripting/monoscript/fileName/TMP_FrameRateCounter.cs: 46f655df8cb483ac5958307137b1585a -> 
  custom:scripting/monoscript/fileName/VertexShakeB.cs: a6f78c4fcda1a29a1a1c1baefedba9e7 -> 
  custom:scripting/monoscript/fileName/TMP_UiFrameRateCounter.cs: b01021aea19247f14a98ab338907956a -> 
  custom:scripting/monoscript/fileName/StarTwinkle.cs: ac618481f721577fd89cf2d7fed70354 -> 
  custom:scripting/monoscript/fileName/TMPro_InstructionOverlay.cs: b626d2270e6ebd5c4311585c18b58d8d -> 
  custom:scripting/monoscript/fileName/TMP_DigitValidator.cs: ac02af96215ae3951a3cce9e1a8c6085 -> 
  custom:audio-encoder-webm-vorbis: bf7c407c2cedff20999df2af8eb42d56 -> 
  custom:scripting/monoscript/fileName/Benchmark01_UGUI.cs: 6148cfe2627b7708298f301788144139 -> 
  custom:scripting/monoscript/fileName/LaserControllerLeft.cs: 7e5ab3c36215566daf0a6b2d4ff82ca9 -> 
  custom:scripting/monoscript/fileName/LeftHandActivator.cs: ceb61ca6a6db9add1527617a23bb9ceb -> 
  custom:scripting/precompiled-assembly-types:Assembly-CSharp: a79c27842d10badd3ac1bbdcb0c47b8f -> 
  custom:scripting/monoscript/fileName/Benchmark03.cs: 17cc87e0529ac71d909a946afb47a274 -> 
========================================================================
Received Prepare
WARNING: Shader Unsupported: 'URP/UI/Prerendered Opaque' - All subshaders removed
WARNING: Shader Did you use #pragma only_renderers and omit this platform?
WARNING: Shader If subshaders removal was intentional, you may have forgotten turning Fallback off?
WARNING: Shader Unsupported: 'URP/UI/Prerendered Opaque' - All subshaders removed
WARNING: Shader Did you use #pragma only_renderers and omit this platform?
WARNING: Shader If subshaders removal was intentional, you may have forgotten turning Fallback off?
WARNING: Shader Unsupported: 'EnvironmentDepth/URP/OcclusionUnlit' - All subshaders removed
WARNING: Shader Did you use #pragma only_renderers and omit this platform?
WARNING: Shader If subshaders removal was intentional, you may have forgotten turning Fallback off?
WARNING: Shader Unsupported: 'EnvironmentDepth/URP/OcclusionUnlit' - All subshaders removed
WARNING: Shader Did you use #pragma only_renderers and omit this platform?
WARNING: Shader If subshaders removal was intentional, you may have forgotten turning Fallback off?
WARNING: Shader Unsupported: 'URP/UI/Prerendered' - All subshaders removed
WARNING: Shader Did you use #pragma only_renderers and omit this platform?
WARNING: Shader If subshaders removal was intentional, you may have forgotten turning Fallback off?
WARNING: Shader Unsupported: 'URP/UI/Prerendered' - All subshaders removed
WARNING: Shader Did you use #pragma only_renderers and omit this platform?
WARNING: Shader If subshaders removal was intentional, you may have forgotten turning Fallback off?
Shader 'Oculus/OVRMRCameraFrameLit': fallback shader 'Alpha-Diffuse' not found
Refreshing native plugins compatible for Editor in 4.87 ms, found 11 plugins.
Preloading 0 native plugins for Editor in 0.00 ms.
Unloading 6 Unused Serialized files (Serialized files now loaded: 0)
Unloading 6 unused Assets / (365.9 KB). Loaded Objects now: 6467.
Memory consumption went from 179.2 MB to 178.8 MB.
Total: 4.857250 ms (FindLiveObjects: 0.185292 ms CreateObjectMapping: 0.059500 ms MarkObjects: 4.460083 ms  DeleteObjects: 0.152208 ms)

Prepare: number of updated asset objects reloaded= 0
AssetImportParameters requested are different than current active one (requested -> active):
  custom:scripting/monoscript/fileName/SkewTextExample.cs: c142d02d70a129e0533975f7c2f96956 -> 
  custom:container-demuxer-ogg: 62fdf1f143b41e24485cea50d1cbac27 -> 
  custom:scripting/monoscript/fileName/AstroMath.cs: 1932568a5daca2d25b8b5c7242983aec -> 
  custom:scripting/monoscript/fileName/TMP_TextEventHandler.cs: f5cd9d5a43bfefc8f4fec80e6de896a4 -> 
  custom:scripting/monoscript/fileName/TextMeshProFloatingText.cs: 92608fa4a6315cd0786d82205e77b697 -> 
  custom:scripting/monoscript/fileName/VertexZoom.cs: 650ab1e81d40126e3edcf737cce646e4 -> 
  custom:scripting/monoscript/fileName/VertexShakeA.cs: 63ec564c588058369499638dd899e05b -> 
  custom:scripting/monoscript/fileName/TMP_ExampleScript_01.cs: a9d4be556104ff54e7d240529b3e01dc -> 
  custom:video-decoder-ogg-theora: a1e56fd34408186e4bbccfd4996cb3dc -> 
  custom:scripting/monoscript/fileName/TMP_TextEventCheck.cs: 13505d917eab5868c435e0c2986dadfa -> 
  custom:scripting/monoscript/fileName/TMP_TextSelector_B.cs: ba2be21a7486d37b1011342977a2e49d -> 
  custom:scripting/monoscript/fileName/Benchmark01.cs: 2d3e2cd961730ab95f139a49a673bace -> 
  custom:scripting/monoscript/fileName/Benchmark02.cs: 5640963252ce70910e726415f869ced6 -> 
  custom:scripting/monoscript/fileName/PlanetariumManager.cs: 22b040d69c7e89a9f75db3e2f35d583d -> 
  custom:scripting/monoscript/fileName/DropdownSample.cs: 0a92251794e5f10400149f96c3c59e5d -> 
  custom:scripting/monoscript/fileName/WarpTextExample.cs: 2663459c266363641981c7d17b698d7f -> 
  custom:CustomObjectIndexerAttribute: 9a22284fe3817be447336de3de66b15e -> 
  custom:container-demuxer-webm: 4f35f7cbe854078d1ac9338744f61a02 -> 
  custom:scripting/monoscript/fileName/StarData.cs: 8c3ecaae97776e3a509e6c92c6d1978c -> 
  custom:scripting/monoscript/fileName/ChatController.cs: 876d5ccae6e345dd5d9450eb0a748f16 -> 
  custom:scripting/monoscript/fileName/TextMeshSpawner.cs: 76f28e2ddb031571e6ec62b018f65fa8 -> 
  custom:scripting/monoscript/fileName/TeleType.cs: 31fa97821c4c70f157ec81d507aa6b62 -> 
  custom:scripting/monoscript/fileName/Benchmark04.cs: 32220b148620e52aa81c13a114862bf4 -> 
  custom:scripting/monoscript/fileName/LookAtCamera.cs: c89e844d610ff572aa3b28387fdf619c -> 
  custom:container-muxer-webm: aa71ff27fc2769a1b78a27578f13a17b -> 
  custom:video-decoder-webm-vp8: 9c59270c3fd7afecdb556c50c9e8de78 -> 
  custom:scripting/monoscript/fileName/TMP_PhoneNumberValidator.cs: 7c3049f481e464c6a9a15dee56c3126f -> 
  custom:SearchIndexIgnoredProperties: e643bd26f0fe6173181afceb89e7c659 -> 
  custom:AudioImporter_EditorPlatform: 3918e3fc78b5a79bad01e8451be0beb8 -> 
  custom:scripting/monoscript/fileName/EnvMapAnimator.cs: 1b4f61c17e4b7283c3ac351aacff9d26 -> 
  custom:scripting/monoscript/fileName/ShaderPropAnimator.cs: 55ce425812446482e623ff2695c94cb2 -> 
  custom:scripting/monoscript/fileName/SimpleScript.cs: 454caab0c6c050f29b39d82e1d66d0fa -> 
  custom:scripting/monoscript/fileName/AstroLaser.cs: 26653888dbc089cf903671d0935f9d0c -> 
  custom:scripting/monoscript/fileName/ObjectSpin.cs: 2b96bb2079dd7fa5108d981627a28e1e -> 
  custom:scripting/monoscript/fileName/CameraController.cs: 34b6be4e23ce86dc89786916c5983296 -> 
  custom:scripting/monoscript/fileName/TMP_TextInfoDebugTool.cs: 3f1709cfb2cc628169113a35b5e9be3f -> 
  custom:framework-osx-AVFoundation: e770b220cccbd017edd2c1fefb359320 -> 
  custom:scripting/monoscript/fileName/TMP_TextSelector_A.cs: 347309a09d56e367b188a6978f75b424 -> 
  custom:video-encoder-webm-vp8: eb34c28f22e8b96e1ab97ce403110664 -> 
  custom:audio-decoder-ogg-vorbis: bf7c407c2cedff20999df2af8eb42d56 -> 
  custom:scripting/monoscript/fileName/VertexJitter.cs: d27eb5498e48714a66aece98da065133 -> 
  custom:scripting/monoscript/fileName/TextConsoleSimulator.cs: 33fc311abb20b5b0ed8f00e4d86b574e -> 
  custom:scripting/monoscript/fileName/VertexColorCycler.cs: 5f984ca91cf3609293aecc6bc5641572 -> 
  custom:scripting/monoscript/fileName/TMP_FrameRateCounter.cs: 46f655df8cb483ac5958307137b1585a -> 
  custom:scripting/monoscript/fileName/VertexShakeB.cs: a6f78c4fcda1a29a1a1c1baefedba9e7 -> 
  custom:scripting/monoscript/fileName/TMP_UiFrameRateCounter.cs: b01021aea19247f14a98ab338907956a -> 
  custom:scripting/monoscript/fileName/StarTwinkle.cs: ac618481f721577fd89cf2d7fed70354 -> 
  custom:scripting/monoscript/fileName/TMPro_InstructionOverlay.cs: b626d2270e6ebd5c4311585c18b58d8d -> 
  custom:scripting/monoscript/fileName/TMP_DigitValidator.cs: ac02af96215ae3951a3cce9e1a8c6085 -> 
  custom:audio-encoder-webm-vorbis: bf7c407c2cedff20999df2af8eb42d56 -> 
  custom:scripting/monoscript/fileName/Benchmark01_UGUI.cs: 6148cfe2627b7708298f301788144139 -> 
  custom:scripting/monoscript/fileName/LaserControllerLeft.cs: 7e5ab3c36215566daf0a6b2d4ff82ca9 -> 
  custom:scripting/monoscript/fileName/LeftHandActivator.cs: ceb61ca6a6db9add1527617a23bb9ceb -> 
  custom:scripting/precompiled-assembly-types:Assembly-CSharp: a79c27842d10badd3ac1bbdcb0c47b8f -> 
  custom:scripting/monoscript/fileName/Benchmark03.cs: 17cc87e0529ac71d909a946afb47a274 -> 
========================================================================
Received Import Request.
  Time since last request: 3741.483858 seconds.
  path: Assets/StarPrefab.prefab
  artifactKey: Guid(9ecd496ca2c1044f5b9b8383d52bb82b) Importer(815301076,1909f56bfc062723c751e8b465ee728b)
Start importing Assets/StarPrefab.prefab using Guid(9ecd496ca2c1044f5b9b8383d52bb82b) Importer(815301076,1909f56bfc062723c751e8b465ee728b) [PhysX] Initialized MultithreadedTaskDispatcher with 12 workers.
[PhysX] Initialized MultithreadedTaskDispatcher with 12 workers.
 -> (artifact id: '97483db8e3fc7cf29d5cb5a9019e2052') in 0.053603 seconds
Number of updated asset objects reloaded before import = 0
Number of asset objects unloaded after import = 9
========================================================================
Received Prepare
WARNING: Shader Unsupported: 'URP/UI/Prerendered Opaque' - All subshaders removed
WARNING: Shader Did you use #pragma only_renderers and omit this platform?
WARNING: Shader If subshaders removal was intentional, you may have forgotten turning Fallback off?
WARNING: Shader Unsupported: 'URP/UI/Prerendered Opaque' - All subshaders removed
WARNING: Shader Did you use #pragma only_renderers and omit this platform?
WARNING: Shader If subshaders removal was intentional, you may have forgotten turning Fallback off?
WARNING: Shader Unsupported: 'EnvironmentDepth/URP/OcclusionUnlit' - All subshaders removed
WARNING: Shader Did you use #pragma only_renderers and omit this platform?
WARNING: Shader If subshaders removal was intentional, you may have forgotten turning Fallback off?
WARNING: Shader Unsupported: 'EnvironmentDepth/URP/OcclusionUnlit' - All subshaders removed
WARNING: Shader Did you use #pragma only_renderers and omit this platform?
WARNING: Shader If subshaders removal was intentional, you may have forgotten turning Fallback off?
WARNING: Shader Unsupported: 'URP/UI/Prerendered' - All subshaders removed
WARNING: Shader Did you use #pragma only_renderers and omit this platform?
WARNING: Shader If subshaders removal was intentional, you may have forgotten turning Fallback off?
WARNING: Shader Unsupported: 'URP/UI/Prerendered' - All subshaders removed
WARNING: Shader Did you use #pragma only_renderers and omit this platform?
WARNING: Shader If subshaders removal was intentional, you may have forgotten turning Fallback off?
Shader 'Oculus/OVRMRCameraFrameLit': fallback shader 'Alpha-Diffuse' not found
Refreshing native plugins compatible for Editor in 4.36 ms, found 11 plugins.
Preloading 0 native plugins for Editor in 0.00 ms.
Unloading 5 Unused Serialized files (Serialized files now loaded: 0)
Unloading 7 unused Assets / (363.4 KB). Loaded Objects now: 6469.
Memory consumption went from 177.9 MB to 177.6 MB.
Total: 5.497167 ms (FindLiveObjects: 0.204459 ms CreateObjectMapping: 0.059417 ms MarkObjects: 5.062167 ms  DeleteObjects: 0.171041 ms)

Prepare: number of updated asset objects reloaded= 0
AssetImportParameters requested are different than current active one (requested -> active):
  custom:scripting/monoscript/fileName/SkewTextExample.cs: c142d02d70a129e0533975f7c2f96956 -> 
  custom:container-demuxer-ogg: 62fdf1f143b41e24485cea50d1cbac27 -> 
  custom:scripting/monoscript/fileName/AstroMath.cs: 1932568a5daca2d25b8b5c7242983aec -> 
  custom:scripting/monoscript/fileName/TMP_TextEventHandler.cs: f5cd9d5a43bfefc8f4fec80e6de896a4 -> 
  custom:scripting/monoscript/fileName/TextMeshProFloatingText.cs: 92608fa4a6315cd0786d82205e77b697 -> 
  custom:scripting/monoscript/fileName/VertexZoom.cs: 650ab1e81d40126e3edcf737cce646e4 -> 
  custom:scripting/monoscript/fileName/VertexShakeA.cs: 63ec564c588058369499638dd899e05b -> 
  custom:scripting/monoscript/fileName/TMP_ExampleScript_01.cs: a9d4be556104ff54e7d240529b3e01dc -> 
  custom:video-decoder-ogg-theora: a1e56fd34408186e4bbccfd4996cb3dc -> 
  custom:scripting/monoscript/fileName/TMP_TextEventCheck.cs: 13505d917eab5868c435e0c2986dadfa -> 
  custom:scripting/monoscript/fileName/TMP_TextSelector_B.cs: ba2be21a7486d37b1011342977a2e49d -> 
  custom:scripting/monoscript/fileName/Benchmark01.cs: 2d3e2cd961730ab95f139a49a673bace -> 
  custom:scripting/monoscript/fileName/Benchmark02.cs: 5640963252ce70910e726415f869ced6 -> 
  custom:scripting/monoscript/fileName/PlanetariumManager.cs: 22b040d69c7e89a9f75db3e2f35d583d -> 
  custom:scripting/monoscript/fileName/DropdownSample.cs: 0a92251794e5f10400149f96c3c59e5d -> 
  custom:scripting/monoscript/fileName/WarpTextExample.cs: 2663459c266363641981c7d17b698d7f -> 
  custom:CustomObjectIndexerAttribute: 9a22284fe3817be447336de3de66b15e -> 
  custom:container-demuxer-webm: 4f35f7cbe854078d1ac9338744f61a02 -> 
  custom:scripting/monoscript/fileName/StarData.cs: 8c3ecaae97776e3a509e6c92c6d1978c -> 
  custom:scripting/monoscript/fileName/ChatController.cs: 876d5ccae6e345dd5d9450eb0a748f16 -> 
  custom:scripting/monoscript/fileName/TextMeshSpawner.cs: 76f28e2ddb031571e6ec62b018f65fa8 -> 
  custom:scripting/monoscript/fileName/TeleType.cs: 31fa97821c4c70f157ec81d507aa6b62 -> 
  custom:scripting/monoscript/fileName/Benchmark04.cs: 32220b148620e52aa81c13a114862bf4 -> 
  custom:scripting/monoscript/fileName/LookAtCamera.cs: c89e844d610ff572aa3b28387fdf619c -> 
  custom:container-muxer-webm: aa71ff27fc2769a1b78a27578f13a17b -> 
  custom:video-decoder-webm-vp8: 9c59270c3fd7afecdb556c50c9e8de78 -> 
  custom:scripting/monoscript/fileName/TMP_PhoneNumberValidator.cs: 7c3049f481e464c6a9a15dee56c3126f -> 
  custom:SearchIndexIgnoredProperties: e643bd26f0fe6173181afceb89e7c659 -> 
  custom:AudioImporter_EditorPlatform: 3918e3fc78b5a79bad01e8451be0beb8 -> 
  custom:scripting/monoscript/fileName/EnvMapAnimator.cs: 1b4f61c17e4b7283c3ac351aacff9d26 -> 
  custom:scripting/monoscript/fileName/ShaderPropAnimator.cs: 55ce425812446482e623ff2695c94cb2 -> 
  custom:scripting/monoscript/fileName/SimpleScript.cs: 454caab0c6c050f29b39d82e1d66d0fa -> 
  custom:scripting/monoscript/fileName/AstroLaser.cs: 26653888dbc089cf903671d0935f9d0c -> 
  custom:scripting/monoscript/fileName/ObjectSpin.cs: 2b96bb2079dd7fa5108d981627a28e1e -> 
  custom:scripting/monoscript/fileName/CameraController.cs: 34b6be4e23ce86dc89786916c5983296 -> 
  custom:scripting/monoscript/fileName/TMP_TextInfoDebugTool.cs: 3f1709cfb2cc628169113a35b5e9be3f -> 
  custom:framework-osx-AVFoundation: e770b220cccbd017edd2c1fefb359320 -> 
  custom:scripting/monoscript/fileName/TMP_TextSelector_A.cs: 347309a09d56e367b188a6978f75b424 -> 
  custom:video-encoder-webm-vp8: eb34c28f22e8b96e1ab97ce403110664 -> 
  custom:audio-decoder-ogg-vorbis: bf7c407c2cedff20999df2af8eb42d56 -> 
  custom:scripting/monoscript/fileName/VertexJitter.cs: d27eb5498e48714a66aece98da065133 -> 
  custom:scripting/monoscript/fileName/TextConsoleSimulator.cs: 33fc311abb20b5b0ed8f00e4d86b574e -> 
  custom:scripting/monoscript/fileName/VertexColorCycler.cs: 5f984ca91cf3609293aecc6bc5641572 -> 
  custom:scripting/monoscript/fileName/TMP_FrameRateCounter.cs: 46f655df8cb483ac5958307137b1585a -> 
  custom:scripting/monoscript/fileName/VertexShakeB.cs: a6f78c4fcda1a29a1a1c1baefedba9e7 -> 
  custom:scripting/monoscript/fileName/TMP_UiFrameRateCounter.cs: b01021aea19247f14a98ab338907956a -> 
  custom:scripting/monoscript/fileName/StarTwinkle.cs: ac618481f721577fd89cf2d7fed70354 -> 
  custom:scripting/monoscript/fileName/TMPro_InstructionOverlay.cs: b626d2270e6ebd5c4311585c18b58d8d -> 
  custom:scripting/monoscript/fileName/TMP_DigitValidator.cs: ac02af96215ae3951a3cce9e1a8c6085 -> 
  custom:audio-encoder-webm-vorbis: bf7c407c2cedff20999df2af8eb42d56 -> 
  custom:scripting/monoscript/fileName/Benchmark01_UGUI.cs: 6148cfe2627b7708298f301788144139 -> 
  custom:scripting/monoscript/fileName/LaserControllerLeft.cs: 7e5ab3c36215566daf0a6b2d4ff82ca9 -> 
  custom:scripting/monoscript/fileName/LeftHandActivator.cs: ceb61ca6a6db9add1527617a23bb9ceb -> 
  custom:scripting/precompiled-assembly-types:Assembly-CSharp: a79c27842d10badd3ac1bbdcb0c47b8f -> 
  custom:scripting/monoscript/fileName/Benchmark03.cs: 17cc87e0529ac71d909a946afb47a274 -> 
========================================================================
Received Prepare
Caller must complete domain reload
Begin MonoManager ReloadAssembly
Thread 0x16f3c3000 may have been prematurely finalized
- Loaded All Assemblies, in  0.262 seconds
Native extension for Android target not found
Native extension for OSXStandalone target not found
[Package Manager] Server::EnsureServerProcessIsRunning -- launch failed, reason: Unity was launched with the -noUpm command-line argument
[Package Manager] UpmClient::Send -- Unable to send message (not connected to UPM process).
[Package Manager] Cannot connect to Unity Package Manager local server
[Package Manager] Server::EnsureServerProcessIsRunning -- launch failed, reason: Unity was launched with the -noUpm command-line argument
[Package Manager] UpmClient::Send -- Unable to send message (not connected to UPM process).
[Package Manager] Cannot connect to Unity Package Manager local server
Mono: successfully reloaded assembly
[Package Manager] Server::EnsureServerProcessIsRunning -- launch failed, reason: Unity was launched with the -noUpm command-line argument
[Package Manager] UpmClient::Send -- Unable to send message (not connected to UPM process).
[Package Manager] Cannot connect to Unity Package Manager local server
- Finished resetting the current domain, in  0.887 seconds
Domain Reload Profiling: 1149ms
	BeginReloadAssembly (72ms)
		ExecutionOrderSort (0ms)
		DisableScriptedObjects (2ms)
		BackupInstance (0ms)
		ReleaseScriptingObjects (0ms)
		CreateAndSetChildDomain (19ms)
	RebuildCommonClasses (16ms)
	RebuildNativeTypeToScriptingClass (6ms)
	initialDomainReloadingComplete (10ms)
	LoadAllAssembliesAndSetupDomain (158ms)
		LoadAssemblies (159ms)
		RebuildTransferFunctionScriptingTraits (0ms)
		AnalyzeDomain (29ms)
			TypeCache.Refresh (9ms)
				TypeCache.ScanAssembly (1ms)
			ScanForSourceGeneratedMonoScriptInfo (13ms)
			ResolveRequiredComponents (6ms)
	FinalizeReload (887ms)
		ReleaseScriptCaches (0ms)
		RebuildScriptCaches (0ms)
		SetupLoadedEditorAssemblies (297ms)
			LogAssemblyErrors (0ms)
			InitializePlatformSupportModulesInManaged (6ms)
			SetLoadedEditorAssemblies (2ms)
			RefreshPlugins (0ms)
			BeforeProcessingInitializeOnLoad (34ms)
			ProcessInitializeOnLoadAttributes (235ms)
			ProcessInitializeOnLoadMethodAttributes (19ms)
			AfterProcessingInitializeOnLoad (1ms)
			EditorAssembliesLoaded (0ms)
		ExecutionOrderSort2 (0ms)
		AwakeInstancesAfterBackupRestoration (2ms)
WARNING: Shader Unsupported: 'URP/UI/Prerendered Opaque' - All subshaders removed
WARNING: Shader Did you use #pragma only_renderers and omit this platform?
WARNING: Shader If subshaders removal was intentional, you may have forgotten turning Fallback off?
WARNING: Shader Unsupported: 'URP/UI/Prerendered Opaque' - All subshaders removed
WARNING: Shader Did you use #pragma only_renderers and omit this platform?
WARNING: Shader If subshaders removal was intentional, you may have forgotten turning Fallback off?
WARNING: Shader Unsupported: 'EnvironmentDepth/URP/OcclusionUnlit' - All subshaders removed
WARNING: Shader Did you use #pragma only_renderers and omit this platform?
WARNING: Shader If subshaders removal was intentional, you may have forgotten turning Fallback off?
WARNING: Shader Unsupported: 'EnvironmentDepth/URP/OcclusionUnlit' - All subshaders removed
WARNING: Shader Did you use #pragma only_renderers and omit this platform?
WARNING: Shader If subshaders removal was intentional, you may have forgotten turning Fallback off?
WARNING: Shader Unsupported: 'URP/UI/Prerendered' - All subshaders removed
WARNING: Shader Did you use #pragma only_renderers and omit this platform?
WARNING: Shader If subshaders removal was intentional, you may have forgotten turning Fallback off?
WARNING: Shader Unsupported: 'URP/UI/Prerendered' - All subshaders removed
WARNING: Shader Did you use #pragma only_renderers and omit this platform?
WARNING: Shader If subshaders removal was intentional, you may have forgotten turning Fallback off?
Shader 'Oculus/OVRMRCameraFrameLit': fallback shader 'Alpha-Diffuse' not found
Refreshing native plugins compatible for Editor in 3.74 ms, found 11 plugins.
Preloading 0 native plugins for Editor in 0.00 ms.
Unloading 5843 Unused Serialized files (Serialized files now loaded: 0)
Unloading 85 unused Assets / (422.6 KB). Loaded Objects now: 6477.
Memory consumption went from 276.9 MB to 276.5 MB.
Total: 5.506500 ms (FindLiveObjects: 0.196291 ms CreateObjectMapping: 0.066542 ms MarkObjects: 5.003458 ms  DeleteObjects: 0.239708 ms)

Prepare: number of updated asset objects reloaded= 0
AssetImportParameters requested are different than current active one (requested -> active):
  custom:scripting/monoscript/fileName/SkewTextExample.cs: c142d02d70a129e0533975f7c2f96956 -> 
  custom:container-demuxer-ogg: 62fdf1f143b41e24485cea50d1cbac27 -> 
  custom:scripting/monoscript/fileName/AstroMath.cs: 1932568a5daca2d25b8b5c7242983aec -> 
  custom:scripting/monoscript/fileName/TMP_TextEventHandler.cs: f5cd9d5a43bfefc8f4fec80e6de896a4 -> 
  custom:scripting/monoscript/fileName/TextMeshProFloatingText.cs: 92608fa4a6315cd0786d82205e77b697 -> 
  custom:scripting/monoscript/fileName/VertexZoom.cs: 650ab1e81d40126e3edcf737cce646e4 -> 
  custom:scripting/monoscript/fileName/VertexShakeA.cs: 63ec564c588058369499638dd899e05b -> 
  custom:scripting/monoscript/fileName/TMP_ExampleScript_01.cs: a9d4be556104ff54e7d240529b3e01dc -> 
  custom:video-decoder-ogg-theora: a1e56fd34408186e4bbccfd4996cb3dc -> 
  custom:scripting/monoscript/fileName/TMP_TextEventCheck.cs: 13505d917eab5868c435e0c2986dadfa -> 
  custom:scripting/monoscript/fileName/TMP_TextSelector_B.cs: ba2be21a7486d37b1011342977a2e49d -> 
  custom:scripting/monoscript/fileName/Benchmark01.cs: 2d3e2cd961730ab95f139a49a673bace -> 
  custom:scripting/monoscript/fileName/Benchmark02.cs: 5640963252ce70910e726415f869ced6 -> 
  custom:scripting/monoscript/fileName/PlanetariumManager.cs: 22b040d69c7e89a9f75db3e2f35d583d -> 
  custom:scripting/monoscript/fileName/DropdownSample.cs: 0a92251794e5f10400149f96c3c59e5d -> 
  custom:scripting/monoscript/fileName/WarpTextExample.cs: 2663459c266363641981c7d17b698d7f -> 
  custom:CustomObjectIndexerAttribute: 9a22284fe3817be447336de3de66b15e -> 
  custom:container-demuxer-webm: 4f35f7cbe854078d1ac9338744f61a02 -> 
  custom:scripting/monoscript/fileName/StarData.cs: 8c3ecaae97776e3a509e6c92c6d1978c -> 
  custom:scripting/monoscript/fileName/ChatController.cs: 876d5ccae6e345dd5d9450eb0a748f16 -> 
  custom:scripting/monoscript/fileName/TextMeshSpawner.cs: 76f28e2ddb031571e6ec62b018f65fa8 -> 
  custom:scripting/monoscript/fileName/TeleType.cs: 31fa97821c4c70f157ec81d507aa6b62 -> 
  custom:scripting/monoscript/fileName/Benchmark04.cs: 32220b148620e52aa81c13a114862bf4 -> 
  custom:scripting/monoscript/fileName/LookAtCamera.cs: c89e844d610ff572aa3b28387fdf619c -> 
  custom:container-muxer-webm: aa71ff27fc2769a1b78a27578f13a17b -> 
  custom:video-decoder-webm-vp8: 9c59270c3fd7afecdb556c50c9e8de78 -> 
  custom:scripting/monoscript/fileName/TMP_PhoneNumberValidator.cs: 7c3049f481e464c6a9a15dee56c3126f -> 
  custom:SearchIndexIgnoredProperties: e643bd26f0fe6173181afceb89e7c659 -> 
  custom:AudioImporter_EditorPlatform: 3918e3fc78b5a79bad01e8451be0beb8 -> 
  custom:scripting/monoscript/fileName/EnvMapAnimator.cs: 1b4f61c17e4b7283c3ac351aacff9d26 -> 
  custom:scripting/monoscript/fileName/ShaderPropAnimator.cs: 55ce425812446482e623ff2695c94cb2 -> 
  custom:scripting/monoscript/fileName/SimpleScript.cs: 454caab0c6c050f29b39d82e1d66d0fa -> 
  custom:scripting/monoscript/fileName/AstroLaser.cs: 26653888dbc089cf903671d0935f9d0c -> 
  custom:scripting/monoscript/fileName/ObjectSpin.cs: 2b96bb2079dd7fa5108d981627a28e1e -> 
  custom:scripting/monoscript/fileName/CameraController.cs: 34b6be4e23ce86dc89786916c5983296 -> 
  custom:scripting/monoscript/fileName/TMP_TextInfoDebugTool.cs: 3f1709cfb2cc628169113a35b5e9be3f -> 
  custom:framework-osx-AVFoundation: e770b220cccbd017edd2c1fefb359320 -> 
  custom:scripting/monoscript/fileName/TMP_TextSelector_A.cs: 347309a09d56e367b188a6978f75b424 -> 
  custom:video-encoder-webm-vp8: eb34c28f22e8b96e1ab97ce403110664 -> 
  custom:audio-decoder-ogg-vorbis: bf7c407c2cedff20999df2af8eb42d56 -> 
  custom:scripting/monoscript/fileName/VertexJitter.cs: d27eb5498e48714a66aece98da065133 -> 
  custom:scripting/monoscript/fileName/TextConsoleSimulator.cs: 33fc311abb20b5b0ed8f00e4d86b574e -> 
  custom:scripting/monoscript/fileName/VertexColorCycler.cs: 5f984ca91cf3609293aecc6bc5641572 -> 
  custom:scripting/monoscript/fileName/TMP_FrameRateCounter.cs: 46f655df8cb483ac5958307137b1585a -> 
  custom:scripting/monoscript/fileName/VertexShakeB.cs: a6f78c4fcda1a29a1a1c1baefedba9e7 -> 
  custom:scripting/monoscript/fileName/TMP_UiFrameRateCounter.cs: b01021aea19247f14a98ab338907956a -> 
  custom:scripting/monoscript/fileName/StarTwinkle.cs: ac618481f721577fd89cf2d7fed70354 -> 
  custom:scripting/monoscript/fileName/TMPro_InstructionOverlay.cs: b626d2270e6ebd5c4311585c18b58d8d -> 
  custom:scripting/monoscript/fileName/TMP_DigitValidator.cs: ac02af96215ae3951a3cce9e1a8c6085 -> 
  custom:audio-encoder-webm-vorbis: bf7c407c2cedff20999df2af8eb42d56 -> 
  custom:scripting/monoscript/fileName/Benchmark01_UGUI.cs: 6148cfe2627b7708298f301788144139 -> 
  custom:scripting/monoscript/fileName/LaserControllerLeft.cs: 7e5ab3c36215566daf0a6b2d4ff82ca9 -> 
  custom:scripting/monoscript/fileName/LeftHandActivator.cs: ceb61ca6a6db9add1527617a23bb9ceb -> 
  custom:scripting/precompiled-assembly-types:Assembly-CSharp: a79c27842d10badd3ac1bbdcb0c47b8f -> 
  custom:scripting/monoscript/fileName/Benchmark03.cs: 17cc87e0529ac71d909a946afb47a274 -> 
========================================================================
Received Prepare
WARNING: Shader Unsupported: 'URP/UI/Prerendered Opaque' - All subshaders removed
WARNING: Shader Did you use #pragma only_renderers and omit this platform?
WARNING: Shader If subshaders removal was intentional, you may have forgotten turning Fallback off?
WARNING: Shader Unsupported: 'URP/UI/Prerendered Opaque' - All subshaders removed
WARNING: Shader Did you use #pragma only_renderers and omit this platform?
WARNING: Shader If subshaders removal was intentional, you may have forgotten turning Fallback off?
WARNING: Shader Unsupported: 'EnvironmentDepth/URP/OcclusionUnlit' - All subshaders removed
WARNING: Shader Did you use #pragma only_renderers and omit this platform?
WARNING: Shader If subshaders removal was intentional, you may have forgotten turning Fallback off?
WARNING: Shader Unsupported: 'EnvironmentDepth/URP/OcclusionUnlit' - All subshaders removed
WARNING: Shader Did you use #pragma only_renderers and omit this platform?
WARNING: Shader If subshaders removal was intentional, you may have forgotten turning Fallback off?
WARNING: Shader Unsupported: 'URP/UI/Prerendered' - All subshaders removed
WARNING: Shader Did you use #pragma only_renderers and omit this platform?
WARNING: Shader If subshaders removal was intentional, you may have forgotten turning Fallback off?
WARNING: Shader Unsupported: 'URP/UI/Prerendered' - All subshaders removed
WARNING: Shader Did you use #pragma only_renderers and omit this platform?
WARNING: Shader If subshaders removal was intentional, you may have forgotten turning Fallback off?
Shader 'Oculus/OVRMRCameraFrameLit': fallback shader 'Alpha-Diffuse' not found
Refreshing native plugins compatible for Editor in 4.62 ms, found 11 plugins.
Preloading 0 native plugins for Editor in 0.00 ms.
Unloading 6 Unused Serialized files (Serialized files now loaded: 0)
Unloading 6 unused Assets / (373.9 KB). Loaded Objects now: 6477.
Memory consumption went from 185.3 MB to 184.9 MB.
Total: 5.245250 ms (FindLiveObjects: 0.207625 ms CreateObjectMapping: 0.060000 ms MarkObjects: 4.800667 ms  DeleteObjects: 0.176583 ms)

Prepare: number of updated asset objects reloaded= 0
AssetImportParameters requested are different than current active one (requested -> active):
  custom:scripting/monoscript/fileName/SkewTextExample.cs: c142d02d70a129e0533975f7c2f96956 -> 
  custom:container-demuxer-ogg: 62fdf1f143b41e24485cea50d1cbac27 -> 
  custom:scripting/monoscript/fileName/AstroMath.cs: 1932568a5daca2d25b8b5c7242983aec -> 
  custom:scripting/monoscript/fileName/TMP_TextEventHandler.cs: f5cd9d5a43bfefc8f4fec80e6de896a4 -> 
  custom:scripting/monoscript/fileName/TextMeshProFloatingText.cs: 92608fa4a6315cd0786d82205e77b697 -> 
  custom:scripting/monoscript/fileName/VertexZoom.cs: 650ab1e81d40126e3edcf737cce646e4 -> 
  custom:scripting/monoscript/fileName/VertexShakeA.cs: 63ec564c588058369499638dd899e05b -> 
  custom:scripting/monoscript/fileName/TMP_ExampleScript_01.cs: a9d4be556104ff54e7d240529b3e01dc -> 
  custom:video-decoder-ogg-theora: a1e56fd34408186e4bbccfd4996cb3dc -> 
  custom:scripting/monoscript/fileName/TMP_TextEventCheck.cs: 13505d917eab5868c435e0c2986dadfa -> 
  custom:scripting/monoscript/fileName/TMP_TextSelector_B.cs: ba2be21a7486d37b1011342977a2e49d -> 
  custom:scripting/monoscript/fileName/Benchmark01.cs: 2d3e2cd961730ab95f139a49a673bace -> 
  custom:scripting/monoscript/fileName/Benchmark02.cs: 5640963252ce70910e726415f869ced6 -> 
  custom:scripting/monoscript/fileName/PlanetariumManager.cs: 22b040d69c7e89a9f75db3e2f35d583d -> 
  custom:scripting/monoscript/fileName/DropdownSample.cs: 0a92251794e5f10400149f96c3c59e5d -> 
  custom:scripting/monoscript/fileName/WarpTextExample.cs: 2663459c266363641981c7d17b698d7f -> 
  custom:CustomObjectIndexerAttribute: 9a22284fe3817be447336de3de66b15e -> 
  custom:container-demuxer-webm: 4f35f7cbe854078d1ac9338744f61a02 -> 
  custom:scripting/monoscript/fileName/StarData.cs: 8c3ecaae97776e3a509e6c92c6d1978c -> 
  custom:scripting/monoscript/fileName/ChatController.cs: 876d5ccae6e345dd5d9450eb0a748f16 -> 
  custom:scripting/monoscript/fileName/TextMeshSpawner.cs: 76f28e2ddb031571e6ec62b018f65fa8 -> 
  custom:scripting/monoscript/fileName/TeleType.cs: 31fa97821c4c70f157ec81d507aa6b62 -> 
  custom:scripting/monoscript/fileName/Benchmark04.cs: 32220b148620e52aa81c13a114862bf4 -> 
  custom:scripting/monoscript/fileName/LookAtCamera.cs: c89e844d610ff572aa3b28387fdf619c -> 
  custom:container-muxer-webm: aa71ff27fc2769a1b78a27578f13a17b -> 
  custom:video-decoder-webm-vp8: 9c59270c3fd7afecdb556c50c9e8de78 -> 
  custom:scripting/monoscript/fileName/TMP_PhoneNumberValidator.cs: 7c3049f481e464c6a9a15dee56c3126f -> 
  custom:SearchIndexIgnoredProperties: e643bd26f0fe6173181afceb89e7c659 -> 
  custom:AudioImporter_EditorPlatform: 3918e3fc78b5a79bad01e8451be0beb8 -> 
  custom:scripting/monoscript/fileName/EnvMapAnimator.cs: 1b4f61c17e4b7283c3ac351aacff9d26 -> 
  custom:scripting/monoscript/fileName/ShaderPropAnimator.cs: 55ce425812446482e623ff2695c94cb2 -> 
  custom:scripting/monoscript/fileName/SimpleScript.cs: 454caab0c6c050f29b39d82e1d66d0fa -> 
  custom:scripting/monoscript/fileName/AstroLaser.cs: 26653888dbc089cf903671d0935f9d0c -> 
  custom:scripting/monoscript/fileName/ObjectSpin.cs: 2b96bb2079dd7fa5108d981627a28e1e -> 
  custom:scripting/monoscript/fileName/CameraController.cs: 34b6be4e23ce86dc89786916c5983296 -> 
  custom:scripting/monoscript/fileName/TMP_TextInfoDebugTool.cs: 3f1709cfb2cc628169113a35b5e9be3f -> 
  custom:framework-osx-AVFoundation: e770b220cccbd017edd2c1fefb359320 -> 
  custom:scripting/monoscript/fileName/TMP_TextSelector_A.cs: 347309a09d56e367b188a6978f75b424 -> 
  custom:video-encoder-webm-vp8: eb34c28f22e8b96e1ab97ce403110664 -> 
  custom:audio-decoder-ogg-vorbis: bf7c407c2cedff20999df2af8eb42d56 -> 
  custom:scripting/monoscript/fileName/VertexJitter.cs: d27eb5498e48714a66aece98da065133 -> 
  custom:scripting/monoscript/fileName/TextConsoleSimulator.cs: 33fc311abb20b5b0ed8f00e4d86b574e -> 
  custom:scripting/monoscript/fileName/VertexColorCycler.cs: 5f984ca91cf3609293aecc6bc5641572 -> 
  custom:scripting/monoscript/fileName/TMP_FrameRateCounter.cs: 46f655df8cb483ac5958307137b1585a -> 
  custom:scripting/monoscript/fileName/VertexShakeB.cs: a6f78c4fcda1a29a1a1c1baefedba9e7 -> 
  custom:scripting/monoscript/fileName/TMP_UiFrameRateCounter.cs: b01021aea19247f14a98ab338907956a -> 
  custom:scripting/monoscript/fileName/StarTwinkle.cs: ac618481f721577fd89cf2d7fed70354 -> 
  custom:scripting/monoscript/fileName/TMPro_InstructionOverlay.cs: b626d2270e6ebd5c4311585c18b58d8d -> 
  custom:scripting/monoscript/fileName/TMP_DigitValidator.cs: ac02af96215ae3951a3cce9e1a8c6085 -> 
  custom:audio-encoder-webm-vorbis: bf7c407c2cedff20999df2af8eb42d56 -> 
  custom:scripting/monoscript/fileName/Benchmark01_UGUI.cs: 6148cfe2627b7708298f301788144139 -> 
  custom:scripting/monoscript/fileName/LaserControllerLeft.cs: 7e5ab3c36215566daf0a6b2d4ff82ca9 -> 
  custom:scripting/monoscript/fileName/LeftHandActivator.cs: ceb61ca6a6db9add1527617a23bb9ceb -> 
  custom:scripting/precompiled-assembly-types:Assembly-CSharp: a79c27842d10badd3ac1bbdcb0c47b8f -> 
  custom:scripting/monoscript/fileName/Benchmark03.cs: 17cc87e0529ac71d909a946afb47a274 -> 
========================================================================
Received Prepare
Caller must complete domain reload
Begin MonoManager ReloadAssembly
Thread 0x16f3c3000 may have been prematurely finalized
- Loaded All Assemblies, in  0.254 seconds
Native extension for Android target not found
Native extension for OSXStandalone target not found
[Package Manager] Server::EnsureServerProcessIsRunning -- launch failed, reason: Unity was launched with the -noUpm command-line argument
[Package Manager] UpmClient::Send -- Unable to send message (not connected to UPM process).
[Package Manager] Cannot connect to Unity Package Manager local server
[Package Manager] Server::EnsureServerProcessIsRunning -- launch failed, reason: Unity was launched with the -noUpm command-line argument
[Package Manager] UpmClient::Send -- Unable to send message (not connected to UPM process).
[Package Manager] Cannot connect to Unity Package Manager local server
Mono: successfully reloaded assembly
[Package Manager] Server::EnsureServerProcessIsRunning -- launch failed, reason: Unity was launched with the -noUpm command-line argument
[Package Manager] UpmClient::Send -- Unable to send message (not connected to UPM process).
[Package Manager] Cannot connect to Unity Package Manager local server
- Finished resetting the current domain, in  0.937 seconds
Domain Reload Profiling: 1191ms
	BeginReloadAssembly (68ms)
		ExecutionOrderSort (0ms)
		DisableScriptedObjects (2ms)
		BackupInstance (0ms)
		ReleaseScriptingObjects (0ms)
		CreateAndSetChildDomain (15ms)
	RebuildCommonClasses (18ms)
	RebuildNativeTypeToScriptingClass (7ms)
	initialDomainReloadingComplete (11ms)
	LoadAllAssembliesAndSetupDomain (150ms)
		LoadAssemblies (151ms)
		RebuildTransferFunctionScriptingTraits (0ms)
		AnalyzeDomain (29ms)
			TypeCache.Refresh (9ms)
				TypeCache.ScanAssembly (1ms)
			ScanForSourceGeneratedMonoScriptInfo (14ms)
			ResolveRequiredComponents (6ms)
	FinalizeReload (937ms)
		ReleaseScriptCaches (0ms)
		RebuildScriptCaches (0ms)
		SetupLoadedEditorAssemblies (297ms)
			LogAssemblyErrors (0ms)
			InitializePlatformSupportModulesInManaged (6ms)
			SetLoadedEditorAssemblies (2ms)
			RefreshPlugins (0ms)
			BeforeProcessingInitializeOnLoad (34ms)
			ProcessInitializeOnLoadAttributes (235ms)
			ProcessInitializeOnLoadMethodAttributes (20ms)
			AfterProcessingInitializeOnLoad (1ms)
			EditorAssembliesLoaded (0ms)
		ExecutionOrderSort2 (0ms)
		AwakeInstancesAfterBackupRestoration (2ms)
WARNING: Shader Unsupported: 'URP/UI/Prerendered Opaque' - All subshaders removed
WARNING: Shader Did you use #pragma only_renderers and omit this platform?
WARNING: Shader If subshaders removal was intentional, you may have forgotten turning Fallback off?
WARNING: Shader Unsupported: 'URP/UI/Prerendered Opaque' - All subshaders removed
WARNING: Shader Did you use #pragma only_renderers and omit this platform?
WARNING: Shader If subshaders removal was intentional, you may have forgotten turning Fallback off?
WARNING: Shader Unsupported: 'EnvironmentDepth/URP/OcclusionUnlit' - All subshaders removed
WARNING: Shader Did you use #pragma only_renderers and omit this platform?
WARNING: Shader If subshaders removal was intentional, you may have forgotten turning Fallback off?
WARNING: Shader Unsupported: 'EnvironmentDepth/URP/OcclusionUnlit' - All subshaders removed
WARNING: Shader Did you use #pragma only_renderers and omit this platform?
WARNING: Shader If subshaders removal was intentional, you may have forgotten turning Fallback off?
WARNING: Shader Unsupported: 'URP/UI/Prerendered' - All subshaders removed
WARNING: Shader Did you use #pragma only_renderers and omit this platform?
WARNING: Shader If subshaders removal was intentional, you may have forgotten turning Fallback off?
WARNING: Shader Unsupported: 'URP/UI/Prerendered' - All subshaders removed
WARNING: Shader Did you use #pragma only_renderers and omit this platform?
WARNING: Shader If subshaders removal was intentional, you may have forgotten turning Fallback off?
Shader 'Oculus/OVRMRCameraFrameLit': fallback shader 'Alpha-Diffuse' not found
Refreshing native plugins compatible for Editor in 3.70 ms, found 11 plugins.
Preloading 0 native plugins for Editor in 0.00 ms.
Unloading 5844 Unused Serialized files (Serialized files now loaded: 0)
Unloading 85 unused Assets / (422.6 KB). Loaded Objects now: 6487.
Memory consumption went from 283.3 MB to 282.8 MB.
Total: 4.587375 ms (FindLiveObjects: 0.182791 ms CreateObjectMapping: 0.075000 ms MarkObjects: 4.116792 ms  DeleteObjects: 0.212291 ms)

Prepare: number of updated asset objects reloaded= 0
AssetImportParameters requested are different than current active one (requested -> active):
  custom:scripting/monoscript/fileName/SkewTextExample.cs: c142d02d70a129e0533975f7c2f96956 -> 
  custom:container-demuxer-ogg: 62fdf1f143b41e24485cea50d1cbac27 -> 
  custom:scripting/monoscript/fileName/AstroMath.cs: 1932568a5daca2d25b8b5c7242983aec -> 
  custom:scripting/monoscript/fileName/TMP_TextEventHandler.cs: f5cd9d5a43bfefc8f4fec80e6de896a4 -> 
  custom:scripting/monoscript/fileName/TextMeshProFloatingText.cs: 92608fa4a6315cd0786d82205e77b697 -> 
  custom:scripting/monoscript/fileName/VertexZoom.cs: 650ab1e81d40126e3edcf737cce646e4 -> 
  custom:scripting/monoscript/fileName/VertexShakeA.cs: 63ec564c588058369499638dd899e05b -> 
  custom:scripting/monoscript/fileName/TMP_ExampleScript_01.cs: a9d4be556104ff54e7d240529b3e01dc -> 
  custom:video-decoder-ogg-theora: a1e56fd34408186e4bbccfd4996cb3dc -> 
  custom:scripting/monoscript/fileName/TMP_TextEventCheck.cs: 13505d917eab5868c435e0c2986dadfa -> 
  custom:scripting/monoscript/fileName/TMP_TextSelector_B.cs: ba2be21a7486d37b1011342977a2e49d -> 
  custom:scripting/monoscript/fileName/Benchmark01.cs: 2d3e2cd961730ab95f139a49a673bace -> 
  custom:scripting/monoscript/fileName/Benchmark02.cs: 5640963252ce70910e726415f869ced6 -> 
  custom:scripting/monoscript/fileName/PlanetariumManager.cs: 22b040d69c7e89a9f75db3e2f35d583d -> 
  custom:scripting/monoscript/fileName/DropdownSample.cs: 0a92251794e5f10400149f96c3c59e5d -> 
  custom:scripting/monoscript/fileName/WarpTextExample.cs: 2663459c266363641981c7d17b698d7f -> 
  custom:CustomObjectIndexerAttribute: 9a22284fe3817be447336de3de66b15e -> 
  custom:container-demuxer-webm: 4f35f7cbe854078d1ac9338744f61a02 -> 
  custom:scripting/monoscript/fileName/StarData.cs: 8c3ecaae97776e3a509e6c92c6d1978c -> 
  custom:scripting/monoscript/fileName/ChatController.cs: 876d5ccae6e345dd5d9450eb0a748f16 -> 
  custom:scripting/monoscript/fileName/EarthGroundVisual.cs: 36a50b70f05d0b9c126df611b2357b9b -> 
  custom:scripting/monoscript/fileName/TextMeshSpawner.cs: 76f28e2ddb031571e6ec62b018f65fa8 -> 
  custom:scripting/monoscript/fileName/TeleType.cs: 31fa97821c4c70f157ec81d507aa6b62 -> 
  custom:scripting/monoscript/fileName/Benchmark04.cs: 32220b148620e52aa81c13a114862bf4 -> 
  custom:scripting/monoscript/fileName/LookAtCamera.cs: c89e844d610ff572aa3b28387fdf619c -> 
  custom:container-muxer-webm: aa71ff27fc2769a1b78a27578f13a17b -> 
  custom:video-decoder-webm-vp8: 9c59270c3fd7afecdb556c50c9e8de78 -> 
  custom:scripting/monoscript/fileName/TMP_PhoneNumberValidator.cs: 7c3049f481e464c6a9a15dee56c3126f -> 
  custom:SearchIndexIgnoredProperties: e643bd26f0fe6173181afceb89e7c659 -> 
  custom:AudioImporter_EditorPlatform: 3918e3fc78b5a79bad01e8451be0beb8 -> 
  custom:scripting/monoscript/fileName/EnvMapAnimator.cs: 1b4f61c17e4b7283c3ac351aacff9d26 -> 
  custom:scripting/monoscript/fileName/ShaderPropAnimator.cs: 55ce425812446482e623ff2695c94cb2 -> 
  custom:scripting/monoscript/fileName/SimpleScript.cs: 454caab0c6c050f29b39d82e1d66d0fa -> 
  custom:scripting/monoscript/fileName/AstroLaser.cs: 26653888dbc089cf903671d0935f9d0c -> 
  custom:scripting/monoscript/fileName/ObjectSpin.cs: 2b96bb2079dd7fa5108d981627a28e1e -> 
  custom:scripting/monoscript/fileName/CameraController.cs: 34b6be4e23ce86dc89786916c5983296 -> 
  custom:scripting/monoscript/fileName/TMP_TextInfoDebugTool.cs: 3f1709cfb2cc628169113a35b5e9be3f -> 
  custom:framework-osx-AVFoundation: e770b220cccbd017edd2c1fefb359320 -> 
  custom:scripting/monoscript/fileName/TMP_TextSelector_A.cs: 347309a09d56e367b188a6978f75b424 -> 
  custom:video-encoder-webm-vp8: eb34c28f22e8b96e1ab97ce403110664 -> 
  custom:audio-decoder-ogg-vorbis: bf7c407c2cedff20999df2af8eb42d56 -> 
  custom:scripting/monoscript/fileName/VertexJitter.cs: d27eb5498e48714a66aece98da065133 -> 
  custom:scripting/monoscript/fileName/TextConsoleSimulator.cs: 33fc311abb20b5b0ed8f00e4d86b574e -> 
  custom:scripting/monoscript/fileName/VertexColorCycler.cs: 5f984ca91cf3609293aecc6bc5641572 -> 
  custom:scripting/monoscript/fileName/TMP_FrameRateCounter.cs: 46f655df8cb483ac5958307137b1585a -> 
  custom:scripting/monoscript/fileName/VertexShakeB.cs: a6f78c4fcda1a29a1a1c1baefedba9e7 -> 
  custom:scripting/monoscript/fileName/TMP_UiFrameRateCounter.cs: b01021aea19247f14a98ab338907956a -> 
  custom:scripting/monoscript/fileName/StarTwinkle.cs: ac618481f721577fd89cf2d7fed70354 -> 
  custom:scripting/monoscript/fileName/TMPro_InstructionOverlay.cs: b626d2270e6ebd5c4311585c18b58d8d -> 
  custom:scripting/monoscript/fileName/TMP_DigitValidator.cs: ac02af96215ae3951a3cce9e1a8c6085 -> 
  custom:audio-encoder-webm-vorbis: bf7c407c2cedff20999df2af8eb42d56 -> 
  custom:scripting/monoscript/fileName/Benchmark01_UGUI.cs: 6148cfe2627b7708298f301788144139 -> 
  custom:scripting/monoscript/fileName/LaserControllerLeft.cs: 7e5ab3c36215566daf0a6b2d4ff82ca9 -> 
  custom:scripting/monoscript/fileName/LeftHandActivator.cs: ceb61ca6a6db9add1527617a23bb9ceb -> 
  custom:scripting/precompiled-assembly-types:Assembly-CSharp: 63ab470e4f34cd9788a094807a06d9d4 -> 
  custom:scripting/monoscript/fileName/Benchmark03.cs: 17cc87e0529ac71d909a946afb47a274 -> 
========================================================================
Received Prepare
WARNING: Shader Unsupported: 'URP/UI/Prerendered Opaque' - All subshaders removed
WARNING: Shader Did you use #pragma only_renderers and omit this platform?
WARNING: Shader If subshaders removal was intentional, you may have forgotten turning Fallback off?
WARNING: Shader Unsupported: 'URP/UI/Prerendered Opaque' - All subshaders removed
WARNING: Shader Did you use #pragma only_renderers and omit this platform?
WARNING: Shader If subshaders removal was intentional, you may have forgotten turning Fallback off?
WARNING: Shader Unsupported: 'EnvironmentDepth/URP/OcclusionUnlit' - All subshaders removed
WARNING: Shader Did you use #pragma only_renderers and omit this platform?
WARNING: Shader If subshaders removal was intentional, you may have forgotten turning Fallback off?
WARNING: Shader Unsupported: 'EnvironmentDepth/URP/OcclusionUnlit' - All subshaders removed
WARNING: Shader Did you use #pragma only_renderers and omit this platform?
WARNING: Shader If subshaders removal was intentional, you may have forgotten turning Fallback off?
WARNING: Shader Unsupported: 'URP/UI/Prerendered' - All subshaders removed
WARNING: Shader Did you use #pragma only_renderers and omit this platform?
WARNING: Shader If subshaders removal was intentional, you may have forgotten turning Fallback off?
WARNING: Shader Unsupported: 'URP/UI/Prerendered' - All subshaders removed
WARNING: Shader Did you use #pragma only_renderers and omit this platform?
WARNING: Shader If subshaders removal was intentional, you may have forgotten turning Fallback off?
Shader 'Oculus/OVRMRCameraFrameLit': fallback shader 'Alpha-Diffuse' not found
Refreshing native plugins compatible for Editor in 4.49 ms, found 11 plugins.
Preloading 0 native plugins for Editor in 0.00 ms.
Unloading 6 Unused Serialized files (Serialized files now loaded: 0)
Unloading 6 unused Assets / (373.8 KB). Loaded Objects now: 6487.
Memory consumption went from 191.6 MB to 191.3 MB.
Total: 4.869250 ms (FindLiveObjects: 0.184417 ms CreateObjectMapping: 0.059209 ms MarkObjects: 4.464125 ms  DeleteObjects: 0.161291 ms)

Prepare: number of updated asset objects reloaded= 0
AssetImportParameters requested are different than current active one (requested -> active):
  custom:scripting/monoscript/fileName/SkewTextExample.cs: c142d02d70a129e0533975f7c2f96956 -> 
  custom:container-demuxer-ogg: 62fdf1f143b41e24485cea50d1cbac27 -> 
  custom:scripting/monoscript/fileName/AstroMath.cs: 1932568a5daca2d25b8b5c7242983aec -> 
  custom:scripting/monoscript/fileName/TMP_TextEventHandler.cs: f5cd9d5a43bfefc8f4fec80e6de896a4 -> 
  custom:scripting/monoscript/fileName/TextMeshProFloatingText.cs: 92608fa4a6315cd0786d82205e77b697 -> 
  custom:scripting/monoscript/fileName/VertexZoom.cs: 650ab1e81d40126e3edcf737cce646e4 -> 
  custom:scripting/monoscript/fileName/VertexShakeA.cs: 63ec564c588058369499638dd899e05b -> 
  custom:scripting/monoscript/fileName/TMP_ExampleScript_01.cs: a9d4be556104ff54e7d240529b3e01dc -> 
  custom:video-decoder-ogg-theora: a1e56fd34408186e4bbccfd4996cb3dc -> 
  custom:scripting/monoscript/fileName/TMP_TextEventCheck.cs: 13505d917eab5868c435e0c2986dadfa -> 
  custom:scripting/monoscript/fileName/TMP_TextSelector_B.cs: ba2be21a7486d37b1011342977a2e49d -> 
  custom:scripting/monoscript/fileName/Benchmark01.cs: 2d3e2cd961730ab95f139a49a673bace -> 
  custom:scripting/monoscript/fileName/Benchmark02.cs: 5640963252ce70910e726415f869ced6 -> 
  custom:scripting/monoscript/fileName/PlanetariumManager.cs: 22b040d69c7e89a9f75db3e2f35d583d -> 
  custom:scripting/monoscript/fileName/DropdownSample.cs: 0a92251794e5f10400149f96c3c59e5d -> 
  custom:scripting/monoscript/fileName/WarpTextExample.cs: 2663459c266363641981c7d17b698d7f -> 
  custom:CustomObjectIndexerAttribute: 9a22284fe3817be447336de3de66b15e -> 
  custom:container-demuxer-webm: 4f35f7cbe854078d1ac9338744f61a02 -> 
  custom:scripting/monoscript/fileName/StarData.cs: 8c3ecaae97776e3a509e6c92c6d1978c -> 
  custom:scripting/monoscript/fileName/ChatController.cs: 876d5ccae6e345dd5d9450eb0a748f16 -> 
  custom:scripting/monoscript/fileName/EarthGroundVisual.cs: 36a50b70f05d0b9c126df611b2357b9b -> 
  custom:scripting/monoscript/fileName/TextMeshSpawner.cs: 76f28e2ddb031571e6ec62b018f65fa8 -> 
  custom:scripting/monoscript/fileName/TeleType.cs: 31fa97821c4c70f157ec81d507aa6b62 -> 
  custom:scripting/monoscript/fileName/Benchmark04.cs: 32220b148620e52aa81c13a114862bf4 -> 
  custom:scripting/monoscript/fileName/LookAtCamera.cs: c89e844d610ff572aa3b28387fdf619c -> 
  custom:container-muxer-webm: aa71ff27fc2769a1b78a27578f13a17b -> 
  custom:video-decoder-webm-vp8: 9c59270c3fd7afecdb556c50c9e8de78 -> 
  custom:scripting/monoscript/fileName/TMP_PhoneNumberValidator.cs: 7c3049f481e464c6a9a15dee56c3126f -> 
  custom:SearchIndexIgnoredProperties: e643bd26f0fe6173181afceb89e7c659 -> 
  custom:AudioImporter_EditorPlatform: 3918e3fc78b5a79bad01e8451be0beb8 -> 
  custom:scripting/monoscript/fileName/EnvMapAnimator.cs: 1b4f61c17e4b7283c3ac351aacff9d26 -> 
  custom:scripting/monoscript/fileName/ShaderPropAnimator.cs: 55ce425812446482e623ff2695c94cb2 -> 
  custom:scripting/monoscript/fileName/SimpleScript.cs: 454caab0c6c050f29b39d82e1d66d0fa -> 
  custom:scripting/monoscript/fileName/AstroLaser.cs: 26653888dbc089cf903671d0935f9d0c -> 
  custom:scripting/monoscript/fileName/ObjectSpin.cs: 2b96bb2079dd7fa5108d981627a28e1e -> 
  custom:scripting/monoscript/fileName/CameraController.cs: 34b6be4e23ce86dc89786916c5983296 -> 
  custom:scripting/monoscript/fileName/TMP_TextInfoDebugTool.cs: 3f1709cfb2cc628169113a35b5e9be3f -> 
  custom:framework-osx-AVFoundation: e770b220cccbd017edd2c1fefb359320 -> 
  custom:scripting/monoscript/fileName/TMP_TextSelector_A.cs: 347309a09d56e367b188a6978f75b424 -> 
  custom:video-encoder-webm-vp8: eb34c28f22e8b96e1ab97ce403110664 -> 
  custom:audio-decoder-ogg-vorbis: bf7c407c2cedff20999df2af8eb42d56 -> 
  custom:scripting/monoscript/fileName/VertexJitter.cs: d27eb5498e48714a66aece98da065133 -> 
  custom:scripting/monoscript/fileName/TextConsoleSimulator.cs: 33fc311abb20b5b0ed8f00e4d86b574e -> 
  custom:scripting/monoscript/fileName/VertexColorCycler.cs: 5f984ca91cf3609293aecc6bc5641572 -> 
  custom:scripting/monoscript/fileName/TMP_FrameRateCounter.cs: 46f655df8cb483ac5958307137b1585a -> 
  custom:scripting/monoscript/fileName/VertexShakeB.cs: a6f78c4fcda1a29a1a1c1baefedba9e7 -> 
  custom:scripting/monoscript/fileName/TMP_UiFrameRateCounter.cs: b01021aea19247f14a98ab338907956a -> 
  custom:scripting/monoscript/fileName/StarTwinkle.cs: ac618481f721577fd89cf2d7fed70354 -> 
  custom:scripting/monoscript/fileName/TMPro_InstructionOverlay.cs: b626d2270e6ebd5c4311585c18b58d8d -> 
  custom:scripting/monoscript/fileName/TMP_DigitValidator.cs: ac02af96215ae3951a3cce9e1a8c6085 -> 
  custom:audio-encoder-webm-vorbis: bf7c407c2cedff20999df2af8eb42d56 -> 
  custom:scripting/monoscript/fileName/Benchmark01_UGUI.cs: 6148cfe2627b7708298f301788144139 -> 
  custom:scripting/monoscript/fileName/LaserControllerLeft.cs: 7e5ab3c36215566daf0a6b2d4ff82ca9 -> 
  custom:scripting/monoscript/fileName/LeftHandActivator.cs: ceb61ca6a6db9add1527617a23bb9ceb -> 
  custom:scripting/precompiled-assembly-types:Assembly-CSharp: 63ab470e4f34cd9788a094807a06d9d4 -> 
  custom:scripting/monoscript/fileName/Benchmark03.cs: 17cc87e0529ac71d909a946afb47a274 -> 
========================================================================
Received Import Request.
  Time since last request: 64330.314486 seconds.
  path: Assets/EarthGroundVisual.cs
  artifactKey: Guid(b8b9c1f8b2664481a26c62064f0b1d3e) Importer(815301076,1909f56bfc062723c751e8b465ee728b)
Start importing Assets/EarthGroundVisual.cs using Guid(b8b9c1f8b2664481a26c62064f0b1d3e) Importer(815301076,1909f56bfc062723c751e8b465ee728b) [PhysX] Initialized MultithreadedTaskDispatcher with 12 workers.
 -> (artifact id: 'cfe111a194ddc64f16b19e137c409f1e') in 0.005673 seconds
Number of updated asset objects reloaded before import = 0
Number of asset objects unloaded after import = 0
========================================================================
Received Prepare
Caller must complete domain reload
Begin MonoManager ReloadAssembly
Thread 0x16f3c3000 may have been prematurely finalized
- Loaded All Assemblies, in  0.353 seconds
Native extension for Android target not found
Native extension for OSXStandalone target not found
[Package Manager] Server::EnsureServerProcessIsRunning -- launch failed, reason: Unity was launched with the -noUpm command-line argument
[Package Manager] UpmClient::Send -- Unable to send message (not connected to UPM process).
[Package Manager] Cannot connect to Unity Package Manager local server
[Package Manager] Server::EnsureServerProcessIsRunning -- launch failed, reason: Unity was launched with the -noUpm command-line argument
[Package Manager] UpmClient::Send -- Unable to send message (not connected to UPM process).
[Package Manager] Cannot connect to Unity Package Manager local server
Mono: successfully reloaded assembly
[Package Manager] Server::EnsureServerProcessIsRunning -- launch failed, reason: Unity was launched with the -noUpm command-line argument
[Package Manager] UpmClient::Send -- Unable to send message (not connected to UPM process).
[Package Manager] Cannot connect to Unity Package Manager local server
- Finished resetting the current domain, in  1.131 seconds
Domain Reload Profiling: 1483ms
	BeginReloadAssembly (99ms)
		ExecutionOrderSort (0ms)
		DisableScriptedObjects (2ms)
		BackupInstance (0ms)
		ReleaseScriptingObjects (0ms)
		CreateAndSetChildDomain (32ms)
	RebuildCommonClasses (19ms)
	RebuildNativeTypeToScriptingClass (7ms)
	initialDomainReloadingComplete (16ms)
	LoadAllAssembliesAndSetupDomain (212ms)
		LoadAssemblies (215ms)
		RebuildTransferFunctionScriptingTraits (0ms)
		AnalyzeDomain (37ms)
			TypeCache.Refresh (11ms)
				TypeCache.ScanAssembly (1ms)
			ScanForSourceGeneratedMonoScriptInfo (18ms)
			ResolveRequiredComponents (7ms)
	FinalizeReload (1131ms)
		ReleaseScriptCaches (0ms)
		RebuildScriptCaches (0ms)
		SetupLoadedEditorAssemblies (367ms)
			LogAssemblyErrors (0ms)
			InitializePlatformSupportModulesInManaged (8ms)
			SetLoadedEditorAssemblies (3ms)
			RefreshPlugins (0ms)
			BeforeProcessingInitializeOnLoad (39ms)
			ProcessInitializeOnLoadAttributes (287ms)
			ProcessInitializeOnLoadMethodAttributes (29ms)
			AfterProcessingInitializeOnLoad (1ms)
			EditorAssembliesLoaded (0ms)
		ExecutionOrderSort2 (0ms)
		AwakeInstancesAfterBackupRestoration (3ms)
WARNING: Shader Unsupported: 'URP/UI/Prerendered Opaque' - All subshaders removed
WARNING: Shader Did you use #pragma only_renderers and omit this platform?
WARNING: Shader If subshaders removal was intentional, you may have forgotten turning Fallback off?
WARNING: Shader Unsupported: 'URP/UI/Prerendered Opaque' - All subshaders removed
WARNING: Shader Did you use #pragma only_renderers and omit this platform?
WARNING: Shader If subshaders removal was intentional, you may have forgotten turning Fallback off?
WARNING: Shader Unsupported: 'EnvironmentDepth/URP/OcclusionUnlit' - All subshaders removed
WARNING: Shader Did you use #pragma only_renderers and omit this platform?
WARNING: Shader If subshaders removal was intentional, you may have forgotten turning Fallback off?
WARNING: Shader Unsupported: 'EnvironmentDepth/URP/OcclusionUnlit' - All subshaders removed
WARNING: Shader Did you use #pragma only_renderers and omit this platform?
WARNING: Shader If subshaders removal was intentional, you may have forgotten turning Fallback off?
WARNING: Shader Unsupported: 'URP/UI/Prerendered' - All subshaders removed
WARNING: Shader Did you use #pragma only_renderers and omit this platform?
WARNING: Shader If subshaders removal was intentional, you may have forgotten turning Fallback off?
WARNING: Shader Unsupported: 'URP/UI/Prerendered' - All subshaders removed
WARNING: Shader Did you use #pragma only_renderers and omit this platform?
WARNING: Shader If subshaders removal was intentional, you may have forgotten turning Fallback off?
Shader 'Oculus/OVRMRCameraFrameLit': fallback shader 'Alpha-Diffuse' not found
Refreshing native plugins compatible for Editor in 3.98 ms, found 11 plugins.
Preloading 0 native plugins for Editor in 0.00 ms.
Unloading 5845 Unused Serialized files (Serialized files now loaded: 0)
Unloading 85 unused Assets / (414.3 KB). Loaded Objects now: 6498.
Memory consumption went from 292.1 MB to 291.7 MB.
Total: 5.739625 ms (FindLiveObjects: 0.212709 ms CreateObjectMapping: 0.062708 ms MarkObjects: 5.182375 ms  DeleteObjects: 0.281416 ms)

Prepare: number of updated asset objects reloaded= 0
AssetImportParameters requested are different than current active one (requested -> active):
  custom:scripting/monoscript/fileName/SkewTextExample.cs: c142d02d70a129e0533975f7c2f96956 -> 
  custom:scripting/monoscript/fileName/GroundVegetationSpawner.cs: a8e7b8153a49d8553e0fcc8880049827 -> 
  custom:container-demuxer-ogg: 62fdf1f143b41e24485cea50d1cbac27 -> 
  custom:scripting/monoscript/fileName/AstroMath.cs: 1932568a5daca2d25b8b5c7242983aec -> 
  custom:scripting/monoscript/fileName/TMP_TextEventHandler.cs: f5cd9d5a43bfefc8f4fec80e6de896a4 -> 
  custom:scripting/monoscript/fileName/TextMeshProFloatingText.cs: 92608fa4a6315cd0786d82205e77b697 -> 
  custom:scripting/monoscript/fileName/VertexZoom.cs: 650ab1e81d40126e3edcf737cce646e4 -> 
  custom:scripting/monoscript/fileName/VertexShakeA.cs: 63ec564c588058369499638dd899e05b -> 
  custom:scripting/monoscript/fileName/TMP_ExampleScript_01.cs: a9d4be556104ff54e7d240529b3e01dc -> 
  custom:video-decoder-ogg-theora: a1e56fd34408186e4bbccfd4996cb3dc -> 
  custom:scripting/monoscript/fileName/TMP_TextEventCheck.cs: 13505d917eab5868c435e0c2986dadfa -> 
  custom:scripting/monoscript/fileName/TMP_TextSelector_B.cs: ba2be21a7486d37b1011342977a2e49d -> 
  custom:scripting/monoscript/fileName/Benchmark01.cs: 2d3e2cd961730ab95f139a49a673bace -> 
  custom:scripting/monoscript/fileName/Benchmark02.cs: 5640963252ce70910e726415f869ced6 -> 
  custom:scripting/monoscript/fileName/PlanetariumManager.cs: 22b040d69c7e89a9f75db3e2f35d583d -> 
  custom:scripting/monoscript/fileName/DropdownSample.cs: 0a92251794e5f10400149f96c3c59e5d -> 
  custom:scripting/monoscript/fileName/WarpTextExample.cs: 2663459c266363641981c7d17b698d7f -> 
  custom:CustomObjectIndexerAttribute: 9a22284fe3817be447336de3de66b15e -> 
  custom:container-demuxer-webm: 4f35f7cbe854078d1ac9338744f61a02 -> 
  custom:scripting/monoscript/fileName/StarData.cs: 8c3ecaae97776e3a509e6c92c6d1978c -> 
  custom:scripting/monoscript/fileName/EarthGroundRealistic.cs: 186beb94bc05013618de78c0bf9fca68 -> 
  custom:scripting/monoscript/fileName/ChatController.cs: 876d5ccae6e345dd5d9450eb0a748f16 -> 
  custom:scripting/monoscript/fileName/EarthGroundVisual.cs: 36a50b70f05d0b9c126df611b2357b9b -> 
  custom:scripting/monoscript/fileName/TextMeshSpawner.cs: 76f28e2ddb031571e6ec62b018f65fa8 -> 
  custom:scripting/monoscript/fileName/TeleType.cs: 31fa97821c4c70f157ec81d507aa6b62 -> 
  custom:scripting/monoscript/fileName/Benchmark04.cs: 32220b148620e52aa81c13a114862bf4 -> 
  custom:scripting/monoscript/fileName/LookAtCamera.cs: c89e844d610ff572aa3b28387fdf619c -> 
  custom:container-muxer-webm: aa71ff27fc2769a1b78a27578f13a17b -> 
  custom:video-decoder-webm-vp8: 9c59270c3fd7afecdb556c50c9e8de78 -> 
  custom:scripting/monoscript/fileName/TMP_PhoneNumberValidator.cs: 7c3049f481e464c6a9a15dee56c3126f -> 
  custom:SearchIndexIgnoredProperties: e643bd26f0fe6173181afceb89e7c659 -> 
  custom:AudioImporter_EditorPlatform: 3918e3fc78b5a79bad01e8451be0beb8 -> 
  custom:scripting/monoscript/fileName/EnvMapAnimator.cs: 1b4f61c17e4b7283c3ac351aacff9d26 -> 
  custom:scripting/monoscript/fileName/ShaderPropAnimator.cs: 55ce425812446482e623ff2695c94cb2 -> 
  custom:scripting/monoscript/fileName/SimpleScript.cs: 454caab0c6c050f29b39d82e1d66d0fa -> 
  custom:scripting/monoscript/fileName/AstroLaser.cs: 26653888dbc089cf903671d0935f9d0c -> 
  custom:scripting/monoscript/fileName/ObjectSpin.cs: 2b96bb2079dd7fa5108d981627a28e1e -> 
  custom:scripting/monoscript/fileName/CameraController.cs: 34b6be4e23ce86dc89786916c5983296 -> 
  custom:scripting/monoscript/fileName/TMP_TextInfoDebugTool.cs: 3f1709cfb2cc628169113a35b5e9be3f -> 
  custom:framework-osx-AVFoundation: e770b220cccbd017edd2c1fefb359320 -> 
  custom:scripting/monoscript/fileName/TMP_TextSelector_A.cs: 347309a09d56e367b188a6978f75b424 -> 
  custom:video-encoder-webm-vp8: eb34c28f22e8b96e1ab97ce403110664 -> 
  custom:audio-decoder-ogg-vorbis: bf7c407c2cedff20999df2af8eb42d56 -> 
  custom:scripting/monoscript/fileName/VertexJitter.cs: d27eb5498e48714a66aece98da065133 -> 
  custom:scripting/monoscript/fileName/TextConsoleSimulator.cs: 33fc311abb20b5b0ed8f00e4d86b574e -> 
  custom:scripting/monoscript/fileName/VertexColorCycler.cs: 5f984ca91cf3609293aecc6bc5641572 -> 
  custom:scripting/monoscript/fileName/TMP_FrameRateCounter.cs: 46f655df8cb483ac5958307137b1585a -> 
  custom:scripting/monoscript/fileName/VertexShakeB.cs: a6f78c4fcda1a29a1a1c1baefedba9e7 -> 
  custom:scripting/monoscript/fileName/TMP_UiFrameRateCounter.cs: b01021aea19247f14a98ab338907956a -> 
  custom:scripting/monoscript/fileName/StarTwinkle.cs: ac618481f721577fd89cf2d7fed70354 -> 
  custom:scripting/monoscript/fileName/TMPro_InstructionOverlay.cs: b626d2270e6ebd5c4311585c18b58d8d -> 
  custom:scripting/monoscript/fileName/TMP_DigitValidator.cs: ac02af96215ae3951a3cce9e1a8c6085 -> 
  custom:audio-encoder-webm-vorbis: bf7c407c2cedff20999df2af8eb42d56 -> 
  custom:scripting/monoscript/fileName/Benchmark01_UGUI.cs: 6148cfe2627b7708298f301788144139 -> 
  custom:scripting/monoscript/fileName/LaserControllerLeft.cs: 7e5ab3c36215566daf0a6b2d4ff82ca9 -> 
  custom:scripting/monoscript/fileName/LeftHandActivator.cs: ceb61ca6a6db9add1527617a23bb9ceb -> 
  custom:scripting/precompiled-assembly-types:Assembly-CSharp: ee9d3bd28e798fda85962f909a8240cf -> 
  custom:scripting/monoscript/fileName/Benchmark03.cs: 17cc87e0529ac71d909a946afb47a274 -> 
========================================================================
Received Prepare
WARNING: Shader Unsupported: 'URP/UI/Prerendered Opaque' - All subshaders removed
WARNING: Shader Did you use #pragma only_renderers and omit this platform?
WARNING: Shader If subshaders removal was intentional, you may have forgotten turning Fallback off?
WARNING: Shader Unsupported: 'URP/UI/Prerendered Opaque' - All subshaders removed
WARNING: Shader Did you use #pragma only_renderers and omit this platform?
WARNING: Shader If subshaders removal was intentional, you may have forgotten turning Fallback off?
WARNING: Shader Unsupported: 'EnvironmentDepth/URP/OcclusionUnlit' - All subshaders removed
WARNING: Shader Did you use #pragma only_renderers and omit this platform?
WARNING: Shader If subshaders removal was intentional, you may have forgotten turning Fallback off?
WARNING: Shader Unsupported: 'EnvironmentDepth/URP/OcclusionUnlit' - All subshaders removed
WARNING: Shader Did you use #pragma only_renderers and omit this platform?
WARNING: Shader If subshaders removal was intentional, you may have forgotten turning Fallback off?
WARNING: Shader Unsupported: 'URP/UI/Prerendered' - All subshaders removed
WARNING: Shader Did you use #pragma only_renderers and omit this platform?
WARNING: Shader If subshaders removal was intentional, you may have forgotten turning Fallback off?
WARNING: Shader Unsupported: 'URP/UI/Prerendered' - All subshaders removed
WARNING: Shader Did you use #pragma only_renderers and omit this platform?
WARNING: Shader If subshaders removal was intentional, you may have forgotten turning Fallback off?
Shader 'Oculus/OVRMRCameraFrameLit': fallback shader 'Alpha-Diffuse' not found
Refreshing native plugins compatible for Editor in 4.75 ms, found 11 plugins.
Preloading 0 native plugins for Editor in 0.00 ms.
Unloading 6 Unused Serialized files (Serialized files now loaded: 0)
Unloading 6 unused Assets / (365.7 KB). Loaded Objects now: 6498.
Memory consumption went from 200.7 MB to 200.4 MB.
Total: 5.187958 ms (FindLiveObjects: 0.194209 ms CreateObjectMapping: 0.060625 ms MarkObjects: 4.760916 ms  DeleteObjects: 0.171875 ms)

Prepare: number of updated asset objects reloaded= 0
AssetImportParameters requested are different than current active one (requested -> active):
  custom:scripting/monoscript/fileName/SkewTextExample.cs: c142d02d70a129e0533975f7c2f96956 -> 
  custom:scripting/monoscript/fileName/GroundVegetationSpawner.cs: a8e7b8153a49d8553e0fcc8880049827 -> 
  custom:container-demuxer-ogg: 62fdf1f143b41e24485cea50d1cbac27 -> 
  custom:scripting/monoscript/fileName/AstroMath.cs: 1932568a5daca2d25b8b5c7242983aec -> 
  custom:scripting/monoscript/fileName/TMP_TextEventHandler.cs: f5cd9d5a43bfefc8f4fec80e6de896a4 -> 
  custom:scripting/monoscript/fileName/TextMeshProFloatingText.cs: 92608fa4a6315cd0786d82205e77b697 -> 
  custom:scripting/monoscript/fileName/VertexZoom.cs: 650ab1e81d40126e3edcf737cce646e4 -> 
  custom:scripting/monoscript/fileName/VertexShakeA.cs: 63ec564c588058369499638dd899e05b -> 
  custom:scripting/monoscript/fileName/TMP_ExampleScript_01.cs: a9d4be556104ff54e7d240529b3e01dc -> 
  custom:video-decoder-ogg-theora: a1e56fd34408186e4bbccfd4996cb3dc -> 
  custom:scripting/monoscript/fileName/TMP_TextEventCheck.cs: 13505d917eab5868c435e0c2986dadfa -> 
  custom:scripting/monoscript/fileName/TMP_TextSelector_B.cs: ba2be21a7486d37b1011342977a2e49d -> 
  custom:scripting/monoscript/fileName/Benchmark01.cs: 2d3e2cd961730ab95f139a49a673bace -> 
  custom:scripting/monoscript/fileName/Benchmark02.cs: 5640963252ce70910e726415f869ced6 -> 
  custom:scripting/monoscript/fileName/PlanetariumManager.cs: 22b040d69c7e89a9f75db3e2f35d583d -> 
  custom:scripting/monoscript/fileName/DropdownSample.cs: 0a92251794e5f10400149f96c3c59e5d -> 
  custom:scripting/monoscript/fileName/WarpTextExample.cs: 2663459c266363641981c7d17b698d7f -> 
  custom:CustomObjectIndexerAttribute: 9a22284fe3817be447336de3de66b15e -> 
  custom:container-demuxer-webm: 4f35f7cbe854078d1ac9338744f61a02 -> 
  custom:scripting/monoscript/fileName/StarData.cs: 8c3ecaae97776e3a509e6c92c6d1978c -> 
  custom:scripting/monoscript/fileName/EarthGroundRealistic.cs: 186beb94bc05013618de78c0bf9fca68 -> 
  custom:scripting/monoscript/fileName/ChatController.cs: 876d5ccae6e345dd5d9450eb0a748f16 -> 
  custom:scripting/monoscript/fileName/EarthGroundVisual.cs: 36a50b70f05d0b9c126df611b2357b9b -> 
  custom:scripting/monoscript/fileName/TextMeshSpawner.cs: 76f28e2ddb031571e6ec62b018f65fa8 -> 
  custom:scripting/monoscript/fileName/TeleType.cs: 31fa97821c4c70f157ec81d507aa6b62 -> 
  custom:scripting/monoscript/fileName/Benchmark04.cs: 32220b148620e52aa81c13a114862bf4 -> 
  custom:scripting/monoscript/fileName/LookAtCamera.cs: c89e844d610ff572aa3b28387fdf619c -> 
  custom:container-muxer-webm: aa71ff27fc2769a1b78a27578f13a17b -> 
  custom:video-decoder-webm-vp8: 9c59270c3fd7afecdb556c50c9e8de78 -> 
  custom:scripting/monoscript/fileName/TMP_PhoneNumberValidator.cs: 7c3049f481e464c6a9a15dee56c3126f -> 
  custom:SearchIndexIgnoredProperties: e643bd26f0fe6173181afceb89e7c659 -> 
  custom:AudioImporter_EditorPlatform: 3918e3fc78b5a79bad01e8451be0beb8 -> 
  custom:scripting/monoscript/fileName/EnvMapAnimator.cs: 1b4f61c17e4b7283c3ac351aacff9d26 -> 
  custom:scripting/monoscript/fileName/ShaderPropAnimator.cs: 55ce425812446482e623ff2695c94cb2 -> 
  custom:scripting/monoscript/fileName/SimpleScript.cs: 454caab0c6c050f29b39d82e1d66d0fa -> 
  custom:scripting/monoscript/fileName/AstroLaser.cs: 26653888dbc089cf903671d0935f9d0c -> 
  custom:scripting/monoscript/fileName/ObjectSpin.cs: 2b96bb2079dd7fa5108d981627a28e1e -> 
  custom:scripting/monoscript/fileName/CameraController.cs: 34b6be4e23ce86dc89786916c5983296 -> 
  custom:scripting/monoscript/fileName/TMP_TextInfoDebugTool.cs: 3f1709cfb2cc628169113a35b5e9be3f -> 
  custom:framework-osx-AVFoundation: e770b220cccbd017edd2c1fefb359320 -> 
  custom:scripting/monoscript/fileName/TMP_TextSelector_A.cs: 347309a09d56e367b188a6978f75b424 -> 
  custom:video-encoder-webm-vp8: eb34c28f22e8b96e1ab97ce403110664 -> 
  custom:audio-decoder-ogg-vorbis: bf7c407c2cedff20999df2af8eb42d56 -> 
  custom:scripting/monoscript/fileName/VertexJitter.cs: d27eb5498e48714a66aece98da065133 -> 
  custom:scripting/monoscript/fileName/TextConsoleSimulator.cs: 33fc311abb20b5b0ed8f00e4d86b574e -> 
  custom:scripting/monoscript/fileName/VertexColorCycler.cs: 5f984ca91cf3609293aecc6bc5641572 -> 
  custom:scripting/monoscript/fileName/TMP_FrameRateCounter.cs: 46f655df8cb483ac5958307137b1585a -> 
  custom:scripting/monoscript/fileName/VertexShakeB.cs: a6f78c4fcda1a29a1a1c1baefedba9e7 -> 
  custom:scripting/monoscript/fileName/TMP_UiFrameRateCounter.cs: b01021aea19247f14a98ab338907956a -> 
  custom:scripting/monoscript/fileName/StarTwinkle.cs: ac618481f721577fd89cf2d7fed70354 -> 
  custom:scripting/monoscript/fileName/TMPro_InstructionOverlay.cs: b626d2270e6ebd5c4311585c18b58d8d -> 
  custom:scripting/monoscript/fileName/TMP_DigitValidator.cs: ac02af96215ae3951a3cce9e1a8c6085 -> 
  custom:audio-encoder-webm-vorbis: bf7c407c2cedff20999df2af8eb42d56 -> 
  custom:scripting/monoscript/fileName/Benchmark01_UGUI.cs: 6148cfe2627b7708298f301788144139 -> 
  custom:scripting/monoscript/fileName/LaserControllerLeft.cs: 7e5ab3c36215566daf0a6b2d4ff82ca9 -> 
  custom:scripting/monoscript/fileName/LeftHandActivator.cs: ceb61ca6a6db9add1527617a23bb9ceb -> 
  custom:scripting/precompiled-assembly-types:Assembly-CSharp: ee9d3bd28e798fda85962f909a8240cf -> 
  custom:scripting/monoscript/fileName/Benchmark03.cs: 17cc87e0529ac71d909a946afb47a274 -> 
========================================================================
Received Prepare
WARNING: Shader Unsupported: 'URP/UI/Prerendered Opaque' - All subshaders removed
WARNING: Shader Did you use #pragma only_renderers and omit this platform?
WARNING: Shader If subshaders removal was intentional, you may have forgotten turning Fallback off?
WARNING: Shader Unsupported: 'URP/UI/Prerendered Opaque' - All subshaders removed
WARNING: Shader Did you use #pragma only_renderers and omit this platform?
WARNING: Shader If subshaders removal was intentional, you may have forgotten turning Fallback off?
WARNING: Shader Unsupported: 'EnvironmentDepth/URP/OcclusionUnlit' - All subshaders removed
WARNING: Shader Did you use #pragma only_renderers and omit this platform?
WARNING: Shader If subshaders removal was intentional, you may have forgotten turning Fallback off?
WARNING: Shader Unsupported: 'EnvironmentDepth/URP/OcclusionUnlit' - All subshaders removed
WARNING: Shader Did you use #pragma only_renderers and omit this platform?
WARNING: Shader If subshaders removal was intentional, you may have forgotten turning Fallback off?
WARNING: Shader Unsupported: 'URP/UI/Prerendered' - All subshaders removed
WARNING: Shader Did you use #pragma only_renderers and omit this platform?
WARNING: Shader If subshaders removal was intentional, you may have forgotten turning Fallback off?
WARNING: Shader Unsupported: 'URP/UI/Prerendered' - All subshaders removed
WARNING: Shader Did you use #pragma only_renderers and omit this platform?
WARNING: Shader If subshaders removal was intentional, you may have forgotten turning Fallback off?
Shader 'Oculus/OVRMRCameraFrameLit': fallback shader 'Alpha-Diffuse' not found
Refreshing native plugins compatible for Editor in 5.34 ms, found 11 plugins.
Preloading 0 native plugins for Editor in 0.00 ms.
Unloading 6 Unused Serialized files (Serialized files now loaded: 0)
Unloading 6 unused Assets / (365.8 KB). Loaded Objects now: 6498.
Memory consumption went from 199.2 MB to 198.8 MB.
Total: 8.391875 ms (FindLiveObjects: 0.243834 ms CreateObjectMapping: 0.060500 ms MarkObjects: 7.892375 ms  DeleteObjects: 0.194666 ms)

Prepare: number of updated asset objects reloaded= 0
AssetImportParameters requested are different than current active one (requested -> active):
  custom:scripting/monoscript/fileName/SkewTextExample.cs: c142d02d70a129e0533975f7c2f96956 -> 
  custom:scripting/monoscript/fileName/GroundVegetationSpawner.cs: a8e7b8153a49d8553e0fcc8880049827 -> 
  custom:container-demuxer-ogg: 62fdf1f143b41e24485cea50d1cbac27 -> 
  custom:scripting/monoscript/fileName/AstroMath.cs: 1932568a5daca2d25b8b5c7242983aec -> 
  custom:scripting/monoscript/fileName/TMP_TextEventHandler.cs: f5cd9d5a43bfefc8f4fec80e6de896a4 -> 
  custom:scripting/monoscript/fileName/TextMeshProFloatingText.cs: 92608fa4a6315cd0786d82205e77b697 -> 
  custom:scripting/monoscript/fileName/VertexZoom.cs: 650ab1e81d40126e3edcf737cce646e4 -> 
  custom:scripting/monoscript/fileName/VertexShakeA.cs: 63ec564c588058369499638dd899e05b -> 
  custom:scripting/monoscript/fileName/TMP_ExampleScript_01.cs: a9d4be556104ff54e7d240529b3e01dc -> 
  custom:video-decoder-ogg-theora: a1e56fd34408186e4bbccfd4996cb3dc -> 
  custom:scripting/monoscript/fileName/TMP_TextEventCheck.cs: 13505d917eab5868c435e0c2986dadfa -> 
  custom:scripting/monoscript/fileName/TMP_TextSelector_B.cs: ba2be21a7486d37b1011342977a2e49d -> 
  custom:scripting/monoscript/fileName/Benchmark01.cs: 2d3e2cd961730ab95f139a49a673bace -> 
  custom:scripting/monoscript/fileName/Benchmark02.cs: 5640963252ce70910e726415f869ced6 -> 
  custom:scripting/monoscript/fileName/PlanetariumManager.cs: 22b040d69c7e89a9f75db3e2f35d583d -> 
  custom:scripting/monoscript/fileName/DropdownSample.cs: 0a92251794e5f10400149f96c3c59e5d -> 
  custom:scripting/monoscript/fileName/WarpTextExample.cs: 2663459c266363641981c7d17b698d7f -> 
  custom:CustomObjectIndexerAttribute: 9a22284fe3817be447336de3de66b15e -> 
  custom:container-demuxer-webm: 4f35f7cbe854078d1ac9338744f61a02 -> 
  custom:scripting/monoscript/fileName/StarData.cs: 8c3ecaae97776e3a509e6c92c6d1978c -> 
  custom:scripting/monoscript/fileName/EarthGroundRealistic.cs: 186beb94bc05013618de78c0bf9fca68 -> 
  custom:scripting/monoscript/fileName/ChatController.cs: 876d5ccae6e345dd5d9450eb0a748f16 -> 
  custom:scripting/monoscript/fileName/EarthGroundVisual.cs: 36a50b70f05d0b9c126df611b2357b9b -> 
  custom:scripting/monoscript/fileName/TextMeshSpawner.cs: 76f28e2ddb031571e6ec62b018f65fa8 -> 
  custom:scripting/monoscript/fileName/TeleType.cs: 31fa97821c4c70f157ec81d507aa6b62 -> 
  custom:scripting/monoscript/fileName/Benchmark04.cs: 32220b148620e52aa81c13a114862bf4 -> 
  custom:scripting/monoscript/fileName/LookAtCamera.cs: c89e844d610ff572aa3b28387fdf619c -> 
  custom:container-muxer-webm: aa71ff27fc2769a1b78a27578f13a17b -> 
  custom:video-decoder-webm-vp8: 9c59270c3fd7afecdb556c50c9e8de78 -> 
  custom:scripting/monoscript/fileName/TMP_PhoneNumberValidator.cs: 7c3049f481e464c6a9a15dee56c3126f -> 
  custom:SearchIndexIgnoredProperties: e643bd26f0fe6173181afceb89e7c659 -> 
  custom:AudioImporter_EditorPlatform: 3918e3fc78b5a79bad01e8451be0beb8 -> 
  custom:scripting/monoscript/fileName/EnvMapAnimator.cs: 1b4f61c17e4b7283c3ac351aacff9d26 -> 
  custom:scripting/monoscript/fileName/ShaderPropAnimator.cs: 55ce425812446482e623ff2695c94cb2 -> 
  custom:scripting/monoscript/fileName/SimpleScript.cs: 454caab0c6c050f29b39d82e1d66d0fa -> 
  custom:scripting/monoscript/fileName/AstroLaser.cs: 26653888dbc089cf903671d0935f9d0c -> 
  custom:scripting/monoscript/fileName/ObjectSpin.cs: 2b96bb2079dd7fa5108d981627a28e1e -> 
  custom:scripting/monoscript/fileName/CameraController.cs: 34b6be4e23ce86dc89786916c5983296 -> 
  custom:scripting/monoscript/fileName/TMP_TextInfoDebugTool.cs: 3f1709cfb2cc628169113a35b5e9be3f -> 
  custom:framework-osx-AVFoundation: e770b220cccbd017edd2c1fefb359320 -> 
  custom:scripting/monoscript/fileName/TMP_TextSelector_A.cs: 347309a09d56e367b188a6978f75b424 -> 
  custom:video-encoder-webm-vp8: eb34c28f22e8b96e1ab97ce403110664 -> 
  custom:audio-decoder-ogg-vorbis: bf7c407c2cedff20999df2af8eb42d56 -> 
  custom:scripting/monoscript/fileName/VertexJitter.cs: d27eb5498e48714a66aece98da065133 -> 
  custom:scripting/monoscript/fileName/TextConsoleSimulator.cs: 33fc311abb20b5b0ed8f00e4d86b574e -> 
  custom:scripting/monoscript/fileName/VertexColorCycler.cs: 5f984ca91cf3609293aecc6bc5641572 -> 
  custom:scripting/monoscript/fileName/TMP_FrameRateCounter.cs: 46f655df8cb483ac5958307137b1585a -> 
  custom:scripting/monoscript/fileName/VertexShakeB.cs: a6f78c4fcda1a29a1a1c1baefedba9e7 -> 
  custom:scripting/monoscript/fileName/TMP_UiFrameRateCounter.cs: b01021aea19247f14a98ab338907956a -> 
  custom:scripting/monoscript/fileName/StarTwinkle.cs: ac618481f721577fd89cf2d7fed70354 -> 
  custom:scripting/monoscript/fileName/TMPro_InstructionOverlay.cs: b626d2270e6ebd5c4311585c18b58d8d -> 
  custom:scripting/monoscript/fileName/TMP_DigitValidator.cs: ac02af96215ae3951a3cce9e1a8c6085 -> 
  custom:audio-encoder-webm-vorbis: bf7c407c2cedff20999df2af8eb42d56 -> 
  custom:scripting/monoscript/fileName/Benchmark01_UGUI.cs: 6148cfe2627b7708298f301788144139 -> 
  custom:scripting/monoscript/fileName/LaserControllerLeft.cs: 7e5ab3c36215566daf0a6b2d4ff82ca9 -> 
  custom:scripting/monoscript/fileName/LeftHandActivator.cs: ceb61ca6a6db9add1527617a23bb9ceb -> 
  custom:scripting/precompiled-assembly-types:Assembly-CSharp: ee9d3bd28e798fda85962f909a8240cf -> 
  custom:scripting/monoscript/fileName/Benchmark03.cs: 17cc87e0529ac71d909a946afb47a274 -> 
========================================================================
Received Import Request.
  Time since last request: 759.070813 seconds.
  path: Assets/StarPrefab.prefab
  artifactKey: Guid(9ecd496ca2c1044f5b9b8383d52bb82b) Importer(815301076,1909f56bfc062723c751e8b465ee728b)
Start importing Assets/StarPrefab.prefab using Guid(9ecd496ca2c1044f5b9b8383d52bb82b) Importer(815301076,1909f56bfc062723c751e8b465ee728b) [PhysX] Initialized MultithreadedTaskDispatcher with 12 workers.
[PhysX] Initialized MultithreadedTaskDispatcher with 12 workers.
 -> (artifact id: '9929421d86c0db7a0c932be96cf880ce') in 0.042792 seconds
Number of updated asset objects reloaded before import = 0
Number of asset objects unloaded after import = 9
========================================================================
Received Prepare
WARNING: Shader Unsupported: 'URP/UI/Prerendered Opaque' - All subshaders removed
WARNING: Shader Did you use #pragma only_renderers and omit this platform?
WARNING: Shader If subshaders removal was intentional, you may have forgotten turning Fallback off?
WARNING: Shader Unsupported: 'URP/UI/Prerendered Opaque' - All subshaders removed
WARNING: Shader Did you use #pragma only_renderers and omit this platform?
WARNING: Shader If subshaders removal was intentional, you may have forgotten turning Fallback off?
WARNING: Shader Unsupported: 'EnvironmentDepth/URP/OcclusionUnlit' - All subshaders removed
WARNING: Shader Did you use #pragma only_renderers and omit this platform?
WARNING: Shader If subshaders removal was intentional, you may have forgotten turning Fallback off?
WARNING: Shader Unsupported: 'EnvironmentDepth/URP/OcclusionUnlit' - All subshaders removed
WARNING: Shader Did you use #pragma only_renderers and omit this platform?
WARNING: Shader If subshaders removal was intentional, you may have forgotten turning Fallback off?
WARNING: Shader Unsupported: 'URP/UI/Prerendered' - All subshaders removed
WARNING: Shader Did you use #pragma only_renderers and omit this platform?
WARNING: Shader If subshaders removal was intentional, you may have forgotten turning Fallback off?
WARNING: Shader Unsupported: 'URP/UI/Prerendered' - All subshaders removed
WARNING: Shader Did you use #pragma only_renderers and omit this platform?
WARNING: Shader If subshaders removal was intentional, you may have forgotten turning Fallback off?
Shader 'Oculus/OVRMRCameraFrameLit': fallback shader 'Alpha-Diffuse' not found
Refreshing native plugins compatible for Editor in 4.75 ms, found 11 plugins.
Preloading 0 native plugins for Editor in 0.00 ms.
Unloading 5 Unused Serialized files (Serialized files now loaded: 0)
Unloading 7 unused Assets / (363.6 KB). Loaded Objects now: 6499.
Memory consumption went from 198.6 MB to 198.3 MB.
Total: 5.510666 ms (FindLiveObjects: 0.192542 ms CreateObjectMapping: 0.060875 ms MarkObjects: 5.082750 ms  DeleteObjects: 0.174041 ms)

Prepare: number of updated asset objects reloaded= 0
AssetImportParameters requested are different than current active one (requested -> active):
  custom:scripting/monoscript/fileName/SkewTextExample.cs: c142d02d70a129e0533975f7c2f96956 -> 
  custom:scripting/monoscript/fileName/GroundVegetationSpawner.cs: a8e7b8153a49d8553e0fcc8880049827 -> 
  custom:container-demuxer-ogg: 62fdf1f143b41e24485cea50d1cbac27 -> 
  custom:scripting/monoscript/fileName/AstroMath.cs: 1932568a5daca2d25b8b5c7242983aec -> 
  custom:scripting/monoscript/fileName/TMP_TextEventHandler.cs: f5cd9d5a43bfefc8f4fec80e6de896a4 -> 
  custom:scripting/monoscript/fileName/TextMeshProFloatingText.cs: 92608fa4a6315cd0786d82205e77b697 -> 
  custom:scripting/monoscript/fileName/VertexZoom.cs: 650ab1e81d40126e3edcf737cce646e4 -> 
  custom:scripting/monoscript/fileName/VertexShakeA.cs: 63ec564c588058369499638dd899e05b -> 
  custom:scripting/monoscript/fileName/TMP_ExampleScript_01.cs: a9d4be556104ff54e7d240529b3e01dc -> 
  custom:video-decoder-ogg-theora: a1e56fd34408186e4bbccfd4996cb3dc -> 
  custom:scripting/monoscript/fileName/TMP_TextEventCheck.cs: 13505d917eab5868c435e0c2986dadfa -> 
  custom:scripting/monoscript/fileName/TMP_TextSelector_B.cs: ba2be21a7486d37b1011342977a2e49d -> 
  custom:scripting/monoscript/fileName/Benchmark01.cs: 2d3e2cd961730ab95f139a49a673bace -> 
  custom:scripting/monoscript/fileName/Benchmark02.cs: 5640963252ce70910e726415f869ced6 -> 
  custom:scripting/monoscript/fileName/PlanetariumManager.cs: 22b040d69c7e89a9f75db3e2f35d583d -> 
  custom:scripting/monoscript/fileName/DropdownSample.cs: 0a92251794e5f10400149f96c3c59e5d -> 
  custom:scripting/monoscript/fileName/WarpTextExample.cs: 2663459c266363641981c7d17b698d7f -> 
  custom:CustomObjectIndexerAttribute: 9a22284fe3817be447336de3de66b15e -> 
  custom:container-demuxer-webm: 4f35f7cbe854078d1ac9338744f61a02 -> 
  custom:scripting/monoscript/fileName/StarData.cs: 8c3ecaae97776e3a509e6c92c6d1978c -> 
  custom:scripting/monoscript/fileName/EarthGroundRealistic.cs: 186beb94bc05013618de78c0bf9fca68 -> 
  custom:scripting/monoscript/fileName/ChatController.cs: 876d5ccae6e345dd5d9450eb0a748f16 -> 
  custom:scripting/monoscript/fileName/EarthGroundVisual.cs: 36a50b70f05d0b9c126df611b2357b9b -> 
  custom:scripting/monoscript/fileName/TextMeshSpawner.cs: 76f28e2ddb031571e6ec62b018f65fa8 -> 
  custom:scripting/monoscript/fileName/TeleType.cs: 31fa97821c4c70f157ec81d507aa6b62 -> 
  custom:scripting/monoscript/fileName/Benchmark04.cs: 32220b148620e52aa81c13a114862bf4 -> 
  custom:scripting/monoscript/fileName/LookAtCamera.cs: c89e844d610ff572aa3b28387fdf619c -> 
  custom:container-muxer-webm: aa71ff27fc2769a1b78a27578f13a17b -> 
  custom:video-decoder-webm-vp8: 9c59270c3fd7afecdb556c50c9e8de78 -> 
  custom:scripting/monoscript/fileName/TMP_PhoneNumberValidator.cs: 7c3049f481e464c6a9a15dee56c3126f -> 
  custom:SearchIndexIgnoredProperties: e643bd26f0fe6173181afceb89e7c659 -> 
  custom:AudioImporter_EditorPlatform: 3918e3fc78b5a79bad01e8451be0beb8 -> 
  custom:scripting/monoscript/fileName/EnvMapAnimator.cs: 1b4f61c17e4b7283c3ac351aacff9d26 -> 
  custom:scripting/monoscript/fileName/ShaderPropAnimator.cs: 55ce425812446482e623ff2695c94cb2 -> 
  custom:scripting/monoscript/fileName/SimpleScript.cs: 454caab0c6c050f29b39d82e1d66d0fa -> 
  custom:scripting/monoscript/fileName/AstroLaser.cs: 26653888dbc089cf903671d0935f9d0c -> 
  custom:scripting/monoscript/fileName/ObjectSpin.cs: 2b96bb2079dd7fa5108d981627a28e1e -> 
  custom:scripting/monoscript/fileName/CameraController.cs: 34b6be4e23ce86dc89786916c5983296 -> 
  custom:scripting/monoscript/fileName/TMP_TextInfoDebugTool.cs: 3f1709cfb2cc628169113a35b5e9be3f -> 
  custom:framework-osx-AVFoundation: e770b220cccbd017edd2c1fefb359320 -> 
  custom:scripting/monoscript/fileName/TMP_TextSelector_A.cs: 347309a09d56e367b188a6978f75b424 -> 
  custom:video-encoder-webm-vp8: eb34c28f22e8b96e1ab97ce403110664 -> 
  custom:audio-decoder-ogg-vorbis: bf7c407c2cedff20999df2af8eb42d56 -> 
  custom:scripting/monoscript/fileName/VertexJitter.cs: d27eb5498e48714a66aece98da065133 -> 
  custom:scripting/monoscript/fileName/TextConsoleSimulator.cs: 33fc311abb20b5b0ed8f00e4d86b574e -> 
  custom:scripting/monoscript/fileName/VertexColorCycler.cs: 5f984ca91cf3609293aecc6bc5641572 -> 
  custom:scripting/monoscript/fileName/TMP_FrameRateCounter.cs: 46f655df8cb483ac5958307137b1585a -> 
  custom:scripting/monoscript/fileName/VertexShakeB.cs: a6f78c4fcda1a29a1a1c1baefedba9e7 -> 
  custom:scripting/monoscript/fileName/TMP_UiFrameRateCounter.cs: b01021aea19247f14a98ab338907956a -> 
  custom:scripting/monoscript/fileName/StarTwinkle.cs: ac618481f721577fd89cf2d7fed70354 -> 
  custom:scripting/monoscript/fileName/TMPro_InstructionOverlay.cs: b626d2270e6ebd5c4311585c18b58d8d -> 
  custom:scripting/monoscript/fileName/TMP_DigitValidator.cs: ac02af96215ae3951a3cce9e1a8c6085 -> 
  custom:audio-encoder-webm-vorbis: bf7c407c2cedff20999df2af8eb42d56 -> 
  custom:scripting/monoscript/fileName/Benchmark01_UGUI.cs: 6148cfe2627b7708298f301788144139 -> 
  custom:scripting/monoscript/fileName/LaserControllerLeft.cs: 7e5ab3c36215566daf0a6b2d4ff82ca9 -> 
  custom:scripting/monoscript/fileName/LeftHandActivator.cs: ceb61ca6a6db9add1527617a23bb9ceb -> 
  custom:scripting/precompiled-assembly-types:Assembly-CSharp: ee9d3bd28e798fda85962f909a8240cf -> 
  custom:scripting/monoscript/fileName/Benchmark03.cs: 17cc87e0529ac71d909a946afb47a274 -> 
========================================================================
Received Prepare
WARNING: Shader Unsupported: 'URP/UI/Prerendered Opaque' - All subshaders removed
WARNING: Shader Did you use #pragma only_renderers and omit this platform?
WARNING: Shader If subshaders removal was intentional, you may have forgotten turning Fallback off?
WARNING: Shader Unsupported: 'URP/UI/Prerendered Opaque' - All subshaders removed
WARNING: Shader Did you use #pragma only_renderers and omit this platform?
WARNING: Shader If subshaders removal was intentional, you may have forgotten turning Fallback off?
WARNING: Shader Unsupported: 'EnvironmentDepth/URP/OcclusionUnlit' - All subshaders removed
WARNING: Shader Did you use #pragma only_renderers and omit this platform?
WARNING: Shader If subshaders removal was intentional, you may have forgotten turning Fallback off?
WARNING: Shader Unsupported: 'EnvironmentDepth/URP/OcclusionUnlit' - All subshaders removed
WARNING: Shader Did you use #pragma only_renderers and omit this platform?
WARNING: Shader If subshaders removal was intentional, you may have forgotten turning Fallback off?
WARNING: Shader Unsupported: 'URP/UI/Prerendered' - All subshaders removed
WARNING: Shader Did you use #pragma only_renderers and omit this platform?
WARNING: Shader If subshaders removal was intentional, you may have forgotten turning Fallback off?
WARNING: Shader Unsupported: 'URP/UI/Prerendered' - All subshaders removed
WARNING: Shader Did you use #pragma only_renderers and omit this platform?
WARNING: Shader If subshaders removal was intentional, you may have forgotten turning Fallback off?
Shader 'Oculus/OVRMRCameraFrameLit': fallback shader 'Alpha-Diffuse' not found
Refreshing native plugins compatible for Editor in 4.72 ms, found 11 plugins.
Preloading 0 native plugins for Editor in 0.00 ms.
Unloading 6 Unused Serialized files (Serialized files now loaded: 0)
Unloading 6 unused Assets / (365.8 KB). Loaded Objects now: 6499.
Memory consumption went from 198.1 MB to 197.7 MB.
Total: 5.653625 ms (FindLiveObjects: 0.201083 ms CreateObjectMapping: 0.059334 ms MarkObjects: 5.203125 ms  DeleteObjects: 0.189584 ms)

Prepare: number of updated asset objects reloaded= 0
AssetImportParameters requested are different than current active one (requested -> active):
  custom:scripting/monoscript/fileName/SkewTextExample.cs: c142d02d70a129e0533975f7c2f96956 -> 
  custom:scripting/monoscript/fileName/GroundVegetationSpawner.cs: a8e7b8153a49d8553e0fcc8880049827 -> 
  custom:container-demuxer-ogg: 62fdf1f143b41e24485cea50d1cbac27 -> 
  custom:scripting/monoscript/fileName/AstroMath.cs: 1932568a5daca2d25b8b5c7242983aec -> 
  custom:scripting/monoscript/fileName/TMP_TextEventHandler.cs: f5cd9d5a43bfefc8f4fec80e6de896a4 -> 
  custom:scripting/monoscript/fileName/TextMeshProFloatingText.cs: 92608fa4a6315cd0786d82205e77b697 -> 
  custom:scripting/monoscript/fileName/VertexZoom.cs: 650ab1e81d40126e3edcf737cce646e4 -> 
  custom:scripting/monoscript/fileName/VertexShakeA.cs: 63ec564c588058369499638dd899e05b -> 
  custom:scripting/monoscript/fileName/TMP_ExampleScript_01.cs: a9d4be556104ff54e7d240529b3e01dc -> 
  custom:video-decoder-ogg-theora: a1e56fd34408186e4bbccfd4996cb3dc -> 
  custom:scripting/monoscript/fileName/TMP_TextEventCheck.cs: 13505d917eab5868c435e0c2986dadfa -> 
  custom:scripting/monoscript/fileName/TMP_TextSelector_B.cs: ba2be21a7486d37b1011342977a2e49d -> 
  custom:scripting/monoscript/fileName/Benchmark01.cs: 2d3e2cd961730ab95f139a49a673bace -> 
  custom:scripting/monoscript/fileName/Benchmark02.cs: 5640963252ce70910e726415f869ced6 -> 
  custom:scripting/monoscript/fileName/PlanetariumManager.cs: 22b040d69c7e89a9f75db3e2f35d583d -> 
  custom:scripting/monoscript/fileName/DropdownSample.cs: 0a92251794e5f10400149f96c3c59e5d -> 
  custom:scripting/monoscript/fileName/WarpTextExample.cs: 2663459c266363641981c7d17b698d7f -> 
  custom:CustomObjectIndexerAttribute: 9a22284fe3817be447336de3de66b15e -> 
  custom:container-demuxer-webm: 4f35f7cbe854078d1ac9338744f61a02 -> 
  custom:scripting/monoscript/fileName/StarData.cs: 8c3ecaae97776e3a509e6c92c6d1978c -> 
  custom:scripting/monoscript/fileName/EarthGroundRealistic.cs: 186beb94bc05013618de78c0bf9fca68 -> 
  custom:scripting/monoscript/fileName/ChatController.cs: 876d5ccae6e345dd5d9450eb0a748f16 -> 
  custom:scripting/monoscript/fileName/EarthGroundVisual.cs: 36a50b70f05d0b9c126df611b2357b9b -> 
  custom:scripting/monoscript/fileName/TextMeshSpawner.cs: 76f28e2ddb031571e6ec62b018f65fa8 -> 
  custom:scripting/monoscript/fileName/TeleType.cs: 31fa97821c4c70f157ec81d507aa6b62 -> 
  custom:scripting/monoscript/fileName/Benchmark04.cs: 32220b148620e52aa81c13a114862bf4 -> 
  custom:scripting/monoscript/fileName/LookAtCamera.cs: c89e844d610ff572aa3b28387fdf619c -> 
  custom:container-muxer-webm: aa71ff27fc2769a1b78a27578f13a17b -> 
  custom:video-decoder-webm-vp8: 9c59270c3fd7afecdb556c50c9e8de78 -> 
  custom:scripting/monoscript/fileName/TMP_PhoneNumberValidator.cs: 7c3049f481e464c6a9a15dee56c3126f -> 
  custom:SearchIndexIgnoredProperties: e643bd26f0fe6173181afceb89e7c659 -> 
  custom:AudioImporter_EditorPlatform: 3918e3fc78b5a79bad01e8451be0beb8 -> 
  custom:scripting/monoscript/fileName/EnvMapAnimator.cs: 1b4f61c17e4b7283c3ac351aacff9d26 -> 
  custom:scripting/monoscript/fileName/ShaderPropAnimator.cs: 55ce425812446482e623ff2695c94cb2 -> 
  custom:scripting/monoscript/fileName/SimpleScript.cs: 454caab0c6c050f29b39d82e1d66d0fa -> 
  custom:scripting/monoscript/fileName/AstroLaser.cs: 26653888dbc089cf903671d0935f9d0c -> 
  custom:scripting/monoscript/fileName/ObjectSpin.cs: 2b96bb2079dd7fa5108d981627a28e1e -> 
  custom:scripting/monoscript/fileName/CameraController.cs: 34b6be4e23ce86dc89786916c5983296 -> 
  custom:scripting/monoscript/fileName/TMP_TextInfoDebugTool.cs: 3f1709cfb2cc628169113a35b5e9be3f -> 
  custom:framework-osx-AVFoundation: e770b220cccbd017edd2c1fefb359320 -> 
  custom:scripting/monoscript/fileName/TMP_TextSelector_A.cs: 347309a09d56e367b188a6978f75b424 -> 
  custom:video-encoder-webm-vp8: eb34c28f22e8b96e1ab97ce403110664 -> 
  custom:audio-decoder-ogg-vorbis: bf7c407c2cedff20999df2af8eb42d56 -> 
  custom:scripting/monoscript/fileName/VertexJitter.cs: d27eb5498e48714a66aece98da065133 -> 
  custom:scripting/monoscript/fileName/TextConsoleSimulator.cs: 33fc311abb20b5b0ed8f00e4d86b574e -> 
  custom:scripting/monoscript/fileName/VertexColorCycler.cs: 5f984ca91cf3609293aecc6bc5641572 -> 
  custom:scripting/monoscript/fileName/TMP_FrameRateCounter.cs: 46f655df8cb483ac5958307137b1585a -> 
  custom:scripting/monoscript/fileName/VertexShakeB.cs: a6f78c4fcda1a29a1a1c1baefedba9e7 -> 
  custom:scripting/monoscript/fileName/TMP_UiFrameRateCounter.cs: b01021aea19247f14a98ab338907956a -> 
  custom:scripting/monoscript/fileName/StarTwinkle.cs: ac618481f721577fd89cf2d7fed70354 -> 
  custom:scripting/monoscript/fileName/TMPro_InstructionOverlay.cs: b626d2270e6ebd5c4311585c18b58d8d -> 
  custom:scripting/monoscript/fileName/TMP_DigitValidator.cs: ac02af96215ae3951a3cce9e1a8c6085 -> 
  custom:audio-encoder-webm-vorbis: bf7c407c2cedff20999df2af8eb42d56 -> 
  custom:scripting/monoscript/fileName/Benchmark01_UGUI.cs: 6148cfe2627b7708298f301788144139 -> 
  custom:scripting/monoscript/fileName/LaserControllerLeft.cs: 7e5ab3c36215566daf0a6b2d4ff82ca9 -> 
  custom:scripting/monoscript/fileName/LeftHandActivator.cs: ceb61ca6a6db9add1527617a23bb9ceb -> 
  custom:scripting/precompiled-assembly-types:Assembly-CSharp: ee9d3bd28e798fda85962f909a8240cf -> 
  custom:scripting/monoscript/fileName/Benchmark03.cs: 17cc87e0529ac71d909a946afb47a274 -> 
========================================================================
Received Prepare
Caller must complete domain reload
Begin MonoManager ReloadAssembly
Thread 0x16f3c3000 may have been prematurely finalized
- Loaded All Assemblies, in  0.277 seconds
Native extension for Android target not found
Native extension for OSXStandalone target not found
[Package Manager] Server::EnsureServerProcessIsRunning -- launch failed, reason: Unity was launched with the -noUpm command-line argument
[Package Manager] UpmClient::Send -- Unable to send message (not connected to UPM process).
[Package Manager] Cannot connect to Unity Package Manager local server
[Package Manager] Server::EnsureServerProcessIsRunning -- launch failed, reason: Unity was launched with the -noUpm command-line argument
[Package Manager] UpmClient::Send -- Unable to send message (not connected to UPM process).
[Package Manager] Cannot connect to Unity Package Manager local server
Mono: successfully reloaded assembly
[Package Manager] Server::EnsureServerProcessIsRunning -- launch failed, reason: Unity was launched with the -noUpm command-line argument
[Package Manager] UpmClient::Send -- Unable to send message (not connected to UPM process).
[Package Manager] Cannot connect to Unity Package Manager local server
- Finished resetting the current domain, in  1.076 seconds
Domain Reload Profiling: 1353ms
	BeginReloadAssembly (80ms)
		ExecutionOrderSort (0ms)
		DisableScriptedObjects (2ms)
		BackupInstance (0ms)
		ReleaseScriptingObjects (0ms)
		CreateAndSetChildDomain (22ms)
	RebuildCommonClasses (18ms)
	RebuildNativeTypeToScriptingClass (7ms)
	initialDomainReloadingComplete (11ms)
	LoadAllAssembliesAndSetupDomain (162ms)
		LoadAssemblies (164ms)
		RebuildTransferFunctionScriptingTraits (0ms)
		AnalyzeDomain (31ms)
			TypeCache.Refresh (10ms)
				TypeCache.ScanAssembly (1ms)
			ScanForSourceGeneratedMonoScriptInfo (14ms)
			ResolveRequiredComponents (6ms)
	FinalizeReload (1076ms)
		ReleaseScriptCaches (0ms)
		RebuildScriptCaches (0ms)
		SetupLoadedEditorAssemblies (350ms)
			LogAssemblyErrors (0ms)
			InitializePlatformSupportModulesInManaged (7ms)
			SetLoadedEditorAssemblies (2ms)
			RefreshPlugins (0ms)
			BeforeProcessingInitializeOnLoad (43ms)
			ProcessInitializeOnLoadAttributes (271ms)
			ProcessInitializeOnLoadMethodAttributes (25ms)
			AfterProcessingInitializeOnLoad (1ms)
			EditorAssembliesLoaded (0ms)
		ExecutionOrderSort2 (0ms)
		AwakeInstancesAfterBackupRestoration (2ms)
WARNING: Shader Unsupported: 'URP/UI/Prerendered Opaque' - All subshaders removed
WARNING: Shader Did you use #pragma only_renderers and omit this platform?
WARNING: Shader If subshaders removal was intentional, you may have forgotten turning Fallback off?
WARNING: Shader Unsupported: 'URP/UI/Prerendered Opaque' - All subshaders removed
WARNING: Shader Did you use #pragma only_renderers and omit this platform?
WARNING: Shader If subshaders removal was intentional, you may have forgotten turning Fallback off?
WARNING: Shader Unsupported: 'EnvironmentDepth/URP/OcclusionUnlit' - All subshaders removed
WARNING: Shader Did you use #pragma only_renderers and omit this platform?
WARNING: Shader If subshaders removal was intentional, you may have forgotten turning Fallback off?
WARNING: Shader Unsupported: 'EnvironmentDepth/URP/OcclusionUnlit' - All subshaders removed
WARNING: Shader Did you use #pragma only_renderers and omit this platform?
WARNING: Shader If subshaders removal was intentional, you may have forgotten turning Fallback off?
WARNING: Shader Unsupported: 'URP/UI/Prerendered' - All subshaders removed
WARNING: Shader Did you use #pragma only_renderers and omit this platform?
WARNING: Shader If subshaders removal was intentional, you may have forgotten turning Fallback off?
WARNING: Shader Unsupported: 'URP/UI/Prerendered' - All subshaders removed
WARNING: Shader Did you use #pragma only_renderers and omit this platform?
WARNING: Shader If subshaders removal was intentional, you may have forgotten turning Fallback off?
Shader 'Oculus/OVRMRCameraFrameLit': fallback shader 'Alpha-Diffuse' not found
Refreshing native plugins compatible for Editor in 4.98 ms, found 11 plugins.
Preloading 0 native plugins for Editor in 0.00 ms.
Unloading 5846 Unused Serialized files (Serialized files now loaded: 0)
Unloading 85 unused Assets / (422.5 KB). Loaded Objects now: 6507.
Memory consumption went from 296.8 MB to 296.4 MB.
Total: 5.916875 ms (FindLiveObjects: 0.198666 ms CreateObjectMapping: 0.061125 ms MarkObjects: 5.403042 ms  DeleteObjects: 0.253458 ms)

Prepare: number of updated asset objects reloaded= 0
AssetImportParameters requested are different than current active one (requested -> active):
  custom:scripting/monoscript/fileName/SkewTextExample.cs: c142d02d70a129e0533975f7c2f96956 -> 
  custom:scripting/monoscript/fileName/GroundVegetationSpawner.cs: a8e7b8153a49d8553e0fcc8880049827 -> 
  custom:container-demuxer-ogg: 62fdf1f143b41e24485cea50d1cbac27 -> 
  custom:scripting/monoscript/fileName/AstroMath.cs: 1932568a5daca2d25b8b5c7242983aec -> 
  custom:scripting/monoscript/fileName/TMP_TextEventHandler.cs: f5cd9d5a43bfefc8f4fec80e6de896a4 -> 
  custom:scripting/monoscript/fileName/TextMeshProFloatingText.cs: 92608fa4a6315cd0786d82205e77b697 -> 
  custom:scripting/monoscript/fileName/VertexZoom.cs: 650ab1e81d40126e3edcf737cce646e4 -> 
  custom:scripting/monoscript/fileName/VertexShakeA.cs: 63ec564c588058369499638dd899e05b -> 
  custom:scripting/monoscript/fileName/TMP_ExampleScript_01.cs: a9d4be556104ff54e7d240529b3e01dc -> 
  custom:video-decoder-ogg-theora: a1e56fd34408186e4bbccfd4996cb3dc -> 
  custom:scripting/monoscript/fileName/TMP_TextEventCheck.cs: 13505d917eab5868c435e0c2986dadfa -> 
  custom:scripting/monoscript/fileName/TMP_TextSelector_B.cs: ba2be21a7486d37b1011342977a2e49d -> 
  custom:scripting/monoscript/fileName/Benchmark01.cs: 2d3e2cd961730ab95f139a49a673bace -> 
  custom:scripting/monoscript/fileName/Benchmark02.cs: 5640963252ce70910e726415f869ced6 -> 
  custom:scripting/monoscript/fileName/PlanetariumManager.cs: 22b040d69c7e89a9f75db3e2f35d583d -> 
  custom:scripting/monoscript/fileName/DropdownSample.cs: 0a92251794e5f10400149f96c3c59e5d -> 
  custom:scripting/monoscript/fileName/WarpTextExample.cs: 2663459c266363641981c7d17b698d7f -> 
  custom:CustomObjectIndexerAttribute: 9a22284fe3817be447336de3de66b15e -> 
  custom:container-demuxer-webm: 4f35f7cbe854078d1ac9338744f61a02 -> 
  custom:scripting/monoscript/fileName/StarData.cs: 8c3ecaae97776e3a509e6c92c6d1978c -> 
  custom:scripting/monoscript/fileName/EarthGroundRealistic.cs: 186beb94bc05013618de78c0bf9fca68 -> 
  custom:scripting/monoscript/fileName/ChatController.cs: 876d5ccae6e345dd5d9450eb0a748f16 -> 
  custom:scripting/monoscript/fileName/EarthGroundVisual.cs: 36a50b70f05d0b9c126df611b2357b9b -> 
  custom:scripting/monoscript/fileName/TextMeshSpawner.cs: 76f28e2ddb031571e6ec62b018f65fa8 -> 
  custom:scripting/monoscript/fileName/TeleType.cs: 31fa97821c4c70f157ec81d507aa6b62 -> 
  custom:scripting/monoscript/fileName/Benchmark04.cs: 32220b148620e52aa81c13a114862bf4 -> 
  custom:scripting/monoscript/fileName/LookAtCamera.cs: c89e844d610ff572aa3b28387fdf619c -> 
  custom:container-muxer-webm: aa71ff27fc2769a1b78a27578f13a17b -> 
  custom:video-decoder-webm-vp8: 9c59270c3fd7afecdb556c50c9e8de78 -> 
  custom:scripting/monoscript/fileName/TMP_PhoneNumberValidator.cs: 7c3049f481e464c6a9a15dee56c3126f -> 
  custom:SearchIndexIgnoredProperties: e643bd26f0fe6173181afceb89e7c659 -> 
  custom:AudioImporter_EditorPlatform: 3918e3fc78b5a79bad01e8451be0beb8 -> 
  custom:scripting/monoscript/fileName/EnvMapAnimator.cs: 1b4f61c17e4b7283c3ac351aacff9d26 -> 
  custom:scripting/monoscript/fileName/ShaderPropAnimator.cs: 55ce425812446482e623ff2695c94cb2 -> 
  custom:scripting/monoscript/fileName/SimpleScript.cs: 454caab0c6c050f29b39d82e1d66d0fa -> 
  custom:scripting/monoscript/fileName/AstroLaser.cs: 26653888dbc089cf903671d0935f9d0c -> 
  custom:scripting/monoscript/fileName/ObjectSpin.cs: 2b96bb2079dd7fa5108d981627a28e1e -> 
  custom:scripting/monoscript/fileName/CameraController.cs: 34b6be4e23ce86dc89786916c5983296 -> 
  custom:scripting/monoscript/fileName/TMP_TextInfoDebugTool.cs: 3f1709cfb2cc628169113a35b5e9be3f -> 
  custom:framework-osx-AVFoundation: e770b220cccbd017edd2c1fefb359320 -> 
  custom:scripting/monoscript/fileName/TMP_TextSelector_A.cs: 347309a09d56e367b188a6978f75b424 -> 
  custom:video-encoder-webm-vp8: eb34c28f22e8b96e1ab97ce403110664 -> 
  custom:audio-decoder-ogg-vorbis: bf7c407c2cedff20999df2af8eb42d56 -> 
  custom:scripting/monoscript/fileName/VertexJitter.cs: d27eb5498e48714a66aece98da065133 -> 
  custom:scripting/monoscript/fileName/TextConsoleSimulator.cs: 33fc311abb20b5b0ed8f00e4d86b574e -> 
  custom:scripting/monoscript/fileName/VertexColorCycler.cs: 5f984ca91cf3609293aecc6bc5641572 -> 
  custom:scripting/monoscript/fileName/TMP_FrameRateCounter.cs: 46f655df8cb483ac5958307137b1585a -> 
  custom:scripting/monoscript/fileName/VertexShakeB.cs: a6f78c4fcda1a29a1a1c1baefedba9e7 -> 
  custom:scripting/monoscript/fileName/TMP_UiFrameRateCounter.cs: b01021aea19247f14a98ab338907956a -> 
  custom:scripting/monoscript/fileName/StarTwinkle.cs: ac618481f721577fd89cf2d7fed70354 -> 
  custom:scripting/monoscript/fileName/TMPro_InstructionOverlay.cs: b626d2270e6ebd5c4311585c18b58d8d -> 
  custom:scripting/monoscript/fileName/TMP_DigitValidator.cs: ac02af96215ae3951a3cce9e1a8c6085 -> 
  custom:audio-encoder-webm-vorbis: bf7c407c2cedff20999df2af8eb42d56 -> 
  custom:scripting/monoscript/fileName/Benchmark01_UGUI.cs: 6148cfe2627b7708298f301788144139 -> 
  custom:scripting/monoscript/fileName/LaserControllerLeft.cs: 7e5ab3c36215566daf0a6b2d4ff82ca9 -> 
  custom:scripting/monoscript/fileName/LeftHandActivator.cs: ceb61ca6a6db9add1527617a23bb9ceb -> 
  custom:scripting/precompiled-assembly-types:Assembly-CSharp: ee9d3bd28e798fda85962f909a8240cf -> 
  custom:scripting/monoscript/fileName/Benchmark03.cs: 17cc87e0529ac71d909a946afb47a274 -> 
========================================================================
Received Prepare
WARNING: Shader Unsupported: 'URP/UI/Prerendered Opaque' - All subshaders removed
WARNING: Shader Did you use #pragma only_renderers and omit this platform?
WARNING: Shader If subshaders removal was intentional, you may have forgotten turning Fallback off?
WARNING: Shader Unsupported: 'URP/UI/Prerendered Opaque' - All subshaders removed
WARNING: Shader Did you use #pragma only_renderers and omit this platform?
WARNING: Shader If subshaders removal was intentional, you may have forgotten turning Fallback off?
WARNING: Shader Unsupported: 'EnvironmentDepth/URP/OcclusionUnlit' - All subshaders removed
WARNING: Shader Did you use #pragma only_renderers and omit this platform?
WARNING: Shader If subshaders removal was intentional, you may have forgotten turning Fallback off?
WARNING: Shader Unsupported: 'EnvironmentDepth/URP/OcclusionUnlit' - All subshaders removed
WARNING: Shader Did you use #pragma only_renderers and omit this platform?
WARNING: Shader If subshaders removal was intentional, you may have forgotten turning Fallback off?
WARNING: Shader Unsupported: 'URP/UI/Prerendered' - All subshaders removed
WARNING: Shader Did you use #pragma only_renderers and omit this platform?
WARNING: Shader If subshaders removal was intentional, you may have forgotten turning Fallback off?
WARNING: Shader Unsupported: 'URP/UI/Prerendered' - All subshaders removed
WARNING: Shader Did you use #pragma only_renderers and omit this platform?
WARNING: Shader If subshaders removal was intentional, you may have forgotten turning Fallback off?
Shader 'Oculus/OVRMRCameraFrameLit': fallback shader 'Alpha-Diffuse' not found
Refreshing native plugins compatible for Editor in 4.79 ms, found 11 plugins.
Preloading 0 native plugins for Editor in 0.00 ms.
Unloading 6 Unused Serialized files (Serialized files now loaded: 0)
Unloading 6 unused Assets / (365.8 KB). Loaded Objects now: 6507.
Memory consumption went from 205.2 MB to 204.8 MB.
Total: 5.309333 ms (FindLiveObjects: 0.203333 ms CreateObjectMapping: 0.060333 ms MarkObjects: 4.861792 ms  DeleteObjects: 0.183458 ms)

Prepare: number of updated asset objects reloaded= 0
AssetImportParameters requested are different than current active one (requested -> active):
  custom:scripting/monoscript/fileName/SkewTextExample.cs: c142d02d70a129e0533975f7c2f96956 -> 
  custom:scripting/monoscript/fileName/GroundVegetationSpawner.cs: a8e7b8153a49d8553e0fcc8880049827 -> 
  custom:container-demuxer-ogg: 62fdf1f143b41e24485cea50d1cbac27 -> 
  custom:scripting/monoscript/fileName/AstroMath.cs: 1932568a5daca2d25b8b5c7242983aec -> 
  custom:scripting/monoscript/fileName/TMP_TextEventHandler.cs: f5cd9d5a43bfefc8f4fec80e6de896a4 -> 
  custom:scripting/monoscript/fileName/TextMeshProFloatingText.cs: 92608fa4a6315cd0786d82205e77b697 -> 
  custom:scripting/monoscript/fileName/VertexZoom.cs: 650ab1e81d40126e3edcf737cce646e4 -> 
  custom:scripting/monoscript/fileName/VertexShakeA.cs: 63ec564c588058369499638dd899e05b -> 
  custom:scripting/monoscript/fileName/TMP_ExampleScript_01.cs: a9d4be556104ff54e7d240529b3e01dc -> 
  custom:video-decoder-ogg-theora: a1e56fd34408186e4bbccfd4996cb3dc -> 
  custom:scripting/monoscript/fileName/TMP_TextEventCheck.cs: 13505d917eab5868c435e0c2986dadfa -> 
  custom:scripting/monoscript/fileName/TMP_TextSelector_B.cs: ba2be21a7486d37b1011342977a2e49d -> 
  custom:scripting/monoscript/fileName/Benchmark01.cs: 2d3e2cd961730ab95f139a49a673bace -> 
  custom:scripting/monoscript/fileName/Benchmark02.cs: 5640963252ce70910e726415f869ced6 -> 
  custom:scripting/monoscript/fileName/PlanetariumManager.cs: 22b040d69c7e89a9f75db3e2f35d583d -> 
  custom:scripting/monoscript/fileName/DropdownSample.cs: 0a92251794e5f10400149f96c3c59e5d -> 
  custom:scripting/monoscript/fileName/WarpTextExample.cs: 2663459c266363641981c7d17b698d7f -> 
  custom:CustomObjectIndexerAttribute: 9a22284fe3817be447336de3de66b15e -> 
  custom:container-demuxer-webm: 4f35f7cbe854078d1ac9338744f61a02 -> 
  custom:scripting/monoscript/fileName/StarData.cs: 8c3ecaae97776e3a509e6c92c6d1978c -> 
  custom:scripting/monoscript/fileName/EarthGroundRealistic.cs: 186beb94bc05013618de78c0bf9fca68 -> 
  custom:scripting/monoscript/fileName/ChatController.cs: 876d5ccae6e345dd5d9450eb0a748f16 -> 
  custom:scripting/monoscript/fileName/EarthGroundVisual.cs: 36a50b70f05d0b9c126df611b2357b9b -> 
  custom:scripting/monoscript/fileName/TextMeshSpawner.cs: 76f28e2ddb031571e6ec62b018f65fa8 -> 
  custom:scripting/monoscript/fileName/TeleType.cs: 31fa97821c4c70f157ec81d507aa6b62 -> 
  custom:scripting/monoscript/fileName/Benchmark04.cs: 32220b148620e52aa81c13a114862bf4 -> 
  custom:scripting/monoscript/fileName/LookAtCamera.cs: c89e844d610ff572aa3b28387fdf619c -> 
  custom:container-muxer-webm: aa71ff27fc2769a1b78a27578f13a17b -> 
  custom:video-decoder-webm-vp8: 9c59270c3fd7afecdb556c50c9e8de78 -> 
  custom:scripting/monoscript/fileName/TMP_PhoneNumberValidator.cs: 7c3049f481e464c6a9a15dee56c3126f -> 
  custom:SearchIndexIgnoredProperties: e643bd26f0fe6173181afceb89e7c659 -> 
  custom:AudioImporter_EditorPlatform: 3918e3fc78b5a79bad01e8451be0beb8 -> 
  custom:scripting/monoscript/fileName/EnvMapAnimator.cs: 1b4f61c17e4b7283c3ac351aacff9d26 -> 
  custom:scripting/monoscript/fileName/ShaderPropAnimator.cs: 55ce425812446482e623ff2695c94cb2 -> 
  custom:scripting/monoscript/fileName/SimpleScript.cs: 454caab0c6c050f29b39d82e1d66d0fa -> 
  custom:scripting/monoscript/fileName/AstroLaser.cs: 26653888dbc089cf903671d0935f9d0c -> 
  custom:scripting/monoscript/fileName/ObjectSpin.cs: 2b96bb2079dd7fa5108d981627a28e1e -> 
  custom:scripting/monoscript/fileName/CameraController.cs: 34b6be4e23ce86dc89786916c5983296 -> 
  custom:scripting/monoscript/fileName/TMP_TextInfoDebugTool.cs: 3f1709cfb2cc628169113a35b5e9be3f -> 
  custom:framework-osx-AVFoundation: e770b220cccbd017edd2c1fefb359320 -> 
  custom:scripting/monoscript/fileName/TMP_TextSelector_A.cs: 347309a09d56e367b188a6978f75b424 -> 
  custom:video-encoder-webm-vp8: eb34c28f22e8b96e1ab97ce403110664 -> 
  custom:audio-decoder-ogg-vorbis: bf7c407c2cedff20999df2af8eb42d56 -> 
  custom:scripting/monoscript/fileName/VertexJitter.cs: d27eb5498e48714a66aece98da065133 -> 
  custom:scripting/monoscript/fileName/TextConsoleSimulator.cs: 33fc311abb20b5b0ed8f00e4d86b574e -> 
  custom:scripting/monoscript/fileName/VertexColorCycler.cs: 5f984ca91cf3609293aecc6bc5641572 -> 
  custom:scripting/monoscript/fileName/TMP_FrameRateCounter.cs: 46f655df8cb483ac5958307137b1585a -> 
  custom:scripting/monoscript/fileName/VertexShakeB.cs: a6f78c4fcda1a29a1a1c1baefedba9e7 -> 
  custom:scripting/monoscript/fileName/TMP_UiFrameRateCounter.cs: b01021aea19247f14a98ab338907956a -> 
  custom:scripting/monoscript/fileName/StarTwinkle.cs: ac618481f721577fd89cf2d7fed70354 -> 
  custom:scripting/monoscript/fileName/TMPro_InstructionOverlay.cs: b626d2270e6ebd5c4311585c18b58d8d -> 
  custom:scripting/monoscript/fileName/TMP_DigitValidator.cs: ac02af96215ae3951a3cce9e1a8c6085 -> 
  custom:audio-encoder-webm-vorbis: bf7c407c2cedff20999df2af8eb42d56 -> 
  custom:scripting/monoscript/fileName/Benchmark01_UGUI.cs: 6148cfe2627b7708298f301788144139 -> 
  custom:scripting/monoscript/fileName/LaserControllerLeft.cs: 7e5ab3c36215566daf0a6b2d4ff82ca9 -> 
  custom:scripting/monoscript/fileName/LeftHandActivator.cs: ceb61ca6a6db9add1527617a23bb9ceb -> 
  custom:scripting/precompiled-assembly-types:Assembly-CSharp: ee9d3bd28e798fda85962f909a8240cf -> 
  custom:scripting/monoscript/fileName/Benchmark03.cs: 17cc87e0529ac71d909a946afb47a274 -> 
========================================================================
Received Prepare
WARNING: Shader Unsupported: 'URP/UI/Prerendered Opaque' - All subshaders removed
WARNING: Shader Did you use #pragma only_renderers and omit this platform?
WARNING: Shader If subshaders removal was intentional, you may have forgotten turning Fallback off?
WARNING: Shader Unsupported: 'URP/UI/Prerendered Opaque' - All subshaders removed
WARNING: Shader Did you use #pragma only_renderers and omit this platform?
WARNING: Shader If subshaders removal was intentional, you may have forgotten turning Fallback off?
WARNING: Shader Unsupported: 'EnvironmentDepth/URP/OcclusionUnlit' - All subshaders removed
WARNING: Shader Did you use #pragma only_renderers and omit this platform?
WARNING: Shader If subshaders removal was intentional, you may have forgotten turning Fallback off?
WARNING: Shader Unsupported: 'EnvironmentDepth/URP/OcclusionUnlit' - All subshaders removed
WARNING: Shader Did you use #pragma only_renderers and omit this platform?
WARNING: Shader If subshaders removal was intentional, you may have forgotten turning Fallback off?
WARNING: Shader Unsupported: 'URP/UI/Prerendered' - All subshaders removed
WARNING: Shader Did you use #pragma only_renderers and omit this platform?
WARNING: Shader If subshaders removal was intentional, you may have forgotten turning Fallback off?
WARNING: Shader Unsupported: 'URP/UI/Prerendered' - All subshaders removed
WARNING: Shader Did you use #pragma only_renderers and omit this platform?
WARNING: Shader If subshaders removal was intentional, you may have forgotten turning Fallback off?
Shader 'Oculus/OVRMRCameraFrameLit': fallback shader 'Alpha-Diffuse' not found
Refreshing native plugins compatible for Editor in 5.24 ms, found 11 plugins.
Preloading 0 native plugins for Editor in 0.00 ms.
Unloading 6 Unused Serialized files (Serialized files now loaded: 0)
Unloading 6 unused Assets / (365.8 KB). Loaded Objects now: 6507.
Memory consumption went from 203.6 MB to 203.3 MB.
Total: 13.722250 ms (FindLiveObjects: 0.381042 ms CreateObjectMapping: 0.061167 ms MarkObjects: 13.027958 ms  DeleteObjects: 0.251375 ms)

Prepare: number of updated asset objects reloaded= 0
AssetImportParameters requested are different than current active one (requested -> active):
  custom:scripting/monoscript/fileName/SkewTextExample.cs: c142d02d70a129e0533975f7c2f96956 -> 
  custom:scripting/monoscript/fileName/GroundVegetationSpawner.cs: a8e7b8153a49d8553e0fcc8880049827 -> 
  custom:container-demuxer-ogg: 62fdf1f143b41e24485cea50d1cbac27 -> 
  custom:scripting/monoscript/fileName/AstroMath.cs: 1932568a5daca2d25b8b5c7242983aec -> 
  custom:scripting/monoscript/fileName/TMP_TextEventHandler.cs: f5cd9d5a43bfefc8f4fec80e6de896a4 -> 
  custom:scripting/monoscript/fileName/TextMeshProFloatingText.cs: 92608fa4a6315cd0786d82205e77b697 -> 
  custom:scripting/monoscript/fileName/VertexZoom.cs: 650ab1e81d40126e3edcf737cce646e4 -> 
  custom:scripting/monoscript/fileName/VertexShakeA.cs: 63ec564c588058369499638dd899e05b -> 
  custom:scripting/monoscript/fileName/TMP_ExampleScript_01.cs: a9d4be556104ff54e7d240529b3e01dc -> 
  custom:video-decoder-ogg-theora: a1e56fd34408186e4bbccfd4996cb3dc -> 
  custom:scripting/monoscript/fileName/TMP_TextEventCheck.cs: 13505d917eab5868c435e0c2986dadfa -> 
  custom:scripting/monoscript/fileName/TMP_TextSelector_B.cs: ba2be21a7486d37b1011342977a2e49d -> 
  custom:scripting/monoscript/fileName/Benchmark01.cs: 2d3e2cd961730ab95f139a49a673bace -> 
  custom:scripting/monoscript/fileName/Benchmark02.cs: 5640963252ce70910e726415f869ced6 -> 
  custom:scripting/monoscript/fileName/PlanetariumManager.cs: 22b040d69c7e89a9f75db3e2f35d583d -> 
  custom:scripting/monoscript/fileName/DropdownSample.cs: 0a92251794e5f10400149f96c3c59e5d -> 
  custom:scripting/monoscript/fileName/WarpTextExample.cs: 2663459c266363641981c7d17b698d7f -> 
  custom:CustomObjectIndexerAttribute: 9a22284fe3817be447336de3de66b15e -> 
  custom:container-demuxer-webm: 4f35f7cbe854078d1ac9338744f61a02 -> 
  custom:scripting/monoscript/fileName/StarData.cs: 8c3ecaae97776e3a509e6c92c6d1978c -> 
  custom:scripting/monoscript/fileName/EarthGroundRealistic.cs: 186beb94bc05013618de78c0bf9fca68 -> 
  custom:scripting/monoscript/fileName/ChatController.cs: 876d5ccae6e345dd5d9450eb0a748f16 -> 
  custom:scripting/monoscript/fileName/EarthGroundVisual.cs: 36a50b70f05d0b9c126df611b2357b9b -> 
  custom:scripting/monoscript/fileName/TextMeshSpawner.cs: 76f28e2ddb031571e6ec62b018f65fa8 -> 
  custom:scripting/monoscript/fileName/TeleType.cs: 31fa97821c4c70f157ec81d507aa6b62 -> 
  custom:scripting/monoscript/fileName/Benchmark04.cs: 32220b148620e52aa81c13a114862bf4 -> 
  custom:scripting/monoscript/fileName/LookAtCamera.cs: c89e844d610ff572aa3b28387fdf619c -> 
  custom:container-muxer-webm: aa71ff27fc2769a1b78a27578f13a17b -> 
  custom:video-decoder-webm-vp8: 9c59270c3fd7afecdb556c50c9e8de78 -> 
  custom:scripting/monoscript/fileName/TMP_PhoneNumberValidator.cs: 7c3049f481e464c6a9a15dee56c3126f -> 
  custom:SearchIndexIgnoredProperties: e643bd26f0fe6173181afceb89e7c659 -> 
  custom:AudioImporter_EditorPlatform: 3918e3fc78b5a79bad01e8451be0beb8 -> 
  custom:scripting/monoscript/fileName/EnvMapAnimator.cs: 1b4f61c17e4b7283c3ac351aacff9d26 -> 
  custom:scripting/monoscript/fileName/ShaderPropAnimator.cs: 55ce425812446482e623ff2695c94cb2 -> 
  custom:scripting/monoscript/fileName/SimpleScript.cs: 454caab0c6c050f29b39d82e1d66d0fa -> 
  custom:scripting/monoscript/fileName/AstroLaser.cs: 26653888dbc089cf903671d0935f9d0c -> 
  custom:scripting/monoscript/fileName/ObjectSpin.cs: 2b96bb2079dd7fa5108d981627a28e1e -> 
  custom:scripting/monoscript/fileName/CameraController.cs: 34b6be4e23ce86dc89786916c5983296 -> 
  custom:scripting/monoscript/fileName/TMP_TextInfoDebugTool.cs: 3f1709cfb2cc628169113a35b5e9be3f -> 
  custom:framework-osx-AVFoundation: e770b220cccbd017edd2c1fefb359320 -> 
  custom:scripting/monoscript/fileName/TMP_TextSelector_A.cs: 347309a09d56e367b188a6978f75b424 -> 
  custom:video-encoder-webm-vp8: eb34c28f22e8b96e1ab97ce403110664 -> 
  custom:audio-decoder-ogg-vorbis: bf7c407c2cedff20999df2af8eb42d56 -> 
  custom:scripting/monoscript/fileName/VertexJitter.cs: d27eb5498e48714a66aece98da065133 -> 
  custom:scripting/monoscript/fileName/TextConsoleSimulator.cs: 33fc311abb20b5b0ed8f00e4d86b574e -> 
  custom:scripting/monoscript/fileName/VertexColorCycler.cs: 5f984ca91cf3609293aecc6bc5641572 -> 
  custom:scripting/monoscript/fileName/TMP_FrameRateCounter.cs: 46f655df8cb483ac5958307137b1585a -> 
  custom:scripting/monoscript/fileName/VertexShakeB.cs: a6f78c4fcda1a29a1a1c1baefedba9e7 -> 
  custom:scripting/monoscript/fileName/TMP_UiFrameRateCounter.cs: b01021aea19247f14a98ab338907956a -> 
  custom:scripting/monoscript/fileName/StarTwinkle.cs: ac618481f721577fd89cf2d7fed70354 -> 
  custom:scripting/monoscript/fileName/TMPro_InstructionOverlay.cs: b626d2270e6ebd5c4311585c18b58d8d -> 
  custom:scripting/monoscript/fileName/TMP_DigitValidator.cs: ac02af96215ae3951a3cce9e1a8c6085 -> 
  custom:audio-encoder-webm-vorbis: bf7c407c2cedff20999df2af8eb42d56 -> 
  custom:scripting/monoscript/fileName/Benchmark01_UGUI.cs: 6148cfe2627b7708298f301788144139 -> 
  custom:scripting/monoscript/fileName/LaserControllerLeft.cs: 7e5ab3c36215566daf0a6b2d4ff82ca9 -> 
  custom:scripting/monoscript/fileName/LeftHandActivator.cs: ceb61ca6a6db9add1527617a23bb9ceb -> 
  custom:scripting/precompiled-assembly-types:Assembly-CSharp: ee9d3bd28e798fda85962f909a8240cf -> 
  custom:scripting/monoscript/fileName/Benchmark03.cs: 17cc87e0529ac71d909a946afb47a274 -> 
========================================================================
Received Prepare
WARNING: Shader Unsupported: 'URP/UI/Prerendered Opaque' - All subshaders removed
WARNING: Shader Did you use #pragma only_renderers and omit this platform?
WARNING: Shader If subshaders removal was intentional, you may have forgotten turning Fallback off?
WARNING: Shader Unsupported: 'URP/UI/Prerendered Opaque' - All subshaders removed
WARNING: Shader Did you use #pragma only_renderers and omit this platform?
WARNING: Shader If subshaders removal was intentional, you may have forgotten turning Fallback off?
WARNING: Shader Unsupported: 'EnvironmentDepth/URP/OcclusionUnlit' - All subshaders removed
WARNING: Shader Did you use #pragma only_renderers and omit this platform?
WARNING: Shader If subshaders removal was intentional, you may have forgotten turning Fallback off?
WARNING: Shader Unsupported: 'EnvironmentDepth/URP/OcclusionUnlit' - All subshaders removed
WARNING: Shader Did you use #pragma only_renderers and omit this platform?
WARNING: Shader If subshaders removal was intentional, you may have forgotten turning Fallback off?
WARNING: Shader Unsupported: 'URP/UI/Prerendered' - All subshaders removed
WARNING: Shader Did you use #pragma only_renderers and omit this platform?
WARNING: Shader If subshaders removal was intentional, you may have forgotten turning Fallback off?
WARNING: Shader Unsupported: 'URP/UI/Prerendered' - All subshaders removed
WARNING: Shader Did you use #pragma only_renderers and omit this platform?
WARNING: Shader If subshaders removal was intentional, you may have forgotten turning Fallback off?
Shader 'Oculus/OVRMRCameraFrameLit': fallback shader 'Alpha-Diffuse' not found
Refreshing native plugins compatible for Editor in 4.78 ms, found 11 plugins.
Preloading 0 native plugins for Editor in 0.00 ms.
Unloading 6 Unused Serialized files (Serialized files now loaded: 0)
Unloading 6 unused Assets / (373.6 KB). Loaded Objects now: 6507.
Memory consumption went from 202.8 MB to 202.5 MB.
Total: 5.267042 ms (FindLiveObjects: 0.191250 ms CreateObjectMapping: 0.061250 ms MarkObjects: 4.807167 ms  DeleteObjects: 0.207000 ms)

Prepare: number of updated asset objects reloaded= 0
AssetImportParameters requested are different than current active one (requested -> active):
  custom:scripting/monoscript/fileName/SkewTextExample.cs: c142d02d70a129e0533975f7c2f96956 -> 
  custom:scripting/monoscript/fileName/GroundVegetationSpawner.cs: a8e7b8153a49d8553e0fcc8880049827 -> 
  custom:container-demuxer-ogg: 62fdf1f143b41e24485cea50d1cbac27 -> 
  custom:scripting/monoscript/fileName/AstroMath.cs: 1932568a5daca2d25b8b5c7242983aec -> 
  custom:scripting/monoscript/fileName/TMP_TextEventHandler.cs: f5cd9d5a43bfefc8f4fec80e6de896a4 -> 
  custom:scripting/monoscript/fileName/TextMeshProFloatingText.cs: 92608fa4a6315cd0786d82205e77b697 -> 
  custom:scripting/monoscript/fileName/VertexZoom.cs: 650ab1e81d40126e3edcf737cce646e4 -> 
  custom:scripting/monoscript/fileName/VertexShakeA.cs: 63ec564c588058369499638dd899e05b -> 
  custom:scripting/monoscript/fileName/TMP_ExampleScript_01.cs: a9d4be556104ff54e7d240529b3e01dc -> 
  custom:video-decoder-ogg-theora: a1e56fd34408186e4bbccfd4996cb3dc -> 
  custom:scripting/monoscript/fileName/TMP_TextEventCheck.cs: 13505d917eab5868c435e0c2986dadfa -> 
  custom:scripting/monoscript/fileName/TMP_TextSelector_B.cs: ba2be21a7486d37b1011342977a2e49d -> 
  custom:scripting/monoscript/fileName/Benchmark01.cs: 2d3e2cd961730ab95f139a49a673bace -> 
  custom:scripting/monoscript/fileName/Benchmark02.cs: 5640963252ce70910e726415f869ced6 -> 
  custom:scripting/monoscript/fileName/PlanetariumManager.cs: 22b040d69c7e89a9f75db3e2f35d583d -> 
  custom:scripting/monoscript/fileName/DropdownSample.cs: 0a92251794e5f10400149f96c3c59e5d -> 
  custom:scripting/monoscript/fileName/WarpTextExample.cs: 2663459c266363641981c7d17b698d7f -> 
  custom:CustomObjectIndexerAttribute: 9a22284fe3817be447336de3de66b15e -> 
  custom:container-demuxer-webm: 4f35f7cbe854078d1ac9338744f61a02 -> 
  custom:scripting/monoscript/fileName/StarData.cs: 8c3ecaae97776e3a509e6c92c6d1978c -> 
  custom:scripting/monoscript/fileName/EarthGroundRealistic.cs: 186beb94bc05013618de78c0bf9fca68 -> 
  custom:scripting/monoscript/fileName/ChatController.cs: 876d5ccae6e345dd5d9450eb0a748f16 -> 
  custom:scripting/monoscript/fileName/EarthGroundVisual.cs: 36a50b70f05d0b9c126df611b2357b9b -> 
  custom:scripting/monoscript/fileName/TextMeshSpawner.cs: 76f28e2ddb031571e6ec62b018f65fa8 -> 
  custom:scripting/monoscript/fileName/TeleType.cs: 31fa97821c4c70f157ec81d507aa6b62 -> 
  custom:scripting/monoscript/fileName/Benchmark04.cs: 32220b148620e52aa81c13a114862bf4 -> 
  custom:scripting/monoscript/fileName/LookAtCamera.cs: c89e844d610ff572aa3b28387fdf619c -> 
  custom:container-muxer-webm: aa71ff27fc2769a1b78a27578f13a17b -> 
  custom:video-decoder-webm-vp8: 9c59270c3fd7afecdb556c50c9e8de78 -> 
  custom:scripting/monoscript/fileName/TMP_PhoneNumberValidator.cs: 7c3049f481e464c6a9a15dee56c3126f -> 
  custom:SearchIndexIgnoredProperties: e643bd26f0fe6173181afceb89e7c659 -> 
  custom:AudioImporter_EditorPlatform: 3918e3fc78b5a79bad01e8451be0beb8 -> 
  custom:scripting/monoscript/fileName/EnvMapAnimator.cs: 1b4f61c17e4b7283c3ac351aacff9d26 -> 
  custom:scripting/monoscript/fileName/ShaderPropAnimator.cs: 55ce425812446482e623ff2695c94cb2 -> 
  custom:scripting/monoscript/fileName/SimpleScript.cs: 454caab0c6c050f29b39d82e1d66d0fa -> 
  custom:scripting/monoscript/fileName/AstroLaser.cs: 26653888dbc089cf903671d0935f9d0c -> 
  custom:scripting/monoscript/fileName/ObjectSpin.cs: 2b96bb2079dd7fa5108d981627a28e1e -> 
  custom:scripting/monoscript/fileName/CameraController.cs: 34b6be4e23ce86dc89786916c5983296 -> 
  custom:scripting/monoscript/fileName/TMP_TextInfoDebugTool.cs: 3f1709cfb2cc628169113a35b5e9be3f -> 
  custom:framework-osx-AVFoundation: e770b220cccbd017edd2c1fefb359320 -> 
  custom:scripting/monoscript/fileName/TMP_TextSelector_A.cs: 347309a09d56e367b188a6978f75b424 -> 
  custom:video-encoder-webm-vp8: eb34c28f22e8b96e1ab97ce403110664 -> 
  custom:audio-decoder-ogg-vorbis: bf7c407c2cedff20999df2af8eb42d56 -> 
  custom:scripting/monoscript/fileName/VertexJitter.cs: d27eb5498e48714a66aece98da065133 -> 
  custom:scripting/monoscript/fileName/TextConsoleSimulator.cs: 33fc311abb20b5b0ed8f00e4d86b574e -> 
  custom:scripting/monoscript/fileName/VertexColorCycler.cs: 5f984ca91cf3609293aecc6bc5641572 -> 
  custom:scripting/monoscript/fileName/TMP_FrameRateCounter.cs: 46f655df8cb483ac5958307137b1585a -> 
  custom:scripting/monoscript/fileName/VertexShakeB.cs: a6f78c4fcda1a29a1a1c1baefedba9e7 -> 
  custom:scripting/monoscript/fileName/TMP_UiFrameRateCounter.cs: b01021aea19247f14a98ab338907956a -> 
  custom:scripting/monoscript/fileName/StarTwinkle.cs: ac618481f721577fd89cf2d7fed70354 -> 
  custom:scripting/monoscript/fileName/TMPro_InstructionOverlay.cs: b626d2270e6ebd5c4311585c18b58d8d -> 
  custom:scripting/monoscript/fileName/TMP_DigitValidator.cs: ac02af96215ae3951a3cce9e1a8c6085 -> 
  custom:audio-encoder-webm-vorbis: bf7c407c2cedff20999df2af8eb42d56 -> 
  custom:scripting/monoscript/fileName/Benchmark01_UGUI.cs: 6148cfe2627b7708298f301788144139 -> 
  custom:scripting/monoscript/fileName/LaserControllerLeft.cs: 7e5ab3c36215566daf0a6b2d4ff82ca9 -> 
  custom:scripting/monoscript/fileName/LeftHandActivator.cs: ceb61ca6a6db9add1527617a23bb9ceb -> 
  custom:scripting/precompiled-assembly-types:Assembly-CSharp: ee9d3bd28e798fda85962f909a8240cf -> 
  custom:scripting/monoscript/fileName/Benchmark03.cs: 17cc87e0529ac71d909a946afb47a274 -> 
========================================================================
Received Import Request.
  Time since last request: 716.841050 seconds.
  path: Assets/GroundMat.mat
  artifactKey: Guid(a552c9580c1c7497ea2e5787ca8802d4) Importer(815301076,1909f56bfc062723c751e8b465ee728b)
Start importing Assets/GroundMat.mat using Guid(a552c9580c1c7497ea2e5787ca8802d4) Importer(815301076,1909f56bfc062723c751e8b465ee728b) [PhysX] Initialized MultithreadedTaskDispatcher with 12 workers.
[PhysX] Initialized MultithreadedTaskDispatcher with 12 workers.
 -> (artifact id: '10f80d62c1de1b7dce0b3b9a2587a4c7') in 0.140537 seconds
Number of updated asset objects reloaded before import = 0
Number of asset objects unloaded after import = 1
========================================================================
Received Prepare
WARNING: Shader Unsupported: 'URP/UI/Prerendered Opaque' - All subshaders removed
WARNING: Shader Did you use #pragma only_renderers and omit this platform?
WARNING: Shader If subshaders removal was intentional, you may have forgotten turning Fallback off?
WARNING: Shader Unsupported: 'URP/UI/Prerendered Opaque' - All subshaders removed
WARNING: Shader Did you use #pragma only_renderers and omit this platform?
WARNING: Shader If subshaders removal was intentional, you may have forgotten turning Fallback off?
WARNING: Shader Unsupported: 'EnvironmentDepth/URP/OcclusionUnlit' - All subshaders removed
WARNING: Shader Did you use #pragma only_renderers and omit this platform?
WARNING: Shader If subshaders removal was intentional, you may have forgotten turning Fallback off?
WARNING: Shader Unsupported: 'EnvironmentDepth/URP/OcclusionUnlit' - All subshaders removed
WARNING: Shader Did you use #pragma only_renderers and omit this platform?
WARNING: Shader If subshaders removal was intentional, you may have forgotten turning Fallback off?
WARNING: Shader Unsupported: 'URP/UI/Prerendered' - All subshaders removed
WARNING: Shader Did you use #pragma only_renderers and omit this platform?
WARNING: Shader If subshaders removal was intentional, you may have forgotten turning Fallback off?
WARNING: Shader Unsupported: 'URP/UI/Prerendered' - All subshaders removed
WARNING: Shader Did you use #pragma only_renderers and omit this platform?
WARNING: Shader If subshaders removal was intentional, you may have forgotten turning Fallback off?
Shader 'Oculus/OVRMRCameraFrameLit': fallback shader 'Alpha-Diffuse' not found
Refreshing native plugins compatible for Editor in 4.56 ms, found 11 plugins.
Preloading 0 native plugins for Editor in 0.00 ms.
Unloading 5 Unused Serialized files (Serialized files now loaded: 0)
Unloading 6 unused Assets / (371.5 KB). Loaded Objects now: 6540.
Memory consumption went from 202.6 MB to 202.2 MB.
Total: 6.283042 ms (FindLiveObjects: 0.203542 ms CreateObjectMapping: 0.060417 ms MarkObjects: 5.832000 ms  DeleteObjects: 0.186416 ms)

Prepare: number of updated asset objects reloaded= 0
AssetImportParameters requested are different than current active one (requested -> active):
  custom:scripting/monoscript/fileName/SkewTextExample.cs: c142d02d70a129e0533975f7c2f96956 -> 
  custom:scripting/monoscript/fileName/GroundVegetationSpawner.cs: a8e7b8153a49d8553e0fcc8880049827 -> 
  custom:container-demuxer-ogg: 62fdf1f143b41e24485cea50d1cbac27 -> 
  custom:scripting/monoscript/fileName/AstroMath.cs: 1932568a5daca2d25b8b5c7242983aec -> 
  custom:scripting/monoscript/fileName/TMP_TextEventHandler.cs: f5cd9d5a43bfefc8f4fec80e6de896a4 -> 
  custom:scripting/monoscript/fileName/TextMeshProFloatingText.cs: 92608fa4a6315cd0786d82205e77b697 -> 
  custom:scripting/monoscript/fileName/VertexZoom.cs: 650ab1e81d40126e3edcf737cce646e4 -> 
  custom:scripting/monoscript/fileName/VertexShakeA.cs: 63ec564c588058369499638dd899e05b -> 
  custom:scripting/monoscript/fileName/TMP_ExampleScript_01.cs: a9d4be556104ff54e7d240529b3e01dc -> 
  custom:video-decoder-ogg-theora: a1e56fd34408186e4bbccfd4996cb3dc -> 
  custom:scripting/monoscript/fileName/TMP_TextEventCheck.cs: 13505d917eab5868c435e0c2986dadfa -> 
  custom:scripting/monoscript/fileName/TMP_TextSelector_B.cs: ba2be21a7486d37b1011342977a2e49d -> 
  custom:scripting/monoscript/fileName/Benchmark01.cs: 2d3e2cd961730ab95f139a49a673bace -> 
  custom:scripting/monoscript/fileName/Benchmark02.cs: 5640963252ce70910e726415f869ced6 -> 
  custom:scripting/monoscript/fileName/PlanetariumManager.cs: 22b040d69c7e89a9f75db3e2f35d583d -> 
  custom:scripting/monoscript/fileName/DropdownSample.cs: 0a92251794e5f10400149f96c3c59e5d -> 
  custom:scripting/monoscript/fileName/WarpTextExample.cs: 2663459c266363641981c7d17b698d7f -> 
  custom:CustomObjectIndexerAttribute: 9a22284fe3817be447336de3de66b15e -> 
  custom:container-demuxer-webm: 4f35f7cbe854078d1ac9338744f61a02 -> 
  custom:scripting/monoscript/fileName/StarData.cs: 8c3ecaae97776e3a509e6c92c6d1978c -> 
  custom:scripting/monoscript/fileName/EarthGroundRealistic.cs: 186beb94bc05013618de78c0bf9fca68 -> 
  custom:scripting/monoscript/fileName/ChatController.cs: 876d5ccae6e345dd5d9450eb0a748f16 -> 
  custom:scripting/monoscript/fileName/EarthGroundVisual.cs: 36a50b70f05d0b9c126df611b2357b9b -> 
  custom:scripting/monoscript/fileName/TextMeshSpawner.cs: 76f28e2ddb031571e6ec62b018f65fa8 -> 
  custom:scripting/monoscript/fileName/TeleType.cs: 31fa97821c4c70f157ec81d507aa6b62 -> 
  custom:scripting/monoscript/fileName/Benchmark04.cs: 32220b148620e52aa81c13a114862bf4 -> 
  custom:scripting/monoscript/fileName/LookAtCamera.cs: c89e844d610ff572aa3b28387fdf619c -> 
  custom:container-muxer-webm: aa71ff27fc2769a1b78a27578f13a17b -> 
  custom:video-decoder-webm-vp8: 9c59270c3fd7afecdb556c50c9e8de78 -> 
  custom:scripting/monoscript/fileName/TMP_PhoneNumberValidator.cs: 7c3049f481e464c6a9a15dee56c3126f -> 
  custom:SearchIndexIgnoredProperties: e643bd26f0fe6173181afceb89e7c659 -> 
  custom:AudioImporter_EditorPlatform: 3918e3fc78b5a79bad01e8451be0beb8 -> 
  custom:scripting/monoscript/fileName/EnvMapAnimator.cs: 1b4f61c17e4b7283c3ac351aacff9d26 -> 
  custom:scripting/monoscript/fileName/ShaderPropAnimator.cs: 55ce425812446482e623ff2695c94cb2 -> 
  custom:scripting/monoscript/fileName/SimpleScript.cs: 454caab0c6c050f29b39d82e1d66d0fa -> 
  custom:scripting/monoscript/fileName/AstroLaser.cs: 26653888dbc089cf903671d0935f9d0c -> 
  custom:scripting/monoscript/fileName/ObjectSpin.cs: 2b96bb2079dd7fa5108d981627a28e1e -> 
  custom:scripting/monoscript/fileName/CameraController.cs: 34b6be4e23ce86dc89786916c5983296 -> 
  custom:scripting/monoscript/fileName/TMP_TextInfoDebugTool.cs: 3f1709cfb2cc628169113a35b5e9be3f -> 
  custom:framework-osx-AVFoundation: e770b220cccbd017edd2c1fefb359320 -> 
  custom:scripting/monoscript/fileName/TMP_TextSelector_A.cs: 347309a09d56e367b188a6978f75b424 -> 
  custom:video-encoder-webm-vp8: eb34c28f22e8b96e1ab97ce403110664 -> 
  custom:audio-decoder-ogg-vorbis: bf7c407c2cedff20999df2af8eb42d56 -> 
  custom:scripting/monoscript/fileName/VertexJitter.cs: d27eb5498e48714a66aece98da065133 -> 
  custom:scripting/monoscript/fileName/TextConsoleSimulator.cs: 33fc311abb20b5b0ed8f00e4d86b574e -> 
  custom:scripting/monoscript/fileName/VertexColorCycler.cs: 5f984ca91cf3609293aecc6bc5641572 -> 
  custom:scripting/monoscript/fileName/TMP_FrameRateCounter.cs: 46f655df8cb483ac5958307137b1585a -> 
  custom:scripting/monoscript/fileName/VertexShakeB.cs: a6f78c4fcda1a29a1a1c1baefedba9e7 -> 
  custom:scripting/monoscript/fileName/TMP_UiFrameRateCounter.cs: b01021aea19247f14a98ab338907956a -> 
  custom:scripting/monoscript/fileName/StarTwinkle.cs: ac618481f721577fd89cf2d7fed70354 -> 
  custom:scripting/monoscript/fileName/TMPro_InstructionOverlay.cs: b626d2270e6ebd5c4311585c18b58d8d -> 
  custom:scripting/monoscript/fileName/TMP_DigitValidator.cs: ac02af96215ae3951a3cce9e1a8c6085 -> 
  custom:audio-encoder-webm-vorbis: bf7c407c2cedff20999df2af8eb42d56 -> 
  custom:scripting/monoscript/fileName/Benchmark01_UGUI.cs: 6148cfe2627b7708298f301788144139 -> 
  custom:scripting/monoscript/fileName/LaserControllerLeft.cs: 7e5ab3c36215566daf0a6b2d4ff82ca9 -> 
  custom:scripting/monoscript/fileName/LeftHandActivator.cs: ceb61ca6a6db9add1527617a23bb9ceb -> 
  custom:scripting/precompiled-assembly-types:Assembly-CSharp: ee9d3bd28e798fda85962f909a8240cf -> 
  custom:scripting/monoscript/fileName/Benchmark03.cs: 17cc87e0529ac71d909a946afb47a274 -> 
========================================================================
Received Import Request.
  Time since last request: 212.428197 seconds.
  path: Assets/StarPrefab.prefab
  artifactKey: Guid(9ecd496ca2c1044f5b9b8383d52bb82b) Importer(815301076,1909f56bfc062723c751e8b465ee728b)
Start importing Assets/StarPrefab.prefab using Guid(9ecd496ca2c1044f5b9b8383d52bb82b) Importer(815301076,1909f56bfc062723c751e8b465ee728b) [PhysX] Initialized MultithreadedTaskDispatcher with 12 workers.
[PhysX] Initialized MultithreadedTaskDispatcher with 12 workers.
 -> (artifact id: '6066f821e4d787cabd618874fcfae6cd') in 0.017170 seconds
Number of updated asset objects reloaded before import = 0
Number of asset objects unloaded after import = 9
========================================================================
Received Prepare
Caller must complete domain reload
Begin MonoManager ReloadAssembly
Thread 0x16f3c3000 may have been prematurely finalized
- Loaded All Assemblies, in  0.320 seconds
Native extension for Android target not found
Native extension for OSXStandalone target not found
[Package Manager] Server::EnsureServerProcessIsRunning -- launch failed, reason: Unity was launched with the -noUpm command-line argument
[Package Manager] UpmClient::Send -- Unable to send message (not connected to UPM process).
[Package Manager] Cannot connect to Unity Package Manager local server
[Package Manager] Server::EnsureServerProcessIsRunning -- launch failed, reason: Unity was launched with the -noUpm command-line argument
[Package Manager] UpmClient::Send -- Unable to send message (not connected to UPM process).
[Package Manager] Cannot connect to Unity Package Manager local server
Mono: successfully reloaded assembly
[Package Manager] Server::EnsureServerProcessIsRunning -- launch failed, reason: Unity was launched with the -noUpm command-line argument
[Package Manager] UpmClient::Send -- Unable to send message (not connected to UPM process).
[Package Manager] Cannot connect to Unity Package Manager local server
- Finished resetting the current domain, in  1.114 seconds
Domain Reload Profiling: 1435ms
	BeginReloadAssembly (86ms)
		ExecutionOrderSort (0ms)
		DisableScriptedObjects (2ms)
		BackupInstance (0ms)
		ReleaseScriptingObjects (0ms)
		CreateAndSetChildDomain (25ms)
	RebuildCommonClasses (18ms)
	RebuildNativeTypeToScriptingClass (7ms)
	initialDomainReloadingComplete (12ms)
	LoadAllAssembliesAndSetupDomain (198ms)
		LoadAssemblies (191ms)
		RebuildTransferFunctionScriptingTraits (0ms)
		AnalyzeDomain (41ms)
			TypeCache.Refresh (10ms)
				TypeCache.ScanAssembly (1ms)
			ScanForSourceGeneratedMonoScriptInfo (22ms)
			ResolveRequiredComponents (7ms)
	FinalizeReload (1115ms)
		ReleaseScriptCaches (0ms)
		RebuildScriptCaches (0ms)
		SetupLoadedEditorAssemblies (355ms)
			LogAssemblyErrors (0ms)
			InitializePlatformSupportModulesInManaged (8ms)
			SetLoadedEditorAssemblies (3ms)
			RefreshPlugins (0ms)
			BeforeProcessingInitializeOnLoad (40ms)
			ProcessInitializeOnLoadAttributes (275ms)
			ProcessInitializeOnLoadMethodAttributes (29ms)
			AfterProcessingInitializeOnLoad (1ms)
			EditorAssembliesLoaded (0ms)
		ExecutionOrderSort2 (0ms)
		AwakeInstancesAfterBackupRestoration (2ms)
WARNING: Shader Unsupported: 'URP/UI/Prerendered Opaque' - All subshaders removed
WARNING: Shader Did you use #pragma only_renderers and omit this platform?
WARNING: Shader If subshaders removal was intentional, you may have forgotten turning Fallback off?
WARNING: Shader Unsupported: 'URP/UI/Prerendered Opaque' - All subshaders removed
WARNING: Shader Did you use #pragma only_renderers and omit this platform?
WARNING: Shader If subshaders removal was intentional, you may have forgotten turning Fallback off?
WARNING: Shader Unsupported: 'EnvironmentDepth/URP/OcclusionUnlit' - All subshaders removed
WARNING: Shader Did you use #pragma only_renderers and omit this platform?
WARNING: Shader If subshaders removal was intentional, you may have forgotten turning Fallback off?
WARNING: Shader Unsupported: 'EnvironmentDepth/URP/OcclusionUnlit' - All subshaders removed
WARNING: Shader Did you use #pragma only_renderers and omit this platform?
WARNING: Shader If subshaders removal was intentional, you may have forgotten turning Fallback off?
WARNING: Shader Unsupported: 'URP/UI/Prerendered' - All subshaders removed
WARNING: Shader Did you use #pragma only_renderers and omit this platform?
WARNING: Shader If subshaders removal was intentional, you may have forgotten turning Fallback off?
WARNING: Shader Unsupported: 'URP/UI/Prerendered' - All subshaders removed
WARNING: Shader Did you use #pragma only_renderers and omit this platform?
WARNING: Shader If subshaders removal was intentional, you may have forgotten turning Fallback off?
Shader 'Oculus/OVRMRCameraFrameLit': fallback shader 'Alpha-Diffuse' not found
Refreshing native plugins compatible for Editor in 3.63 ms, found 11 plugins.
Preloading 0 native plugins for Editor in 0.00 ms.
Unloading 5848 Unused Serialized files (Serialized files now loaded: 0)
Unloading 86 unused Assets / (414.4 KB). Loaded Objects now: 6551.
Memory consumption went from 301.6 MB to 301.2 MB.
Total: 5.549500 ms (FindLiveObjects: 0.186042 ms CreateObjectMapping: 0.071042 ms MarkObjects: 5.042791 ms  DeleteObjects: 0.249000 ms)

Prepare: number of updated asset objects reloaded= 0
AssetImportParameters requested are different than current active one (requested -> active):
  custom:scripting/monoscript/fileName/SkewTextExample.cs: c142d02d70a129e0533975f7c2f96956 -> 
  custom:scripting/monoscript/fileName/GroundVegetationSpawner.cs: a8e7b8153a49d8553e0fcc8880049827 -> 
  custom:container-demuxer-ogg: 62fdf1f143b41e24485cea50d1cbac27 -> 
  custom:scripting/monoscript/fileName/AstroMath.cs: 1932568a5daca2d25b8b5c7242983aec -> 
  custom:scripting/monoscript/fileName/TMP_TextEventHandler.cs: f5cd9d5a43bfefc8f4fec80e6de896a4 -> 
  custom:scripting/monoscript/fileName/TextMeshProFloatingText.cs: 92608fa4a6315cd0786d82205e77b697 -> 
  custom:scripting/monoscript/fileName/NightSkyDome.cs: b2afe0d1521c7f43e5c43cc9cecc95ee -> 
  custom:scripting/monoscript/fileName/VertexZoom.cs: 650ab1e81d40126e3edcf737cce646e4 -> 
  custom:scripting/monoscript/fileName/VertexShakeA.cs: 63ec564c588058369499638dd899e05b -> 
  custom:scripting/monoscript/fileName/TMP_ExampleScript_01.cs: a9d4be556104ff54e7d240529b3e01dc -> 
  custom:video-decoder-ogg-theora: a1e56fd34408186e4bbccfd4996cb3dc -> 
  custom:scripting/monoscript/fileName/TMP_TextEventCheck.cs: 13505d917eab5868c435e0c2986dadfa -> 
  custom:scripting/monoscript/fileName/TMP_TextSelector_B.cs: ba2be21a7486d37b1011342977a2e49d -> 
  custom:scripting/monoscript/fileName/Benchmark01.cs: 2d3e2cd961730ab95f139a49a673bace -> 
  custom:scripting/monoscript/fileName/Benchmark02.cs: 5640963252ce70910e726415f869ced6 -> 
  custom:scripting/monoscript/fileName/PlanetariumManager.cs: 22b040d69c7e89a9f75db3e2f35d583d -> 
  custom:scripting/monoscript/fileName/DropdownSample.cs: 0a92251794e5f10400149f96c3c59e5d -> 
  custom:scripting/monoscript/fileName/WarpTextExample.cs: 2663459c266363641981c7d17b698d7f -> 
  custom:CustomObjectIndexerAttribute: 9a22284fe3817be447336de3de66b15e -> 
  custom:container-demuxer-webm: 4f35f7cbe854078d1ac9338744f61a02 -> 
  custom:scripting/monoscript/fileName/StarData.cs: 8c3ecaae97776e3a509e6c92c6d1978c -> 
  custom:scripting/monoscript/fileName/EarthGroundRealistic.cs: 186beb94bc05013618de78c0bf9fca68 -> 
  custom:scripting/monoscript/fileName/ChatController.cs: 876d5ccae6e345dd5d9450eb0a748f16 -> 
  custom:scripting/monoscript/fileName/EarthGroundVisual.cs: 36a50b70f05d0b9c126df611b2357b9b -> 
  custom:scripting/monoscript/fileName/TextMeshSpawner.cs: 76f28e2ddb031571e6ec62b018f65fa8 -> 
  custom:scripting/monoscript/fileName/TeleType.cs: 31fa97821c4c70f157ec81d507aa6b62 -> 
  custom:scripting/monoscript/fileName/AtmosphericEffects.cs: 6dab96abafac9a683f858453a1825b06 -> 
  custom:scripting/monoscript/fileName/Benchmark04.cs: 32220b148620e52aa81c13a114862bf4 -> 
  custom:scripting/monoscript/fileName/LookAtCamera.cs: c89e844d610ff572aa3b28387fdf619c -> 
  custom:container-muxer-webm: aa71ff27fc2769a1b78a27578f13a17b -> 
  custom:video-decoder-webm-vp8: 9c59270c3fd7afecdb556c50c9e8de78 -> 
  custom:scripting/monoscript/fileName/TMP_PhoneNumberValidator.cs: 7c3049f481e464c6a9a15dee56c3126f -> 
  custom:SearchIndexIgnoredProperties: e643bd26f0fe6173181afceb89e7c659 -> 
  custom:AudioImporter_EditorPlatform: 3918e3fc78b5a79bad01e8451be0beb8 -> 
  custom:scripting/monoscript/fileName/EnvMapAnimator.cs: 1b4f61c17e4b7283c3ac351aacff9d26 -> 
  custom:scripting/monoscript/fileName/ShaderPropAnimator.cs: 55ce425812446482e623ff2695c94cb2 -> 
  custom:scripting/monoscript/fileName/SimpleScript.cs: 454caab0c6c050f29b39d82e1d66d0fa -> 
  custom:scripting/monoscript/fileName/AstroLaser.cs: 26653888dbc089cf903671d0935f9d0c -> 
  custom:scripting/monoscript/fileName/ObjectSpin.cs: 2b96bb2079dd7fa5108d981627a28e1e -> 
  custom:scripting/monoscript/fileName/CameraController.cs: 34b6be4e23ce86dc89786916c5983296 -> 
  custom:scripting/monoscript/fileName/TMP_TextInfoDebugTool.cs: 3f1709cfb2cc628169113a35b5e9be3f -> 
  custom:framework-osx-AVFoundation: e770b220cccbd017edd2c1fefb359320 -> 
  custom:scripting/monoscript/fileName/TMP_TextSelector_A.cs: 347309a09d56e367b188a6978f75b424 -> 
  custom:video-encoder-webm-vp8: eb34c28f22e8b96e1ab97ce403110664 -> 
  custom:audio-decoder-ogg-vorbis: bf7c407c2cedff20999df2af8eb42d56 -> 
  custom:scripting/monoscript/fileName/VertexJitter.cs: d27eb5498e48714a66aece98da065133 -> 
  custom:scripting/monoscript/fileName/TextConsoleSimulator.cs: 33fc311abb20b5b0ed8f00e4d86b574e -> 
  custom:scripting/monoscript/fileName/VertexColorCycler.cs: 5f984ca91cf3609293aecc6bc5641572 -> 
  custom:scripting/monoscript/fileName/TMP_FrameRateCounter.cs: 46f655df8cb483ac5958307137b1585a -> 
  custom:scripting/monoscript/fileName/VertexShakeB.cs: a6f78c4fcda1a29a1a1c1baefedba9e7 -> 
  custom:scripting/monoscript/fileName/TMP_UiFrameRateCounter.cs: b01021aea19247f14a98ab338907956a -> 
  custom:scripting/monoscript/fileName/StarTwinkle.cs: ac618481f721577fd89cf2d7fed70354 -> 
  custom:scripting/monoscript/fileName/PlanetariumSceneManager.cs: ff25bf0c7f3b5e5a9e958ca6d2974daa -> 
  custom:scripting/monoscript/fileName/TMPro_InstructionOverlay.cs: b626d2270e6ebd5c4311585c18b58d8d -> 
  custom:scripting/monoscript/fileName/TMP_DigitValidator.cs: ac02af96215ae3951a3cce9e1a8c6085 -> 
  custom:audio-encoder-webm-vorbis: bf7c407c2cedff20999df2af8eb42d56 -> 
  custom:scripting/monoscript/fileName/Benchmark01_UGUI.cs: 6148cfe2627b7708298f301788144139 -> 
  custom:scripting/monoscript/fileName/LaserControllerLeft.cs: 7e5ab3c36215566daf0a6b2d4ff82ca9 -> 
  custom:scripting/monoscript/fileName/LeftHandActivator.cs: ceb61ca6a6db9add1527617a23bb9ceb -> 
  custom:scripting/precompiled-assembly-types:Assembly-CSharp: 400a0d0a8e5077b6981f166e6397a670 -> 
  custom:scripting/monoscript/fileName/Benchmark03.cs: 17cc87e0529ac71d909a946afb47a274 -> 
========================================================================
Received Prepare
WARNING: Shader Unsupported: 'URP/UI/Prerendered Opaque' - All subshaders removed
WARNING: Shader Did you use #pragma only_renderers and omit this platform?
WARNING: Shader If subshaders removal was intentional, you may have forgotten turning Fallback off?
WARNING: Shader Unsupported: 'URP/UI/Prerendered Opaque' - All subshaders removed
WARNING: Shader Did you use #pragma only_renderers and omit this platform?
WARNING: Shader If subshaders removal was intentional, you may have forgotten turning Fallback off?
WARNING: Shader Unsupported: 'EnvironmentDepth/URP/OcclusionUnlit' - All subshaders removed
WARNING: Shader Did you use #pragma only_renderers and omit this platform?
WARNING: Shader If subshaders removal was intentional, you may have forgotten turning Fallback off?
WARNING: Shader Unsupported: 'EnvironmentDepth/URP/OcclusionUnlit' - All subshaders removed
WARNING: Shader Did you use #pragma only_renderers and omit this platform?
WARNING: Shader If subshaders removal was intentional, you may have forgotten turning Fallback off?
WARNING: Shader Unsupported: 'URP/UI/Prerendered' - All subshaders removed
WARNING: Shader Did you use #pragma only_renderers and omit this platform?
WARNING: Shader If subshaders removal was intentional, you may have forgotten turning Fallback off?
WARNING: Shader Unsupported: 'URP/UI/Prerendered' - All subshaders removed
WARNING: Shader Did you use #pragma only_renderers and omit this platform?
WARNING: Shader If subshaders removal was intentional, you may have forgotten turning Fallback off?
Shader 'Oculus/OVRMRCameraFrameLit': fallback shader 'Alpha-Diffuse' not found
Refreshing native plugins compatible for Editor in 4.84 ms, found 11 plugins.
Preloading 0 native plugins for Editor in 0.00 ms.
Unloading 6 Unused Serialized files (Serialized files now loaded: 0)
Unloading 6 unused Assets / (365.7 KB). Loaded Objects now: 6551.
Memory consumption went from 210.1 MB to 209.8 MB.
Total: 5.292416 ms (FindLiveObjects: 0.195209 ms CreateObjectMapping: 0.059208 ms MarkObjects: 4.842083 ms  DeleteObjects: 0.195250 ms)

Prepare: number of updated asset objects reloaded= 0
AssetImportParameters requested are different than current active one (requested -> active):
  custom:scripting/monoscript/fileName/SkewTextExample.cs: c142d02d70a129e0533975f7c2f96956 -> 
  custom:scripting/monoscript/fileName/GroundVegetationSpawner.cs: a8e7b8153a49d8553e0fcc8880049827 -> 
  custom:container-demuxer-ogg: 62fdf1f143b41e24485cea50d1cbac27 -> 
  custom:scripting/monoscript/fileName/AstroMath.cs: 1932568a5daca2d25b8b5c7242983aec -> 
  custom:scripting/monoscript/fileName/TMP_TextEventHandler.cs: f5cd9d5a43bfefc8f4fec80e6de896a4 -> 
  custom:scripting/monoscript/fileName/TextMeshProFloatingText.cs: 92608fa4a6315cd0786d82205e77b697 -> 
  custom:scripting/monoscript/fileName/NightSkyDome.cs: b2afe0d1521c7f43e5c43cc9cecc95ee -> 
  custom:scripting/monoscript/fileName/VertexZoom.cs: 650ab1e81d40126e3edcf737cce646e4 -> 
  custom:scripting/monoscript/fileName/VertexShakeA.cs: 63ec564c588058369499638dd899e05b -> 
  custom:scripting/monoscript/fileName/TMP_ExampleScript_01.cs: a9d4be556104ff54e7d240529b3e01dc -> 
  custom:video-decoder-ogg-theora: a1e56fd34408186e4bbccfd4996cb3dc -> 
  custom:scripting/monoscript/fileName/TMP_TextEventCheck.cs: 13505d917eab5868c435e0c2986dadfa -> 
  custom:scripting/monoscript/fileName/TMP_TextSelector_B.cs: ba2be21a7486d37b1011342977a2e49d -> 
  custom:scripting/monoscript/fileName/Benchmark01.cs: 2d3e2cd961730ab95f139a49a673bace -> 
  custom:scripting/monoscript/fileName/Benchmark02.cs: 5640963252ce70910e726415f869ced6 -> 
  custom:scripting/monoscript/fileName/PlanetariumManager.cs: 22b040d69c7e89a9f75db3e2f35d583d -> 
  custom:scripting/monoscript/fileName/DropdownSample.cs: 0a92251794e5f10400149f96c3c59e5d -> 
  custom:scripting/monoscript/fileName/WarpTextExample.cs: 2663459c266363641981c7d17b698d7f -> 
  custom:CustomObjectIndexerAttribute: 9a22284fe3817be447336de3de66b15e -> 
  custom:container-demuxer-webm: 4f35f7cbe854078d1ac9338744f61a02 -> 
  custom:scripting/monoscript/fileName/StarData.cs: 8c3ecaae97776e3a509e6c92c6d1978c -> 
  custom:scripting/monoscript/fileName/EarthGroundRealistic.cs: 186beb94bc05013618de78c0bf9fca68 -> 
  custom:scripting/monoscript/fileName/ChatController.cs: 876d5ccae6e345dd5d9450eb0a748f16 -> 
  custom:scripting/monoscript/fileName/EarthGroundVisual.cs: 36a50b70f05d0b9c126df611b2357b9b -> 
  custom:scripting/monoscript/fileName/TextMeshSpawner.cs: 76f28e2ddb031571e6ec62b018f65fa8 -> 
  custom:scripting/monoscript/fileName/TeleType.cs: 31fa97821c4c70f157ec81d507aa6b62 -> 
  custom:scripting/monoscript/fileName/AtmosphericEffects.cs: 6dab96abafac9a683f858453a1825b06 -> 
  custom:scripting/monoscript/fileName/Benchmark04.cs: 32220b148620e52aa81c13a114862bf4 -> 
  custom:scripting/monoscript/fileName/LookAtCamera.cs: c89e844d610ff572aa3b28387fdf619c -> 
  custom:container-muxer-webm: aa71ff27fc2769a1b78a27578f13a17b -> 
  custom:video-decoder-webm-vp8: 9c59270c3fd7afecdb556c50c9e8de78 -> 
  custom:scripting/monoscript/fileName/TMP_PhoneNumberValidator.cs: 7c3049f481e464c6a9a15dee56c3126f -> 
  custom:SearchIndexIgnoredProperties: e643bd26f0fe6173181afceb89e7c659 -> 
  custom:AudioImporter_EditorPlatform: 3918e3fc78b5a79bad01e8451be0beb8 -> 
  custom:scripting/monoscript/fileName/EnvMapAnimator.cs: 1b4f61c17e4b7283c3ac351aacff9d26 -> 
  custom:scripting/monoscript/fileName/ShaderPropAnimator.cs: 55ce425812446482e623ff2695c94cb2 -> 
  custom:scripting/monoscript/fileName/SimpleScript.cs: 454caab0c6c050f29b39d82e1d66d0fa -> 
  custom:scripting/monoscript/fileName/AstroLaser.cs: 26653888dbc089cf903671d0935f9d0c -> 
  custom:scripting/monoscript/fileName/ObjectSpin.cs: 2b96bb2079dd7fa5108d981627a28e1e -> 
  custom:scripting/monoscript/fileName/CameraController.cs: 34b6be4e23ce86dc89786916c5983296 -> 
  custom:scripting/monoscript/fileName/TMP_TextInfoDebugTool.cs: 3f1709cfb2cc628169113a35b5e9be3f -> 
  custom:framework-osx-AVFoundation: e770b220cccbd017edd2c1fefb359320 -> 
  custom:scripting/monoscript/fileName/TMP_TextSelector_A.cs: 347309a09d56e367b188a6978f75b424 -> 
  custom:video-encoder-webm-vp8: eb34c28f22e8b96e1ab97ce403110664 -> 
  custom:audio-decoder-ogg-vorbis: bf7c407c2cedff20999df2af8eb42d56 -> 
  custom:scripting/monoscript/fileName/VertexJitter.cs: d27eb5498e48714a66aece98da065133 -> 
  custom:scripting/monoscript/fileName/TextConsoleSimulator.cs: 33fc311abb20b5b0ed8f00e4d86b574e -> 
  custom:scripting/monoscript/fileName/VertexColorCycler.cs: 5f984ca91cf3609293aecc6bc5641572 -> 
  custom:scripting/monoscript/fileName/TMP_FrameRateCounter.cs: 46f655df8cb483ac5958307137b1585a -> 
  custom:scripting/monoscript/fileName/VertexShakeB.cs: a6f78c4fcda1a29a1a1c1baefedba9e7 -> 
  custom:scripting/monoscript/fileName/TMP_UiFrameRateCounter.cs: b01021aea19247f14a98ab338907956a -> 
  custom:scripting/monoscript/fileName/StarTwinkle.cs: ac618481f721577fd89cf2d7fed70354 -> 
  custom:scripting/monoscript/fileName/PlanetariumSceneManager.cs: ff25bf0c7f3b5e5a9e958ca6d2974daa -> 
  custom:scripting/monoscript/fileName/TMPro_InstructionOverlay.cs: b626d2270e6ebd5c4311585c18b58d8d -> 
  custom:scripting/monoscript/fileName/TMP_DigitValidator.cs: ac02af96215ae3951a3cce9e1a8c6085 -> 
  custom:audio-encoder-webm-vorbis: bf7c407c2cedff20999df2af8eb42d56 -> 
  custom:scripting/monoscript/fileName/Benchmark01_UGUI.cs: 6148cfe2627b7708298f301788144139 -> 
  custom:scripting/monoscript/fileName/LaserControllerLeft.cs: 7e5ab3c36215566daf0a6b2d4ff82ca9 -> 
  custom:scripting/monoscript/fileName/LeftHandActivator.cs: ceb61ca6a6db9add1527617a23bb9ceb -> 
  custom:scripting/precompiled-assembly-types:Assembly-CSharp: 400a0d0a8e5077b6981f166e6397a670 -> 
  custom:scripting/monoscript/fileName/Benchmark03.cs: 17cc87e0529ac71d909a946afb47a274 -> 
========================================================================
Received Prepare
WARNING: Shader Unsupported: 'URP/UI/Prerendered Opaque' - All subshaders removed
WARNING: Shader Did you use #pragma only_renderers and omit this platform?
WARNING: Shader If subshaders removal was intentional, you may have forgotten turning Fallback off?
WARNING: Shader Unsupported: 'URP/UI/Prerendered Opaque' - All subshaders removed
WARNING: Shader Did you use #pragma only_renderers and omit this platform?
WARNING: Shader If subshaders removal was intentional, you may have forgotten turning Fallback off?
WARNING: Shader Unsupported: 'EnvironmentDepth/URP/OcclusionUnlit' - All subshaders removed
WARNING: Shader Did you use #pragma only_renderers and omit this platform?
WARNING: Shader If subshaders removal was intentional, you may have forgotten turning Fallback off?
WARNING: Shader Unsupported: 'EnvironmentDepth/URP/OcclusionUnlit' - All subshaders removed
WARNING: Shader Did you use #pragma only_renderers and omit this platform?
WARNING: Shader If subshaders removal was intentional, you may have forgotten turning Fallback off?
WARNING: Shader Unsupported: 'URP/UI/Prerendered' - All subshaders removed
WARNING: Shader Did you use #pragma only_renderers and omit this platform?
WARNING: Shader If subshaders removal was intentional, you may have forgotten turning Fallback off?
WARNING: Shader Unsupported: 'URP/UI/Prerendered' - All subshaders removed
WARNING: Shader Did you use #pragma only_renderers and omit this platform?
WARNING: Shader If subshaders removal was intentional, you may have forgotten turning Fallback off?
Shader 'Oculus/OVRMRCameraFrameLit': fallback shader 'Alpha-Diffuse' not found
Refreshing native plugins compatible for Editor in 4.85 ms, found 11 plugins.
Preloading 0 native plugins for Editor in 0.00 ms.
Unloading 6 Unused Serialized files (Serialized files now loaded: 0)
Unloading 6 unused Assets / (365.7 KB). Loaded Objects now: 6551.
Memory consumption went from 208.6 MB to 208.2 MB.
Total: 7.429167 ms (FindLiveObjects: 0.237417 ms CreateObjectMapping: 0.060000 ms MarkObjects: 6.921208 ms  DeleteObjects: 0.210000 ms)

Prepare: number of updated asset objects reloaded= 0
AssetImportParameters requested are different than current active one (requested -> active):
  custom:scripting/monoscript/fileName/SkewTextExample.cs: c142d02d70a129e0533975f7c2f96956 -> 
  custom:scripting/monoscript/fileName/GroundVegetationSpawner.cs: a8e7b8153a49d8553e0fcc8880049827 -> 
  custom:container-demuxer-ogg: 62fdf1f143b41e24485cea50d1cbac27 -> 
  custom:scripting/monoscript/fileName/AstroMath.cs: 1932568a5daca2d25b8b5c7242983aec -> 
  custom:scripting/monoscript/fileName/TMP_TextEventHandler.cs: f5cd9d5a43bfefc8f4fec80e6de896a4 -> 
  custom:scripting/monoscript/fileName/TextMeshProFloatingText.cs: 92608fa4a6315cd0786d82205e77b697 -> 
  custom:scripting/monoscript/fileName/NightSkyDome.cs: b2afe0d1521c7f43e5c43cc9cecc95ee -> 
  custom:scripting/monoscript/fileName/VertexZoom.cs: 650ab1e81d40126e3edcf737cce646e4 -> 
  custom:scripting/monoscript/fileName/VertexShakeA.cs: 63ec564c588058369499638dd899e05b -> 
  custom:scripting/monoscript/fileName/TMP_ExampleScript_01.cs: a9d4be556104ff54e7d240529b3e01dc -> 
  custom:video-decoder-ogg-theora: a1e56fd34408186e4bbccfd4996cb3dc -> 
  custom:scripting/monoscript/fileName/TMP_TextEventCheck.cs: 13505d917eab5868c435e0c2986dadfa -> 
  custom:scripting/monoscript/fileName/TMP_TextSelector_B.cs: ba2be21a7486d37b1011342977a2e49d -> 
  custom:scripting/monoscript/fileName/Benchmark01.cs: 2d3e2cd961730ab95f139a49a673bace -> 
  custom:scripting/monoscript/fileName/Benchmark02.cs: 5640963252ce70910e726415f869ced6 -> 
  custom:scripting/monoscript/fileName/PlanetariumManager.cs: 22b040d69c7e89a9f75db3e2f35d583d -> 
  custom:scripting/monoscript/fileName/DropdownSample.cs: 0a92251794e5f10400149f96c3c59e5d -> 
  custom:scripting/monoscript/fileName/WarpTextExample.cs: 2663459c266363641981c7d17b698d7f -> 
  custom:CustomObjectIndexerAttribute: 9a22284fe3817be447336de3de66b15e -> 
  custom:container-demuxer-webm: 4f35f7cbe854078d1ac9338744f61a02 -> 
  custom:scripting/monoscript/fileName/StarData.cs: 8c3ecaae97776e3a509e6c92c6d1978c -> 
  custom:scripting/monoscript/fileName/EarthGroundRealistic.cs: 186beb94bc05013618de78c0bf9fca68 -> 
  custom:scripting/monoscript/fileName/ChatController.cs: 876d5ccae6e345dd5d9450eb0a748f16 -> 
  custom:scripting/monoscript/fileName/EarthGroundVisual.cs: 36a50b70f05d0b9c126df611b2357b9b -> 
  custom:scripting/monoscript/fileName/TextMeshSpawner.cs: 76f28e2ddb031571e6ec62b018f65fa8 -> 
  custom:scripting/monoscript/fileName/TeleType.cs: 31fa97821c4c70f157ec81d507aa6b62 -> 
  custom:scripting/monoscript/fileName/AtmosphericEffects.cs: 6dab96abafac9a683f858453a1825b06 -> 
  custom:scripting/monoscript/fileName/Benchmark04.cs: 32220b148620e52aa81c13a114862bf4 -> 
  custom:scripting/monoscript/fileName/LookAtCamera.cs: c89e844d610ff572aa3b28387fdf619c -> 
  custom:container-muxer-webm: aa71ff27fc2769a1b78a27578f13a17b -> 
  custom:video-decoder-webm-vp8: 9c59270c3fd7afecdb556c50c9e8de78 -> 
  custom:scripting/monoscript/fileName/TMP_PhoneNumberValidator.cs: 7c3049f481e464c6a9a15dee56c3126f -> 
  custom:SearchIndexIgnoredProperties: e643bd26f0fe6173181afceb89e7c659 -> 
  custom:AudioImporter_EditorPlatform: 3918e3fc78b5a79bad01e8451be0beb8 -> 
  custom:scripting/monoscript/fileName/EnvMapAnimator.cs: 1b4f61c17e4b7283c3ac351aacff9d26 -> 
  custom:scripting/monoscript/fileName/ShaderPropAnimator.cs: 55ce425812446482e623ff2695c94cb2 -> 
  custom:scripting/monoscript/fileName/SimpleScript.cs: 454caab0c6c050f29b39d82e1d66d0fa -> 
  custom:scripting/monoscript/fileName/AstroLaser.cs: 26653888dbc089cf903671d0935f9d0c -> 
  custom:scripting/monoscript/fileName/ObjectSpin.cs: 2b96bb2079dd7fa5108d981627a28e1e -> 
  custom:scripting/monoscript/fileName/CameraController.cs: 34b6be4e23ce86dc89786916c5983296 -> 
  custom:scripting/monoscript/fileName/TMP_TextInfoDebugTool.cs: 3f1709cfb2cc628169113a35b5e9be3f -> 
  custom:framework-osx-AVFoundation: e770b220cccbd017edd2c1fefb359320 -> 
  custom:scripting/monoscript/fileName/TMP_TextSelector_A.cs: 347309a09d56e367b188a6978f75b424 -> 
  custom:video-encoder-webm-vp8: eb34c28f22e8b96e1ab97ce403110664 -> 
  custom:audio-decoder-ogg-vorbis: bf7c407c2cedff20999df2af8eb42d56 -> 
  custom:scripting/monoscript/fileName/VertexJitter.cs: d27eb5498e48714a66aece98da065133 -> 
  custom:scripting/monoscript/fileName/TextConsoleSimulator.cs: 33fc311abb20b5b0ed8f00e4d86b574e -> 
  custom:scripting/monoscript/fileName/VertexColorCycler.cs: 5f984ca91cf3609293aecc6bc5641572 -> 
  custom:scripting/monoscript/fileName/TMP_FrameRateCounter.cs: 46f655df8cb483ac5958307137b1585a -> 
  custom:scripting/monoscript/fileName/VertexShakeB.cs: a6f78c4fcda1a29a1a1c1baefedba9e7 -> 
  custom:scripting/monoscript/fileName/TMP_UiFrameRateCounter.cs: b01021aea19247f14a98ab338907956a -> 
  custom:scripting/monoscript/fileName/StarTwinkle.cs: ac618481f721577fd89cf2d7fed70354 -> 
  custom:scripting/monoscript/fileName/PlanetariumSceneManager.cs: ff25bf0c7f3b5e5a9e958ca6d2974daa -> 
  custom:scripting/monoscript/fileName/TMPro_InstructionOverlay.cs: b626d2270e6ebd5c4311585c18b58d8d -> 
  custom:scripting/monoscript/fileName/TMP_DigitValidator.cs: ac02af96215ae3951a3cce9e1a8c6085 -> 
  custom:audio-encoder-webm-vorbis: bf7c407c2cedff20999df2af8eb42d56 -> 
  custom:scripting/monoscript/fileName/Benchmark01_UGUI.cs: 6148cfe2627b7708298f301788144139 -> 
  custom:scripting/monoscript/fileName/LaserControllerLeft.cs: 7e5ab3c36215566daf0a6b2d4ff82ca9 -> 
  custom:scripting/monoscript/fileName/LeftHandActivator.cs: ceb61ca6a6db9add1527617a23bb9ceb -> 
  custom:scripting/precompiled-assembly-types:Assembly-CSharp: 400a0d0a8e5077b6981f166e6397a670 -> 
  custom:scripting/monoscript/fileName/Benchmark03.cs: 17cc87e0529ac71d909a946afb47a274 -> 
========================================================================
Received Prepare
WARNING: Shader Unsupported: 'URP/UI/Prerendered Opaque' - All subshaders removed
WARNING: Shader Did you use #pragma only_renderers and omit this platform?
WARNING: Shader If subshaders removal was intentional, you may have forgotten turning Fallback off?
WARNING: Shader Unsupported: 'URP/UI/Prerendered Opaque' - All subshaders removed
WARNING: Shader Did you use #pragma only_renderers and omit this platform?
WARNING: Shader If subshaders removal was intentional, you may have forgotten turning Fallback off?
WARNING: Shader Unsupported: 'EnvironmentDepth/URP/OcclusionUnlit' - All subshaders removed
WARNING: Shader Did you use #pragma only_renderers and omit this platform?
WARNING: Shader If subshaders removal was intentional, you may have forgotten turning Fallback off?
WARNING: Shader Unsupported: 'EnvironmentDepth/URP/OcclusionUnlit' - All subshaders removed
WARNING: Shader Did you use #pragma only_renderers and omit this platform?
WARNING: Shader If subshaders removal was intentional, you may have forgotten turning Fallback off?
WARNING: Shader Unsupported: 'URP/UI/Prerendered' - All subshaders removed
WARNING: Shader Did you use #pragma only_renderers and omit this platform?
WARNING: Shader If subshaders removal was intentional, you may have forgotten turning Fallback off?
WARNING: Shader Unsupported: 'URP/UI/Prerendered' - All subshaders removed
WARNING: Shader Did you use #pragma only_renderers and omit this platform?
WARNING: Shader If subshaders removal was intentional, you may have forgotten turning Fallback off?
Shader 'Oculus/OVRMRCameraFrameLit': fallback shader 'Alpha-Diffuse' not found
Refreshing native plugins compatible for Editor in 4.66 ms, found 11 plugins.
Preloading 0 native plugins for Editor in 0.00 ms.
Unloading 6 Unused Serialized files (Serialized files now loaded: 0)
Unloading 6 unused Assets / (365.8 KB). Loaded Objects now: 6551.
Memory consumption went from 207.7 MB to 207.4 MB.
Total: 5.982833 ms (FindLiveObjects: 0.196417 ms CreateObjectMapping: 0.061917 ms MarkObjects: 5.518458 ms  DeleteObjects: 0.205542 ms)

Prepare: number of updated asset objects reloaded= 0
AssetImportParameters requested are different than current active one (requested -> active):
  custom:scripting/monoscript/fileName/SkewTextExample.cs: c142d02d70a129e0533975f7c2f96956 -> 
  custom:scripting/monoscript/fileName/GroundVegetationSpawner.cs: a8e7b8153a49d8553e0fcc8880049827 -> 
  custom:container-demuxer-ogg: 62fdf1f143b41e24485cea50d1cbac27 -> 
  custom:scripting/monoscript/fileName/AstroMath.cs: 1932568a5daca2d25b8b5c7242983aec -> 
  custom:scripting/monoscript/fileName/TMP_TextEventHandler.cs: f5cd9d5a43bfefc8f4fec80e6de896a4 -> 
  custom:scripting/monoscript/fileName/TextMeshProFloatingText.cs: 92608fa4a6315cd0786d82205e77b697 -> 
  custom:scripting/monoscript/fileName/NightSkyDome.cs: b2afe0d1521c7f43e5c43cc9cecc95ee -> 
  custom:scripting/monoscript/fileName/VertexZoom.cs: 650ab1e81d40126e3edcf737cce646e4 -> 
  custom:scripting/monoscript/fileName/VertexShakeA.cs: 63ec564c588058369499638dd899e05b -> 
  custom:scripting/monoscript/fileName/TMP_ExampleScript_01.cs: a9d4be556104ff54e7d240529b3e01dc -> 
  custom:video-decoder-ogg-theora: a1e56fd34408186e4bbccfd4996cb3dc -> 
  custom:scripting/monoscript/fileName/TMP_TextEventCheck.cs: 13505d917eab5868c435e0c2986dadfa -> 
  custom:scripting/monoscript/fileName/TMP_TextSelector_B.cs: ba2be21a7486d37b1011342977a2e49d -> 
  custom:scripting/monoscript/fileName/Benchmark01.cs: 2d3e2cd961730ab95f139a49a673bace -> 
  custom:scripting/monoscript/fileName/Benchmark02.cs: 5640963252ce70910e726415f869ced6 -> 
  custom:scripting/monoscript/fileName/PlanetariumManager.cs: 22b040d69c7e89a9f75db3e2f35d583d -> 
  custom:scripting/monoscript/fileName/DropdownSample.cs: 0a92251794e5f10400149f96c3c59e5d -> 
  custom:scripting/monoscript/fileName/WarpTextExample.cs: 2663459c266363641981c7d17b698d7f -> 
  custom:CustomObjectIndexerAttribute: 9a22284fe3817be447336de3de66b15e -> 
  custom:container-demuxer-webm: 4f35f7cbe854078d1ac9338744f61a02 -> 
  custom:scripting/monoscript/fileName/StarData.cs: 8c3ecaae97776e3a509e6c92c6d1978c -> 
  custom:scripting/monoscript/fileName/EarthGroundRealistic.cs: 186beb94bc05013618de78c0bf9fca68 -> 
  custom:scripting/monoscript/fileName/ChatController.cs: 876d5ccae6e345dd5d9450eb0a748f16 -> 
  custom:scripting/monoscript/fileName/EarthGroundVisual.cs: 36a50b70f05d0b9c126df611b2357b9b -> 
  custom:scripting/monoscript/fileName/TextMeshSpawner.cs: 76f28e2ddb031571e6ec62b018f65fa8 -> 
  custom:scripting/monoscript/fileName/TeleType.cs: 31fa97821c4c70f157ec81d507aa6b62 -> 
  custom:scripting/monoscript/fileName/AtmosphericEffects.cs: 6dab96abafac9a683f858453a1825b06 -> 
  custom:scripting/monoscript/fileName/Benchmark04.cs: 32220b148620e52aa81c13a114862bf4 -> 
  custom:scripting/monoscript/fileName/LookAtCamera.cs: c89e844d610ff572aa3b28387fdf619c -> 
  custom:container-muxer-webm: aa71ff27fc2769a1b78a27578f13a17b -> 
  custom:video-decoder-webm-vp8: 9c59270c3fd7afecdb556c50c9e8de78 -> 
  custom:scripting/monoscript/fileName/TMP_PhoneNumberValidator.cs: 7c3049f481e464c6a9a15dee56c3126f -> 
  custom:SearchIndexIgnoredProperties: e643bd26f0fe6173181afceb89e7c659 -> 
  custom:AudioImporter_EditorPlatform: 3918e3fc78b5a79bad01e8451be0beb8 -> 
  custom:scripting/monoscript/fileName/EnvMapAnimator.cs: 1b4f61c17e4b7283c3ac351aacff9d26 -> 
  custom:scripting/monoscript/fileName/ShaderPropAnimator.cs: 55ce425812446482e623ff2695c94cb2 -> 
  custom:scripting/monoscript/fileName/SimpleScript.cs: 454caab0c6c050f29b39d82e1d66d0fa -> 
  custom:scripting/monoscript/fileName/AstroLaser.cs: 26653888dbc089cf903671d0935f9d0c -> 
  custom:scripting/monoscript/fileName/ObjectSpin.cs: 2b96bb2079dd7fa5108d981627a28e1e -> 
  custom:scripting/monoscript/fileName/CameraController.cs: 34b6be4e23ce86dc89786916c5983296 -> 
  custom:scripting/monoscript/fileName/TMP_TextInfoDebugTool.cs: 3f1709cfb2cc628169113a35b5e9be3f -> 
  custom:framework-osx-AVFoundation: e770b220cccbd017edd2c1fefb359320 -> 
  custom:scripting/monoscript/fileName/TMP_TextSelector_A.cs: 347309a09d56e367b188a6978f75b424 -> 
  custom:video-encoder-webm-vp8: eb34c28f22e8b96e1ab97ce403110664 -> 
  custom:audio-decoder-ogg-vorbis: bf7c407c2cedff20999df2af8eb42d56 -> 
  custom:scripting/monoscript/fileName/VertexJitter.cs: d27eb5498e48714a66aece98da065133 -> 
  custom:scripting/monoscript/fileName/TextConsoleSimulator.cs: 33fc311abb20b5b0ed8f00e4d86b574e -> 
  custom:scripting/monoscript/fileName/VertexColorCycler.cs: 5f984ca91cf3609293aecc6bc5641572 -> 
  custom:scripting/monoscript/fileName/TMP_FrameRateCounter.cs: 46f655df8cb483ac5958307137b1585a -> 
  custom:scripting/monoscript/fileName/VertexShakeB.cs: a6f78c4fcda1a29a1a1c1baefedba9e7 -> 
  custom:scripting/monoscript/fileName/TMP_UiFrameRateCounter.cs: b01021aea19247f14a98ab338907956a -> 
  custom:scripting/monoscript/fileName/StarTwinkle.cs: ac618481f721577fd89cf2d7fed70354 -> 
  custom:scripting/monoscript/fileName/PlanetariumSceneManager.cs: ff25bf0c7f3b5e5a9e958ca6d2974daa -> 
  custom:scripting/monoscript/fileName/TMPro_InstructionOverlay.cs: b626d2270e6ebd5c4311585c18b58d8d -> 
  custom:scripting/monoscript/fileName/TMP_DigitValidator.cs: ac02af96215ae3951a3cce9e1a8c6085 -> 
  custom:audio-encoder-webm-vorbis: bf7c407c2cedff20999df2af8eb42d56 -> 
  custom:scripting/monoscript/fileName/Benchmark01_UGUI.cs: 6148cfe2627b7708298f301788144139 -> 
  custom:scripting/monoscript/fileName/LaserControllerLeft.cs: 7e5ab3c36215566daf0a6b2d4ff82ca9 -> 
  custom:scripting/monoscript/fileName/LeftHandActivator.cs: ceb61ca6a6db9add1527617a23bb9ceb -> 
  custom:scripting/precompiled-assembly-types:Assembly-CSharp: 400a0d0a8e5077b6981f166e6397a670 -> 
  custom:scripting/monoscript/fileName/Benchmark03.cs: 17cc87e0529ac71d909a946afb47a274 -> 
========================================================================
Received Prepare
Caller must complete domain reload
Begin MonoManager ReloadAssembly
Thread 0x16f3c3000 may have been prematurely finalized
- Loaded All Assemblies, in  0.289 seconds
Native extension for Android target not found
Native extension for OSXStandalone target not found
[Package Manager] Server::EnsureServerProcessIsRunning -- launch failed, reason: Unity was launched with the -noUpm command-line argument
[Package Manager] UpmClient::Send -- Unable to send message (not connected to UPM process).
[Package Manager] Cannot connect to Unity Package Manager local server
[Package Manager] Server::EnsureServerProcessIsRunning -- launch failed, reason: Unity was launched with the -noUpm command-line argument
[Package Manager] UpmClient::Send -- Unable to send message (not connected to UPM process).
[Package Manager] Cannot connect to Unity Package Manager local server
Mono: successfully reloaded assembly
[Package Manager] Server::EnsureServerProcessIsRunning -- launch failed, reason: Unity was launched with the -noUpm command-line argument
[Package Manager] UpmClient::Send -- Unable to send message (not connected to UPM process).
[Package Manager] Cannot connect to Unity Package Manager local server
- Finished resetting the current domain, in  1.135 seconds
Domain Reload Profiling: 1424ms
	BeginReloadAssembly (89ms)
		ExecutionOrderSort (0ms)
		DisableScriptedObjects (2ms)
		BackupInstance (0ms)
		ReleaseScriptingObjects (0ms)
		CreateAndSetChildDomain (28ms)
	RebuildCommonClasses (18ms)
	RebuildNativeTypeToScriptingClass (7ms)
	initialDomainReloadingComplete (12ms)
	LoadAllAssembliesAndSetupDomain (162ms)
		LoadAssemblies (166ms)
		RebuildTransferFunctionScriptingTraits (0ms)
		AnalyzeDomain (31ms)
			TypeCache.Refresh (9ms)
				TypeCache.ScanAssembly (1ms)
			ScanForSourceGeneratedMonoScriptInfo (15ms)
			ResolveRequiredComponents (6ms)
	FinalizeReload (1135ms)
		ReleaseScriptCaches (0ms)
		RebuildScriptCaches (0ms)
		SetupLoadedEditorAssemblies (330ms)
			LogAssemblyErrors (0ms)
			InitializePlatformSupportModulesInManaged (8ms)
			SetLoadedEditorAssemblies (2ms)
			RefreshPlugins (0ms)
			BeforeProcessingInitializeOnLoad (39ms)
			ProcessInitializeOnLoadAttributes (258ms)
			ProcessInitializeOnLoadMethodAttributes (23ms)
			AfterProcessingInitializeOnLoad (1ms)
			EditorAssembliesLoaded (0ms)
		ExecutionOrderSort2 (0ms)
		AwakeInstancesAfterBackupRestoration (2ms)
WARNING: Shader Unsupported: 'URP/UI/Prerendered Opaque' - All subshaders removed
WARNING: Shader Did you use #pragma only_renderers and omit this platform?
WARNING: Shader If subshaders removal was intentional, you may have forgotten turning Fallback off?
WARNING: Shader Unsupported: 'URP/UI/Prerendered Opaque' - All subshaders removed
WARNING: Shader Did you use #pragma only_renderers and omit this platform?
WARNING: Shader If subshaders removal was intentional, you may have forgotten turning Fallback off?
WARNING: Shader Unsupported: 'EnvironmentDepth/URP/OcclusionUnlit' - All subshaders removed
WARNING: Shader Did you use #pragma only_renderers and omit this platform?
WARNING: Shader If subshaders removal was intentional, you may have forgotten turning Fallback off?
WARNING: Shader Unsupported: 'EnvironmentDepth/URP/OcclusionUnlit' - All subshaders removed
WARNING: Shader Did you use #pragma only_renderers and omit this platform?
WARNING: Shader If subshaders removal was intentional, you may have forgotten turning Fallback off?
WARNING: Shader Unsupported: 'URP/UI/Prerendered' - All subshaders removed
WARNING: Shader Did you use #pragma only_renderers and omit this platform?
WARNING: Shader If subshaders removal was intentional, you may have forgotten turning Fallback off?
WARNING: Shader Unsupported: 'URP/UI/Prerendered' - All subshaders removed
WARNING: Shader Did you use #pragma only_renderers and omit this platform?
WARNING: Shader If subshaders removal was intentional, you may have forgotten turning Fallback off?
Shader 'Oculus/OVRMRCameraFrameLit': fallback shader 'Alpha-Diffuse' not found
Refreshing native plugins compatible for Editor in 4.19 ms, found 11 plugins.
Preloading 0 native plugins for Editor in 0.00 ms.
Unloading 5849 Unused Serialized files (Serialized files now loaded: 0)
Unloading 85 unused Assets / (414.4 KB). Loaded Objects now: 6560.
Memory consumption went from 306.5 MB to 306.1 MB.
Total: 5.464500 ms (FindLiveObjects: 0.203750 ms CreateObjectMapping: 0.063375 ms MarkObjects: 4.928833 ms  DeleteObjects: 0.268209 ms)

Prepare: number of updated asset objects reloaded= 0
AssetImportParameters requested are different than current active one (requested -> active):
  custom:scripting/monoscript/fileName/SkewTextExample.cs: c142d02d70a129e0533975f7c2f96956 -> 
  custom:scripting/monoscript/fileName/GroundVegetationSpawner.cs: a8e7b8153a49d8553e0fcc8880049827 -> 
  custom:container-demuxer-ogg: 62fdf1f143b41e24485cea50d1cbac27 -> 
  custom:scripting/monoscript/fileName/AstroMath.cs: 1932568a5daca2d25b8b5c7242983aec -> 
  custom:scripting/monoscript/fileName/TMP_TextEventHandler.cs: f5cd9d5a43bfefc8f4fec80e6de896a4 -> 
  custom:scripting/monoscript/fileName/TextMeshProFloatingText.cs: 92608fa4a6315cd0786d82205e77b697 -> 
  custom:scripting/monoscript/fileName/NightSkyDome.cs: b2afe0d1521c7f43e5c43cc9cecc95ee -> 
  custom:scripting/monoscript/fileName/VertexZoom.cs: 650ab1e81d40126e3edcf737cce646e4 -> 
  custom:scripting/monoscript/fileName/VertexShakeA.cs: 63ec564c588058369499638dd899e05b -> 
  custom:scripting/monoscript/fileName/TMP_ExampleScript_01.cs: a9d4be556104ff54e7d240529b3e01dc -> 
  custom:video-decoder-ogg-theora: a1e56fd34408186e4bbccfd4996cb3dc -> 
  custom:scripting/monoscript/fileName/TMP_TextEventCheck.cs: 13505d917eab5868c435e0c2986dadfa -> 
  custom:scripting/monoscript/fileName/TMP_TextSelector_B.cs: ba2be21a7486d37b1011342977a2e49d -> 
  custom:scripting/monoscript/fileName/Benchmark01.cs: 2d3e2cd961730ab95f139a49a673bace -> 
  custom:scripting/monoscript/fileName/Benchmark02.cs: 5640963252ce70910e726415f869ced6 -> 
  custom:scripting/monoscript/fileName/PlanetariumManager.cs: 22b040d69c7e89a9f75db3e2f35d583d -> 
  custom:scripting/monoscript/fileName/DropdownSample.cs: 0a92251794e5f10400149f96c3c59e5d -> 
  custom:scripting/monoscript/fileName/WarpTextExample.cs: 2663459c266363641981c7d17b698d7f -> 
  custom:CustomObjectIndexerAttribute: 9a22284fe3817be447336de3de66b15e -> 
  custom:container-demuxer-webm: 4f35f7cbe854078d1ac9338744f61a02 -> 
  custom:scripting/monoscript/fileName/StarData.cs: 8c3ecaae97776e3a509e6c92c6d1978c -> 
  custom:scripting/monoscript/fileName/EarthGroundRealistic.cs: 186beb94bc05013618de78c0bf9fca68 -> 
  custom:scripting/monoscript/fileName/ChatController.cs: 876d5ccae6e345dd5d9450eb0a748f16 -> 
  custom:scripting/monoscript/fileName/EarthGroundVisual.cs: 36a50b70f05d0b9c126df611b2357b9b -> 
  custom:scripting/monoscript/fileName/TextMeshSpawner.cs: 76f28e2ddb031571e6ec62b018f65fa8 -> 
  custom:scripting/monoscript/fileName/TeleType.cs: 31fa97821c4c70f157ec81d507aa6b62 -> 
  custom:scripting/monoscript/fileName/AtmosphericEffects.cs: 6dab96abafac9a683f858453a1825b06 -> 
  custom:scripting/monoscript/fileName/Benchmark04.cs: 32220b148620e52aa81c13a114862bf4 -> 
  custom:scripting/monoscript/fileName/LookAtCamera.cs: c89e844d610ff572aa3b28387fdf619c -> 
  custom:container-muxer-webm: aa71ff27fc2769a1b78a27578f13a17b -> 
  custom:video-decoder-webm-vp8: 9c59270c3fd7afecdb556c50c9e8de78 -> 
  custom:scripting/monoscript/fileName/TMP_PhoneNumberValidator.cs: 7c3049f481e464c6a9a15dee56c3126f -> 
  custom:SearchIndexIgnoredProperties: e643bd26f0fe6173181afceb89e7c659 -> 
  custom:AudioImporter_EditorPlatform: 3918e3fc78b5a79bad01e8451be0beb8 -> 
  custom:scripting/monoscript/fileName/EnvMapAnimator.cs: 1b4f61c17e4b7283c3ac351aacff9d26 -> 
  custom:scripting/monoscript/fileName/ShaderPropAnimator.cs: 55ce425812446482e623ff2695c94cb2 -> 
  custom:scripting/monoscript/fileName/SimpleScript.cs: 454caab0c6c050f29b39d82e1d66d0fa -> 
  custom:scripting/monoscript/fileName/AstroLaser.cs: 26653888dbc089cf903671d0935f9d0c -> 
  custom:scripting/monoscript/fileName/ObjectSpin.cs: 2b96bb2079dd7fa5108d981627a28e1e -> 
  custom:scripting/monoscript/fileName/CameraController.cs: 34b6be4e23ce86dc89786916c5983296 -> 
  custom:scripting/monoscript/fileName/TMP_TextInfoDebugTool.cs: 3f1709cfb2cc628169113a35b5e9be3f -> 
  custom:framework-osx-AVFoundation: e770b220cccbd017edd2c1fefb359320 -> 
  custom:scripting/monoscript/fileName/TMP_TextSelector_A.cs: 347309a09d56e367b188a6978f75b424 -> 
  custom:video-encoder-webm-vp8: eb34c28f22e8b96e1ab97ce403110664 -> 
  custom:audio-decoder-ogg-vorbis: bf7c407c2cedff20999df2af8eb42d56 -> 
  custom:scripting/monoscript/fileName/VertexJitter.cs: d27eb5498e48714a66aece98da065133 -> 
  custom:scripting/monoscript/fileName/TextConsoleSimulator.cs: 33fc311abb20b5b0ed8f00e4d86b574e -> 
  custom:scripting/monoscript/fileName/VertexColorCycler.cs: 5f984ca91cf3609293aecc6bc5641572 -> 
  custom:scripting/monoscript/fileName/TMP_FrameRateCounter.cs: 46f655df8cb483ac5958307137b1585a -> 
  custom:scripting/monoscript/fileName/VertexShakeB.cs: a6f78c4fcda1a29a1a1c1baefedba9e7 -> 
  custom:scripting/monoscript/fileName/TMP_UiFrameRateCounter.cs: b01021aea19247f14a98ab338907956a -> 
  custom:scripting/monoscript/fileName/StarTwinkle.cs: ac618481f721577fd89cf2d7fed70354 -> 
  custom:scripting/monoscript/fileName/PlanetariumSceneManager.cs: ff25bf0c7f3b5e5a9e958ca6d2974daa -> 
  custom:scripting/monoscript/fileName/TMPro_InstructionOverlay.cs: b626d2270e6ebd5c4311585c18b58d8d -> 
  custom:scripting/monoscript/fileName/TMP_DigitValidator.cs: ac02af96215ae3951a3cce9e1a8c6085 -> 
  custom:audio-encoder-webm-vorbis: bf7c407c2cedff20999df2af8eb42d56 -> 
  custom:scripting/monoscript/fileName/Benchmark01_UGUI.cs: 6148cfe2627b7708298f301788144139 -> 
  custom:scripting/monoscript/fileName/LaserControllerLeft.cs: 7e5ab3c36215566daf0a6b2d4ff82ca9 -> 
  custom:scripting/monoscript/fileName/LeftHandActivator.cs: ceb61ca6a6db9add1527617a23bb9ceb -> 
  custom:scripting/precompiled-assembly-types:Assembly-CSharp: 400a0d0a8e5077b6981f166e6397a670 -> 
  custom:scripting/monoscript/fileName/Benchmark03.cs: 17cc87e0529ac71d909a946afb47a274 -> 
========================================================================
Received Prepare
WARNING: Shader Unsupported: 'URP/UI/Prerendered Opaque' - All subshaders removed
WARNING: Shader Did you use #pragma only_renderers and omit this platform?
WARNING: Shader If subshaders removal was intentional, you may have forgotten turning Fallback off?
WARNING: Shader Unsupported: 'URP/UI/Prerendered Opaque' - All subshaders removed
WARNING: Shader Did you use #pragma only_renderers and omit this platform?
WARNING: Shader If subshaders removal was intentional, you may have forgotten turning Fallback off?
WARNING: Shader Unsupported: 'EnvironmentDepth/URP/OcclusionUnlit' - All subshaders removed
WARNING: Shader Did you use #pragma only_renderers and omit this platform?
WARNING: Shader If subshaders removal was intentional, you may have forgotten turning Fallback off?
WARNING: Shader Unsupported: 'EnvironmentDepth/URP/OcclusionUnlit' - All subshaders removed
WARNING: Shader Did you use #pragma only_renderers and omit this platform?
WARNING: Shader If subshaders removal was intentional, you may have forgotten turning Fallback off?
WARNING: Shader Unsupported: 'URP/UI/Prerendered' - All subshaders removed
WARNING: Shader Did you use #pragma only_renderers and omit this platform?
WARNING: Shader If subshaders removal was intentional, you may have forgotten turning Fallback off?
WARNING: Shader Unsupported: 'URP/UI/Prerendered' - All subshaders removed
WARNING: Shader Did you use #pragma only_renderers and omit this platform?
WARNING: Shader If subshaders removal was intentional, you may have forgotten turning Fallback off?
Shader 'Oculus/OVRMRCameraFrameLit': fallback shader 'Alpha-Diffuse' not found
Refreshing native plugins compatible for Editor in 4.85 ms, found 11 plugins.
Preloading 0 native plugins for Editor in 0.00 ms.
Unloading 6 Unused Serialized files (Serialized files now loaded: 0)
Unloading 6 unused Assets / (373.7 KB). Loaded Objects now: 6560.
Memory consumption went from 214.8 MB to 214.5 MB.
Total: 6.450958 ms (FindLiveObjects: 0.200709 ms CreateObjectMapping: 0.059166 ms MarkObjects: 6.001459 ms  DeleteObjects: 0.189291 ms)

Prepare: number of updated asset objects reloaded= 0
AssetImportParameters requested are different than current active one (requested -> active):
  custom:scripting/monoscript/fileName/SkewTextExample.cs: c142d02d70a129e0533975f7c2f96956 -> 
  custom:scripting/monoscript/fileName/GroundVegetationSpawner.cs: a8e7b8153a49d8553e0fcc8880049827 -> 
  custom:container-demuxer-ogg: 62fdf1f143b41e24485cea50d1cbac27 -> 
  custom:scripting/monoscript/fileName/AstroMath.cs: 1932568a5daca2d25b8b5c7242983aec -> 
  custom:scripting/monoscript/fileName/TMP_TextEventHandler.cs: f5cd9d5a43bfefc8f4fec80e6de896a4 -> 
  custom:scripting/monoscript/fileName/TextMeshProFloatingText.cs: 92608fa4a6315cd0786d82205e77b697 -> 
  custom:scripting/monoscript/fileName/NightSkyDome.cs: b2afe0d1521c7f43e5c43cc9cecc95ee -> 
  custom:scripting/monoscript/fileName/VertexZoom.cs: 650ab1e81d40126e3edcf737cce646e4 -> 
  custom:scripting/monoscript/fileName/VertexShakeA.cs: 63ec564c588058369499638dd899e05b -> 
  custom:scripting/monoscript/fileName/TMP_ExampleScript_01.cs: a9d4be556104ff54e7d240529b3e01dc -> 
  custom:video-decoder-ogg-theora: a1e56fd34408186e4bbccfd4996cb3dc -> 
  custom:scripting/monoscript/fileName/TMP_TextEventCheck.cs: 13505d917eab5868c435e0c2986dadfa -> 
  custom:scripting/monoscript/fileName/TMP_TextSelector_B.cs: ba2be21a7486d37b1011342977a2e49d -> 
  custom:scripting/monoscript/fileName/Benchmark01.cs: 2d3e2cd961730ab95f139a49a673bace -> 
  custom:scripting/monoscript/fileName/Benchmark02.cs: 5640963252ce70910e726415f869ced6 -> 
  custom:scripting/monoscript/fileName/PlanetariumManager.cs: 22b040d69c7e89a9f75db3e2f35d583d -> 
  custom:scripting/monoscript/fileName/DropdownSample.cs: 0a92251794e5f10400149f96c3c59e5d -> 
  custom:scripting/monoscript/fileName/WarpTextExample.cs: 2663459c266363641981c7d17b698d7f -> 
  custom:CustomObjectIndexerAttribute: 9a22284fe3817be447336de3de66b15e -> 
  custom:container-demuxer-webm: 4f35f7cbe854078d1ac9338744f61a02 -> 
  custom:scripting/monoscript/fileName/StarData.cs: 8c3ecaae97776e3a509e6c92c6d1978c -> 
  custom:scripting/monoscript/fileName/EarthGroundRealistic.cs: 186beb94bc05013618de78c0bf9fca68 -> 
  custom:scripting/monoscript/fileName/ChatController.cs: 876d5ccae6e345dd5d9450eb0a748f16 -> 
  custom:scripting/monoscript/fileName/EarthGroundVisual.cs: 36a50b70f05d0b9c126df611b2357b9b -> 
  custom:scripting/monoscript/fileName/TextMeshSpawner.cs: 76f28e2ddb031571e6ec62b018f65fa8 -> 
  custom:scripting/monoscript/fileName/TeleType.cs: 31fa97821c4c70f157ec81d507aa6b62 -> 
  custom:scripting/monoscript/fileName/AtmosphericEffects.cs: 6dab96abafac9a683f858453a1825b06 -> 
  custom:scripting/monoscript/fileName/Benchmark04.cs: 32220b148620e52aa81c13a114862bf4 -> 
  custom:scripting/monoscript/fileName/LookAtCamera.cs: c89e844d610ff572aa3b28387fdf619c -> 
  custom:container-muxer-webm: aa71ff27fc2769a1b78a27578f13a17b -> 
  custom:video-decoder-webm-vp8: 9c59270c3fd7afecdb556c50c9e8de78 -> 
  custom:scripting/monoscript/fileName/TMP_PhoneNumberValidator.cs: 7c3049f481e464c6a9a15dee56c3126f -> 
  custom:SearchIndexIgnoredProperties: e643bd26f0fe6173181afceb89e7c659 -> 
  custom:AudioImporter_EditorPlatform: 3918e3fc78b5a79bad01e8451be0beb8 -> 
  custom:scripting/monoscript/fileName/EnvMapAnimator.cs: 1b4f61c17e4b7283c3ac351aacff9d26 -> 
  custom:scripting/monoscript/fileName/ShaderPropAnimator.cs: 55ce425812446482e623ff2695c94cb2 -> 
  custom:scripting/monoscript/fileName/SimpleScript.cs: 454caab0c6c050f29b39d82e1d66d0fa -> 
  custom:scripting/monoscript/fileName/AstroLaser.cs: 26653888dbc089cf903671d0935f9d0c -> 
  custom:scripting/monoscript/fileName/ObjectSpin.cs: 2b96bb2079dd7fa5108d981627a28e1e -> 
  custom:scripting/monoscript/fileName/CameraController.cs: 34b6be4e23ce86dc89786916c5983296 -> 
  custom:scripting/monoscript/fileName/TMP_TextInfoDebugTool.cs: 3f1709cfb2cc628169113a35b5e9be3f -> 
  custom:framework-osx-AVFoundation: e770b220cccbd017edd2c1fefb359320 -> 
  custom:scripting/monoscript/fileName/TMP_TextSelector_A.cs: 347309a09d56e367b188a6978f75b424 -> 
  custom:video-encoder-webm-vp8: eb34c28f22e8b96e1ab97ce403110664 -> 
  custom:audio-decoder-ogg-vorbis: bf7c407c2cedff20999df2af8eb42d56 -> 
  custom:scripting/monoscript/fileName/VertexJitter.cs: d27eb5498e48714a66aece98da065133 -> 
  custom:scripting/monoscript/fileName/TextConsoleSimulator.cs: 33fc311abb20b5b0ed8f00e4d86b574e -> 
  custom:scripting/monoscript/fileName/VertexColorCycler.cs: 5f984ca91cf3609293aecc6bc5641572 -> 
  custom:scripting/monoscript/fileName/TMP_FrameRateCounter.cs: 46f655df8cb483ac5958307137b1585a -> 
  custom:scripting/monoscript/fileName/VertexShakeB.cs: a6f78c4fcda1a29a1a1c1baefedba9e7 -> 
  custom:scripting/monoscript/fileName/TMP_UiFrameRateCounter.cs: b01021aea19247f14a98ab338907956a -> 
  custom:scripting/monoscript/fileName/StarTwinkle.cs: ac618481f721577fd89cf2d7fed70354 -> 
  custom:scripting/monoscript/fileName/PlanetariumSceneManager.cs: ff25bf0c7f3b5e5a9e958ca6d2974daa -> 
  custom:scripting/monoscript/fileName/TMPro_InstructionOverlay.cs: b626d2270e6ebd5c4311585c18b58d8d -> 
  custom:scripting/monoscript/fileName/TMP_DigitValidator.cs: ac02af96215ae3951a3cce9e1a8c6085 -> 
  custom:audio-encoder-webm-vorbis: bf7c407c2cedff20999df2af8eb42d56 -> 
  custom:scripting/monoscript/fileName/Benchmark01_UGUI.cs: 6148cfe2627b7708298f301788144139 -> 
  custom:scripting/monoscript/fileName/LaserControllerLeft.cs: 7e5ab3c36215566daf0a6b2d4ff82ca9 -> 
  custom:scripting/monoscript/fileName/LeftHandActivator.cs: ceb61ca6a6db9add1527617a23bb9ceb -> 
  custom:scripting/precompiled-assembly-types:Assembly-CSharp: 400a0d0a8e5077b6981f166e6397a670 -> 
  custom:scripting/monoscript/fileName/Benchmark03.cs: 17cc87e0529ac71d909a946afb47a274 -> 
========================================================================
Received Prepare
Caller must complete domain reload
Begin MonoManager ReloadAssembly
Thread 0x16f3c3000 may have been prematurely finalized
- Loaded All Assemblies, in  0.309 seconds
Native extension for Android target not found
Native extension for OSXStandalone target not found
[Package Manager] Server::EnsureServerProcessIsRunning -- launch failed, reason: Unity was launched with the -noUpm command-line argument
[Package Manager] UpmClient::Send -- Unable to send message (not connected to UPM process).
[Package Manager] Cannot connect to Unity Package Manager local server
[Package Manager] Server::EnsureServerProcessIsRunning -- launch failed, reason: Unity was launched with the -noUpm command-line argument
[Package Manager] UpmClient::Send -- Unable to send message (not connected to UPM process).
[Package Manager] Cannot connect to Unity Package Manager local server
Mono: successfully reloaded assembly
[Package Manager] Server::EnsureServerProcessIsRunning -- launch failed, reason: Unity was launched with the -noUpm command-line argument
[Package Manager] UpmClient::Send -- Unable to send message (not connected to UPM process).
[Package Manager] Cannot connect to Unity Package Manager local server
- Finished resetting the current domain, in  1.091 seconds
Domain Reload Profiling: 1400ms
	BeginReloadAssembly (90ms)
		ExecutionOrderSort (0ms)
		DisableScriptedObjects (2ms)
		BackupInstance (0ms)
		ReleaseScriptingObjects (0ms)
		CreateAndSetChildDomain (26ms)
	RebuildCommonClasses (18ms)
	RebuildNativeTypeToScriptingClass (7ms)
	initialDomainReloadingComplete (12ms)
	LoadAllAssembliesAndSetupDomain (181ms)
		LoadAssemblies (186ms)
		RebuildTransferFunctionScriptingTraits (0ms)
		AnalyzeDomain (33ms)
			TypeCache.Refresh (11ms)
				TypeCache.ScanAssembly (1ms)
			ScanForSourceGeneratedMonoScriptInfo (15ms)
			ResolveRequiredComponents (6ms)
	FinalizeReload (1092ms)
		ReleaseScriptCaches (0ms)
		RebuildScriptCaches (0ms)
		SetupLoadedEditorAssemblies (356ms)
			LogAssemblyErrors (0ms)
			InitializePlatformSupportModulesInManaged (7ms)
			SetLoadedEditorAssemblies (2ms)
			RefreshPlugins (0ms)
			BeforeProcessingInitializeOnLoad (40ms)
			ProcessInitializeOnLoadAttributes (280ms)
			ProcessInitializeOnLoadMethodAttributes (25ms)
			AfterProcessingInitializeOnLoad (1ms)
			EditorAssembliesLoaded (0ms)
		ExecutionOrderSort2 (0ms)
		AwakeInstancesAfterBackupRestoration (2ms)
WARNING: Shader Unsupported: 'URP/UI/Prerendered Opaque' - All subshaders removed
WARNING: Shader Did you use #pragma only_renderers and omit this platform?
WARNING: Shader If subshaders removal was intentional, you may have forgotten turning Fallback off?
WARNING: Shader Unsupported: 'URP/UI/Prerendered Opaque' - All subshaders removed
WARNING: Shader Did you use #pragma only_renderers and omit this platform?
WARNING: Shader If subshaders removal was intentional, you may have forgotten turning Fallback off?
WARNING: Shader Unsupported: 'EnvironmentDepth/URP/OcclusionUnlit' - All subshaders removed
WARNING: Shader Did you use #pragma only_renderers and omit this platform?
WARNING: Shader If subshaders removal was intentional, you may have forgotten turning Fallback off?
WARNING: Shader Unsupported: 'EnvironmentDepth/URP/OcclusionUnlit' - All subshaders removed
WARNING: Shader Did you use #pragma only_renderers and omit this platform?
WARNING: Shader If subshaders removal was intentional, you may have forgotten turning Fallback off?
WARNING: Shader Unsupported: 'URP/UI/Prerendered' - All subshaders removed
WARNING: Shader Did you use #pragma only_renderers and omit this platform?
WARNING: Shader If subshaders removal was intentional, you may have forgotten turning Fallback off?
WARNING: Shader Unsupported: 'URP/UI/Prerendered' - All subshaders removed
WARNING: Shader Did you use #pragma only_renderers and omit this platform?
WARNING: Shader If subshaders removal was intentional, you may have forgotten turning Fallback off?
Shader 'Oculus/OVRMRCameraFrameLit': fallback shader 'Alpha-Diffuse' not found
Refreshing native plugins compatible for Editor in 4.21 ms, found 11 plugins.
Preloading 0 native plugins for Editor in 0.00 ms.
Unloading 5849 Unused Serialized files (Serialized files now loaded: 0)
Unloading 85 unused Assets / (414.3 KB). Loaded Objects now: 6569.
Memory consumption went from 312.8 MB to 312.4 MB.
Total: 6.064250 ms (FindLiveObjects: 0.213334 ms CreateObjectMapping: 0.063583 ms MarkObjects: 5.548333 ms  DeleteObjects: 0.238417 ms)

Prepare: number of updated asset objects reloaded= 0
AssetImportParameters requested are different than current active one (requested -> active):
  custom:scripting/monoscript/fileName/SkewTextExample.cs: c142d02d70a129e0533975f7c2f96956 -> 
  custom:scripting/monoscript/fileName/GroundVegetationSpawner.cs: a8e7b8153a49d8553e0fcc8880049827 -> 
  custom:container-demuxer-ogg: 62fdf1f143b41e24485cea50d1cbac27 -> 
  custom:scripting/monoscript/fileName/AstroMath.cs: 1932568a5daca2d25b8b5c7242983aec -> 
  custom:scripting/monoscript/fileName/TMP_TextEventHandler.cs: f5cd9d5a43bfefc8f4fec80e6de896a4 -> 
  custom:scripting/monoscript/fileName/TextMeshProFloatingText.cs: 92608fa4a6315cd0786d82205e77b697 -> 
  custom:scripting/monoscript/fileName/NightSkyDome.cs: b2afe0d1521c7f43e5c43cc9cecc95ee -> 
  custom:scripting/monoscript/fileName/VertexZoom.cs: 650ab1e81d40126e3edcf737cce646e4 -> 
  custom:scripting/monoscript/fileName/VertexShakeA.cs: 63ec564c588058369499638dd899e05b -> 
  custom:scripting/monoscript/fileName/TMP_ExampleScript_01.cs: a9d4be556104ff54e7d240529b3e01dc -> 
  custom:video-decoder-ogg-theora: a1e56fd34408186e4bbccfd4996cb3dc -> 
  custom:scripting/monoscript/fileName/TMP_TextEventCheck.cs: 13505d917eab5868c435e0c2986dadfa -> 
  custom:scripting/monoscript/fileName/TMP_TextSelector_B.cs: ba2be21a7486d37b1011342977a2e49d -> 
  custom:scripting/monoscript/fileName/Benchmark01.cs: 2d3e2cd961730ab95f139a49a673bace -> 
  custom:scripting/monoscript/fileName/Benchmark02.cs: 5640963252ce70910e726415f869ced6 -> 
  custom:scripting/monoscript/fileName/PlanetariumManager.cs: 22b040d69c7e89a9f75db3e2f35d583d -> 
  custom:scripting/monoscript/fileName/DropdownSample.cs: 0a92251794e5f10400149f96c3c59e5d -> 
  custom:scripting/monoscript/fileName/WarpTextExample.cs: 2663459c266363641981c7d17b698d7f -> 
  custom:CustomObjectIndexerAttribute: 9a22284fe3817be447336de3de66b15e -> 
  custom:container-demuxer-webm: 4f35f7cbe854078d1ac9338744f61a02 -> 
  custom:scripting/monoscript/fileName/StarData.cs: 8c3ecaae97776e3a509e6c92c6d1978c -> 
  custom:scripting/monoscript/fileName/EarthGroundRealistic.cs: 186beb94bc05013618de78c0bf9fca68 -> 
  custom:scripting/monoscript/fileName/ChatController.cs: 876d5ccae6e345dd5d9450eb0a748f16 -> 
  custom:scripting/monoscript/fileName/EarthGroundVisual.cs: 36a50b70f05d0b9c126df611b2357b9b -> 
  custom:scripting/monoscript/fileName/TextMeshSpawner.cs: 76f28e2ddb031571e6ec62b018f65fa8 -> 
  custom:scripting/monoscript/fileName/TeleType.cs: 31fa97821c4c70f157ec81d507aa6b62 -> 
  custom:scripting/monoscript/fileName/AtmosphericEffects.cs: 6dab96abafac9a683f858453a1825b06 -> 
  custom:scripting/monoscript/fileName/Benchmark04.cs: 32220b148620e52aa81c13a114862bf4 -> 
  custom:scripting/monoscript/fileName/LookAtCamera.cs: c89e844d610ff572aa3b28387fdf619c -> 
  custom:container-muxer-webm: aa71ff27fc2769a1b78a27578f13a17b -> 
  custom:video-decoder-webm-vp8: 9c59270c3fd7afecdb556c50c9e8de78 -> 
  custom:scripting/monoscript/fileName/TMP_PhoneNumberValidator.cs: 7c3049f481e464c6a9a15dee56c3126f -> 
  custom:SearchIndexIgnoredProperties: e643bd26f0fe6173181afceb89e7c659 -> 
  custom:AudioImporter_EditorPlatform: 3918e3fc78b5a79bad01e8451be0beb8 -> 
  custom:scripting/monoscript/fileName/EnvMapAnimator.cs: 1b4f61c17e4b7283c3ac351aacff9d26 -> 
  custom:scripting/monoscript/fileName/ShaderPropAnimator.cs: 55ce425812446482e623ff2695c94cb2 -> 
  custom:scripting/monoscript/fileName/SimpleScript.cs: 454caab0c6c050f29b39d82e1d66d0fa -> 
  custom:scripting/monoscript/fileName/AstroLaser.cs: 26653888dbc089cf903671d0935f9d0c -> 
  custom:scripting/monoscript/fileName/ObjectSpin.cs: 2b96bb2079dd7fa5108d981627a28e1e -> 
  custom:scripting/monoscript/fileName/CameraController.cs: 34b6be4e23ce86dc89786916c5983296 -> 
  custom:scripting/monoscript/fileName/TMP_TextInfoDebugTool.cs: 3f1709cfb2cc628169113a35b5e9be3f -> 
  custom:framework-osx-AVFoundation: e770b220cccbd017edd2c1fefb359320 -> 
  custom:scripting/monoscript/fileName/TMP_TextSelector_A.cs: 347309a09d56e367b188a6978f75b424 -> 
  custom:video-encoder-webm-vp8: eb34c28f22e8b96e1ab97ce403110664 -> 
  custom:audio-decoder-ogg-vorbis: bf7c407c2cedff20999df2af8eb42d56 -> 
  custom:scripting/monoscript/fileName/VertexJitter.cs: d27eb5498e48714a66aece98da065133 -> 
  custom:scripting/monoscript/fileName/TextConsoleSimulator.cs: 33fc311abb20b5b0ed8f00e4d86b574e -> 
  custom:scripting/monoscript/fileName/VertexColorCycler.cs: 5f984ca91cf3609293aecc6bc5641572 -> 
  custom:scripting/monoscript/fileName/TMP_FrameRateCounter.cs: 46f655df8cb483ac5958307137b1585a -> 
  custom:scripting/monoscript/fileName/VertexShakeB.cs: a6f78c4fcda1a29a1a1c1baefedba9e7 -> 
  custom:scripting/monoscript/fileName/TMP_UiFrameRateCounter.cs: b01021aea19247f14a98ab338907956a -> 
  custom:scripting/monoscript/fileName/StarTwinkle.cs: ac618481f721577fd89cf2d7fed70354 -> 
  custom:scripting/monoscript/fileName/PlanetariumSceneManager.cs: ff25bf0c7f3b5e5a9e958ca6d2974daa -> 
  custom:scripting/monoscript/fileName/TMPro_InstructionOverlay.cs: b626d2270e6ebd5c4311585c18b58d8d -> 
  custom:scripting/monoscript/fileName/TMP_DigitValidator.cs: ac02af96215ae3951a3cce9e1a8c6085 -> 
  custom:audio-encoder-webm-vorbis: bf7c407c2cedff20999df2af8eb42d56 -> 
  custom:scripting/monoscript/fileName/Benchmark01_UGUI.cs: 6148cfe2627b7708298f301788144139 -> 
  custom:scripting/monoscript/fileName/LaserControllerLeft.cs: 7e5ab3c36215566daf0a6b2d4ff82ca9 -> 
  custom:scripting/monoscript/fileName/LeftHandActivator.cs: ceb61ca6a6db9add1527617a23bb9ceb -> 
  custom:scripting/precompiled-assembly-types:Assembly-CSharp: 400a0d0a8e5077b6981f166e6397a670 -> 
  custom:scripting/monoscript/fileName/Benchmark03.cs: 17cc87e0529ac71d909a946afb47a274 -> 
========================================================================
Received Import Request.
  Time since last request: 1307.775637 seconds.
  path: Assets/AstroLaser.cs
  artifactKey: Guid(f0cdd82950a7f4e06b7d0e1866e7fc61) Importer(815301076,1909f56bfc062723c751e8b465ee728b)
Start importing Assets/AstroLaser.cs using Guid(f0cdd82950a7f4e06b7d0e1866e7fc61) Importer(815301076,1909f56bfc062723c751e8b465ee728b) [PhysX] Initialized MultithreadedTaskDispatcher with 12 workers.
 -> (artifact id: 'e986cc226523ea02496db447eb649dc9') in 0.000915 seconds
Number of updated asset objects reloaded before import = 0
Number of asset objects unloaded after import = 0
========================================================================
Received Import Request.
  Time since last request: 59.135051 seconds.
  path: Assets/LaserControllerLeft.cs
  artifactKey: Guid(297634b238efe43998ea4641dc1f55cb) Importer(815301076,1909f56bfc062723c751e8b465ee728b)
Start importing Assets/LaserControllerLeft.cs using Guid(297634b238efe43998ea4641dc1f55cb) Importer(815301076,1909f56bfc062723c751e8b465ee728b) [PhysX] Initialized MultithreadedTaskDispatcher with 12 workers.
 -> (artifact id: '53db82497463dda2cf8380d4cb515526') in 0.000324 seconds
Number of updated asset objects reloaded before import = 0
Number of asset objects unloaded after import = 0
========================================================================
Received Prepare
WARNING: Shader Unsupported: 'URP/UI/Prerendered Opaque' - All subshaders removed
WARNING: Shader Did you use #pragma only_renderers and omit this platform?
WARNING: Shader If subshaders removal was intentional, you may have forgotten turning Fallback off?
WARNING: Shader Unsupported: 'URP/UI/Prerendered Opaque' - All subshaders removed
WARNING: Shader Did you use #pragma only_renderers and omit this platform?
WARNING: Shader If subshaders removal was intentional, you may have forgotten turning Fallback off?
WARNING: Shader Unsupported: 'EnvironmentDepth/URP/OcclusionUnlit' - All subshaders removed
WARNING: Shader Did you use #pragma only_renderers and omit this platform?
WARNING: Shader If subshaders removal was intentional, you may have forgotten turning Fallback off?
WARNING: Shader Unsupported: 'EnvironmentDepth/URP/OcclusionUnlit' - All subshaders removed
WARNING: Shader Did you use #pragma only_renderers and omit this platform?
WARNING: Shader If subshaders removal was intentional, you may have forgotten turning Fallback off?
WARNING: Shader Unsupported: 'URP/UI/Prerendered' - All subshaders removed
WARNING: Shader Did you use #pragma only_renderers and omit this platform?
WARNING: Shader If subshaders removal was intentional, you may have forgotten turning Fallback off?
WARNING: Shader Unsupported: 'URP/UI/Prerendered' - All subshaders removed
WARNING: Shader Did you use #pragma only_renderers and omit this platform?
WARNING: Shader If subshaders removal was intentional, you may have forgotten turning Fallback off?
Shader 'Oculus/OVRMRCameraFrameLit': fallback shader 'Alpha-Diffuse' not found
Refreshing native plugins compatible for Editor in 5.14 ms, found 11 plugins.
Preloading 0 native plugins for Editor in 0.00 ms.
Unloading 5 Unused Serialized files (Serialized files now loaded: 0)
Unloading 6 unused Assets / (363.4 KB). Loaded Objects now: 6569.
Memory consumption went from 220.3 MB to 219.9 MB.
Total: 5.327709 ms (FindLiveObjects: 0.203125 ms CreateObjectMapping: 0.057541 ms MarkObjects: 4.896042 ms  DeleteObjects: 0.170750 ms)

Prepare: number of updated asset objects reloaded= 0
AssetImportParameters requested are different than current active one (requested -> active):
  custom:scripting/monoscript/fileName/SkewTextExample.cs: c142d02d70a129e0533975f7c2f96956 -> 
  custom:scripting/monoscript/fileName/GroundVegetationSpawner.cs: a8e7b8153a49d8553e0fcc8880049827 -> 
  custom:container-demuxer-ogg: 62fdf1f143b41e24485cea50d1cbac27 -> 
  custom:scripting/monoscript/fileName/AstroMath.cs: 1932568a5daca2d25b8b5c7242983aec -> 
  custom:scripting/monoscript/fileName/TMP_TextEventHandler.cs: f5cd9d5a43bfefc8f4fec80e6de896a4 -> 
  custom:scripting/monoscript/fileName/TextMeshProFloatingText.cs: 92608fa4a6315cd0786d82205e77b697 -> 
  custom:scripting/monoscript/fileName/NightSkyDome.cs: b2afe0d1521c7f43e5c43cc9cecc95ee -> 
  custom:scripting/monoscript/fileName/VertexZoom.cs: 650ab1e81d40126e3edcf737cce646e4 -> 
  custom:scripting/monoscript/fileName/VertexShakeA.cs: 63ec564c588058369499638dd899e05b -> 
  custom:scripting/monoscript/fileName/TMP_ExampleScript_01.cs: a9d4be556104ff54e7d240529b3e01dc -> 
  custom:video-decoder-ogg-theora: a1e56fd34408186e4bbccfd4996cb3dc -> 
  custom:scripting/monoscript/fileName/TMP_TextEventCheck.cs: 13505d917eab5868c435e0c2986dadfa -> 
  custom:scripting/monoscript/fileName/TMP_TextSelector_B.cs: ba2be21a7486d37b1011342977a2e49d -> 
  custom:scripting/monoscript/fileName/Benchmark01.cs: 2d3e2cd961730ab95f139a49a673bace -> 
  custom:scripting/monoscript/fileName/Benchmark02.cs: 5640963252ce70910e726415f869ced6 -> 
  custom:scripting/monoscript/fileName/PlanetariumManager.cs: 22b040d69c7e89a9f75db3e2f35d583d -> 
  custom:scripting/monoscript/fileName/DropdownSample.cs: 0a92251794e5f10400149f96c3c59e5d -> 
  custom:scripting/monoscript/fileName/WarpTextExample.cs: 2663459c266363641981c7d17b698d7f -> 
  custom:CustomObjectIndexerAttribute: 9a22284fe3817be447336de3de66b15e -> 
  custom:container-demuxer-webm: 4f35f7cbe854078d1ac9338744f61a02 -> 
  custom:scripting/monoscript/fileName/StarData.cs: 8c3ecaae97776e3a509e6c92c6d1978c -> 
  custom:scripting/monoscript/fileName/EarthGroundRealistic.cs: 186beb94bc05013618de78c0bf9fca68 -> 
  custom:scripting/monoscript/fileName/ChatController.cs: 876d5ccae6e345dd5d9450eb0a748f16 -> 
  custom:scripting/monoscript/fileName/EarthGroundVisual.cs: 36a50b70f05d0b9c126df611b2357b9b -> 
  custom:scripting/monoscript/fileName/TextMeshSpawner.cs: 76f28e2ddb031571e6ec62b018f65fa8 -> 
  custom:scripting/monoscript/fileName/TeleType.cs: 31fa97821c4c70f157ec81d507aa6b62 -> 
  custom:scripting/monoscript/fileName/AtmosphericEffects.cs: 6dab96abafac9a683f858453a1825b06 -> 
  custom:scripting/monoscript/fileName/Benchmark04.cs: 32220b148620e52aa81c13a114862bf4 -> 
  custom:scripting/monoscript/fileName/LookAtCamera.cs: c89e844d610ff572aa3b28387fdf619c -> 
  custom:container-muxer-webm: aa71ff27fc2769a1b78a27578f13a17b -> 
  custom:video-decoder-webm-vp8: 9c59270c3fd7afecdb556c50c9e8de78 -> 
  custom:scripting/monoscript/fileName/TMP_PhoneNumberValidator.cs: 7c3049f481e464c6a9a15dee56c3126f -> 
  custom:SearchIndexIgnoredProperties: e643bd26f0fe6173181afceb89e7c659 -> 
  custom:AudioImporter_EditorPlatform: 3918e3fc78b5a79bad01e8451be0beb8 -> 
  custom:scripting/monoscript/fileName/EnvMapAnimator.cs: 1b4f61c17e4b7283c3ac351aacff9d26 -> 
  custom:scripting/monoscript/fileName/ShaderPropAnimator.cs: 55ce425812446482e623ff2695c94cb2 -> 
  custom:scripting/monoscript/fileName/SimpleScript.cs: 454caab0c6c050f29b39d82e1d66d0fa -> 
  custom:scripting/monoscript/fileName/AstroLaser.cs: 26653888dbc089cf903671d0935f9d0c -> 
  custom:scripting/monoscript/fileName/ObjectSpin.cs: 2b96bb2079dd7fa5108d981627a28e1e -> 
  custom:scripting/monoscript/fileName/CameraController.cs: 34b6be4e23ce86dc89786916c5983296 -> 
  custom:scripting/monoscript/fileName/TMP_TextInfoDebugTool.cs: 3f1709cfb2cc628169113a35b5e9be3f -> 
  custom:framework-osx-AVFoundation: e770b220cccbd017edd2c1fefb359320 -> 
  custom:scripting/monoscript/fileName/TMP_TextSelector_A.cs: 347309a09d56e367b188a6978f75b424 -> 
  custom:video-encoder-webm-vp8: eb34c28f22e8b96e1ab97ce403110664 -> 
  custom:audio-decoder-ogg-vorbis: bf7c407c2cedff20999df2af8eb42d56 -> 
  custom:scripting/monoscript/fileName/VertexJitter.cs: d27eb5498e48714a66aece98da065133 -> 
  custom:scripting/monoscript/fileName/TextConsoleSimulator.cs: 33fc311abb20b5b0ed8f00e4d86b574e -> 
  custom:scripting/monoscript/fileName/VertexColorCycler.cs: 5f984ca91cf3609293aecc6bc5641572 -> 
  custom:scripting/monoscript/fileName/TMP_FrameRateCounter.cs: 46f655df8cb483ac5958307137b1585a -> 
  custom:scripting/monoscript/fileName/VertexShakeB.cs: a6f78c4fcda1a29a1a1c1baefedba9e7 -> 
  custom:scripting/monoscript/fileName/TMP_UiFrameRateCounter.cs: b01021aea19247f14a98ab338907956a -> 
  custom:scripting/monoscript/fileName/StarTwinkle.cs: ac618481f721577fd89cf2d7fed70354 -> 
  custom:scripting/monoscript/fileName/PlanetariumSceneManager.cs: ff25bf0c7f3b5e5a9e958ca6d2974daa -> 
  custom:scripting/monoscript/fileName/TMPro_InstructionOverlay.cs: b626d2270e6ebd5c4311585c18b58d8d -> 
  custom:scripting/monoscript/fileName/TMP_DigitValidator.cs: ac02af96215ae3951a3cce9e1a8c6085 -> 
  custom:audio-encoder-webm-vorbis: bf7c407c2cedff20999df2af8eb42d56 -> 
  custom:scripting/monoscript/fileName/Benchmark01_UGUI.cs: 6148cfe2627b7708298f301788144139 -> 
  custom:scripting/monoscript/fileName/LaserControllerLeft.cs: 7e5ab3c36215566daf0a6b2d4ff82ca9 -> 
  custom:scripting/monoscript/fileName/LeftHandActivator.cs: ceb61ca6a6db9add1527617a23bb9ceb -> 
  custom:scripting/precompiled-assembly-types:Assembly-CSharp: 400a0d0a8e5077b6981f166e6397a670 -> 
  custom:scripting/monoscript/fileName/Benchmark03.cs: 17cc87e0529ac71d909a946afb47a274 -> 
========================================================================
Received Prepare
WARNING: Shader Unsupported: 'URP/UI/Prerendered Opaque' - All subshaders removed
WARNING: Shader Did you use #pragma only_renderers and omit this platform?
WARNING: Shader If subshaders removal was intentional, you may have forgotten turning Fallback off?
WARNING: Shader Unsupported: 'URP/UI/Prerendered Opaque' - All subshaders removed
WARNING: Shader Did you use #pragma only_renderers and omit this platform?
WARNING: Shader If subshaders removal was intentional, you may have forgotten turning Fallback off?
WARNING: Shader Unsupported: 'EnvironmentDepth/URP/OcclusionUnlit' - All subshaders removed
WARNING: Shader Did you use #pragma only_renderers and omit this platform?
WARNING: Shader If subshaders removal was intentional, you may have forgotten turning Fallback off?
WARNING: Shader Unsupported: 'EnvironmentDepth/URP/OcclusionUnlit' - All subshaders removed
WARNING: Shader Did you use #pragma only_renderers and omit this platform?
WARNING: Shader If subshaders removal was intentional, you may have forgotten turning Fallback off?
WARNING: Shader Unsupported: 'URP/UI/Prerendered' - All subshaders removed
WARNING: Shader Did you use #pragma only_renderers and omit this platform?
WARNING: Shader If subshaders removal was intentional, you may have forgotten turning Fallback off?
WARNING: Shader Unsupported: 'URP/UI/Prerendered' - All subshaders removed
WARNING: Shader Did you use #pragma only_renderers and omit this platform?
WARNING: Shader If subshaders removal was intentional, you may have forgotten turning Fallback off?
Shader 'Oculus/OVRMRCameraFrameLit': fallback shader 'Alpha-Diffuse' not found
Refreshing native plugins compatible for Editor in 5.10 ms, found 11 plugins.
Preloading 0 native plugins for Editor in 0.00 ms.
Unloading 6 Unused Serialized files (Serialized files now loaded: 0)
Unloading 6 unused Assets / (373.8 KB). Loaded Objects now: 6569.
Memory consumption went from 219.7 MB to 219.4 MB.
Total: 6.232625 ms (FindLiveObjects: 0.239334 ms CreateObjectMapping: 0.060542 ms MarkObjects: 5.714167 ms  DeleteObjects: 0.217583 ms)

Prepare: number of updated asset objects reloaded= 0
AssetImportParameters requested are different than current active one (requested -> active):
  custom:scripting/monoscript/fileName/SkewTextExample.cs: c142d02d70a129e0533975f7c2f96956 -> 
  custom:scripting/monoscript/fileName/GroundVegetationSpawner.cs: a8e7b8153a49d8553e0fcc8880049827 -> 
  custom:container-demuxer-ogg: 62fdf1f143b41e24485cea50d1cbac27 -> 
  custom:scripting/monoscript/fileName/AstroMath.cs: 1932568a5daca2d25b8b5c7242983aec -> 
  custom:scripting/monoscript/fileName/TMP_TextEventHandler.cs: f5cd9d5a43bfefc8f4fec80e6de896a4 -> 
  custom:scripting/monoscript/fileName/TextMeshProFloatingText.cs: 92608fa4a6315cd0786d82205e77b697 -> 
  custom:scripting/monoscript/fileName/NightSkyDome.cs: b2afe0d1521c7f43e5c43cc9cecc95ee -> 
  custom:scripting/monoscript/fileName/VertexZoom.cs: 650ab1e81d40126e3edcf737cce646e4 -> 
  custom:scripting/monoscript/fileName/VertexShakeA.cs: 63ec564c588058369499638dd899e05b -> 
  custom:scripting/monoscript/fileName/TMP_ExampleScript_01.cs: a9d4be556104ff54e7d240529b3e01dc -> 
  custom:video-decoder-ogg-theora: a1e56fd34408186e4bbccfd4996cb3dc -> 
  custom:scripting/monoscript/fileName/TMP_TextEventCheck.cs: 13505d917eab5868c435e0c2986dadfa -> 
  custom:scripting/monoscript/fileName/TMP_TextSelector_B.cs: ba2be21a7486d37b1011342977a2e49d -> 
  custom:scripting/monoscript/fileName/Benchmark01.cs: 2d3e2cd961730ab95f139a49a673bace -> 
  custom:scripting/monoscript/fileName/Benchmark02.cs: 5640963252ce70910e726415f869ced6 -> 
  custom:scripting/monoscript/fileName/PlanetariumManager.cs: 22b040d69c7e89a9f75db3e2f35d583d -> 
  custom:scripting/monoscript/fileName/DropdownSample.cs: 0a92251794e5f10400149f96c3c59e5d -> 
  custom:scripting/monoscript/fileName/WarpTextExample.cs: 2663459c266363641981c7d17b698d7f -> 
  custom:CustomObjectIndexerAttribute: 9a22284fe3817be447336de3de66b15e -> 
  custom:container-demuxer-webm: 4f35f7cbe854078d1ac9338744f61a02 -> 
  custom:scripting/monoscript/fileName/StarData.cs: 8c3ecaae97776e3a509e6c92c6d1978c -> 
  custom:scripting/monoscript/fileName/EarthGroundRealistic.cs: 186beb94bc05013618de78c0bf9fca68 -> 
  custom:scripting/monoscript/fileName/ChatController.cs: 876d5ccae6e345dd5d9450eb0a748f16 -> 
  custom:scripting/monoscript/fileName/EarthGroundVisual.cs: 36a50b70f05d0b9c126df611b2357b9b -> 
  custom:scripting/monoscript/fileName/TextMeshSpawner.cs: 76f28e2ddb031571e6ec62b018f65fa8 -> 
  custom:scripting/monoscript/fileName/TeleType.cs: 31fa97821c4c70f157ec81d507aa6b62 -> 
  custom:scripting/monoscript/fileName/AtmosphericEffects.cs: 6dab96abafac9a683f858453a1825b06 -> 
  custom:scripting/monoscript/fileName/Benchmark04.cs: 32220b148620e52aa81c13a114862bf4 -> 
  custom:scripting/monoscript/fileName/LookAtCamera.cs: c89e844d610ff572aa3b28387fdf619c -> 
  custom:container-muxer-webm: aa71ff27fc2769a1b78a27578f13a17b -> 
  custom:video-decoder-webm-vp8: 9c59270c3fd7afecdb556c50c9e8de78 -> 
  custom:scripting/monoscript/fileName/TMP_PhoneNumberValidator.cs: 7c3049f481e464c6a9a15dee56c3126f -> 
  custom:SearchIndexIgnoredProperties: e643bd26f0fe6173181afceb89e7c659 -> 
  custom:AudioImporter_EditorPlatform: 3918e3fc78b5a79bad01e8451be0beb8 -> 
  custom:scripting/monoscript/fileName/EnvMapAnimator.cs: 1b4f61c17e4b7283c3ac351aacff9d26 -> 
  custom:scripting/monoscript/fileName/ShaderPropAnimator.cs: 55ce425812446482e623ff2695c94cb2 -> 
  custom:scripting/monoscript/fileName/SimpleScript.cs: 454caab0c6c050f29b39d82e1d66d0fa -> 
  custom:scripting/monoscript/fileName/AstroLaser.cs: 26653888dbc089cf903671d0935f9d0c -> 
  custom:scripting/monoscript/fileName/ObjectSpin.cs: 2b96bb2079dd7fa5108d981627a28e1e -> 
  custom:scripting/monoscript/fileName/CameraController.cs: 34b6be4e23ce86dc89786916c5983296 -> 
  custom:scripting/monoscript/fileName/TMP_TextInfoDebugTool.cs: 3f1709cfb2cc628169113a35b5e9be3f -> 
  custom:framework-osx-AVFoundation: e770b220cccbd017edd2c1fefb359320 -> 
  custom:scripting/monoscript/fileName/TMP_TextSelector_A.cs: 347309a09d56e367b188a6978f75b424 -> 
  custom:video-encoder-webm-vp8: eb34c28f22e8b96e1ab97ce403110664 -> 
  custom:audio-decoder-ogg-vorbis: bf7c407c2cedff20999df2af8eb42d56 -> 
  custom:scripting/monoscript/fileName/VertexJitter.cs: d27eb5498e48714a66aece98da065133 -> 
  custom:scripting/monoscript/fileName/TextConsoleSimulator.cs: 33fc311abb20b5b0ed8f00e4d86b574e -> 
  custom:scripting/monoscript/fileName/VertexColorCycler.cs: 5f984ca91cf3609293aecc6bc5641572 -> 
  custom:scripting/monoscript/fileName/TMP_FrameRateCounter.cs: 46f655df8cb483ac5958307137b1585a -> 
  custom:scripting/monoscript/fileName/VertexShakeB.cs: a6f78c4fcda1a29a1a1c1baefedba9e7 -> 
  custom:scripting/monoscript/fileName/TMP_UiFrameRateCounter.cs: b01021aea19247f14a98ab338907956a -> 
  custom:scripting/monoscript/fileName/StarTwinkle.cs: ac618481f721577fd89cf2d7fed70354 -> 
  custom:scripting/monoscript/fileName/PlanetariumSceneManager.cs: ff25bf0c7f3b5e5a9e958ca6d2974daa -> 
  custom:scripting/monoscript/fileName/TMPro_InstructionOverlay.cs: b626d2270e6ebd5c4311585c18b58d8d -> 
  custom:scripting/monoscript/fileName/TMP_DigitValidator.cs: ac02af96215ae3951a3cce9e1a8c6085 -> 
  custom:audio-encoder-webm-vorbis: bf7c407c2cedff20999df2af8eb42d56 -> 
  custom:scripting/monoscript/fileName/Benchmark01_UGUI.cs: 6148cfe2627b7708298f301788144139 -> 
  custom:scripting/monoscript/fileName/LaserControllerLeft.cs: 7e5ab3c36215566daf0a6b2d4ff82ca9 -> 
  custom:scripting/monoscript/fileName/LeftHandActivator.cs: ceb61ca6a6db9add1527617a23bb9ceb -> 
  custom:scripting/precompiled-assembly-types:Assembly-CSharp: 400a0d0a8e5077b6981f166e6397a670 -> 
  custom:scripting/monoscript/fileName/Benchmark03.cs: 17cc87e0529ac71d909a946afb47a274 -> 
========================================================================
Received Prepare
WARNING: Shader Unsupported: 'URP/UI/Prerendered Opaque' - All subshaders removed
WARNING: Shader Did you use #pragma only_renderers and omit this platform?
WARNING: Shader If subshaders removal was intentional, you may have forgotten turning Fallback off?
WARNING: Shader Unsupported: 'URP/UI/Prerendered Opaque' - All subshaders removed
WARNING: Shader Did you use #pragma only_renderers and omit this platform?
WARNING: Shader If subshaders removal was intentional, you may have forgotten turning Fallback off?
WARNING: Shader Unsupported: 'EnvironmentDepth/URP/OcclusionUnlit' - All subshaders removed
WARNING: Shader Did you use #pragma only_renderers and omit this platform?
WARNING: Shader If subshaders removal was intentional, you may have forgotten turning Fallback off?
WARNING: Shader Unsupported: 'EnvironmentDepth/URP/OcclusionUnlit' - All subshaders removed
WARNING: Shader Did you use #pragma only_renderers and omit this platform?
WARNING: Shader If subshaders removal was intentional, you may have forgotten turning Fallback off?
WARNING: Shader Unsupported: 'URP/UI/Prerendered' - All subshaders removed
WARNING: Shader Did you use #pragma only_renderers and omit this platform?
WARNING: Shader If subshaders removal was intentional, you may have forgotten turning Fallback off?
WARNING: Shader Unsupported: 'URP/UI/Prerendered' - All subshaders removed
WARNING: Shader Did you use #pragma only_renderers and omit this platform?
WARNING: Shader If subshaders removal was intentional, you may have forgotten turning Fallback off?
Shader 'Oculus/OVRMRCameraFrameLit': fallback shader 'Alpha-Diffuse' not found
Refreshing native plugins compatible for Editor in 4.57 ms, found 11 plugins.
Preloading 0 native plugins for Editor in 0.00 ms.
Unloading 6 Unused Serialized files (Serialized files now loaded: 0)
Unloading 6 unused Assets / (365.8 KB). Loaded Objects now: 6569.
Memory consumption went from 218.9 MB to 218.6 MB.
Total: 5.116708 ms (FindLiveObjects: 0.208291 ms CreateObjectMapping: 0.059959 ms MarkObjects: 4.652791 ms  DeleteObjects: 0.195167 ms)

Prepare: number of updated asset objects reloaded= 0
AssetImportParameters requested are different than current active one (requested -> active):
  custom:scripting/monoscript/fileName/SkewTextExample.cs: c142d02d70a129e0533975f7c2f96956 -> 
  custom:scripting/monoscript/fileName/GroundVegetationSpawner.cs: a8e7b8153a49d8553e0fcc8880049827 -> 
  custom:container-demuxer-ogg: 62fdf1f143b41e24485cea50d1cbac27 -> 
  custom:scripting/monoscript/fileName/AstroMath.cs: 1932568a5daca2d25b8b5c7242983aec -> 
  custom:scripting/monoscript/fileName/TMP_TextEventHandler.cs: f5cd9d5a43bfefc8f4fec80e6de896a4 -> 
  custom:scripting/monoscript/fileName/TextMeshProFloatingText.cs: 92608fa4a6315cd0786d82205e77b697 -> 
  custom:scripting/monoscript/fileName/NightSkyDome.cs: b2afe0d1521c7f43e5c43cc9cecc95ee -> 
  custom:scripting/monoscript/fileName/VertexZoom.cs: 650ab1e81d40126e3edcf737cce646e4 -> 
  custom:scripting/monoscript/fileName/VertexShakeA.cs: 63ec564c588058369499638dd899e05b -> 
  custom:scripting/monoscript/fileName/TMP_ExampleScript_01.cs: a9d4be556104ff54e7d240529b3e01dc -> 
  custom:video-decoder-ogg-theora: a1e56fd34408186e4bbccfd4996cb3dc -> 
  custom:scripting/monoscript/fileName/TMP_TextEventCheck.cs: 13505d917eab5868c435e0c2986dadfa -> 
  custom:scripting/monoscript/fileName/TMP_TextSelector_B.cs: ba2be21a7486d37b1011342977a2e49d -> 
  custom:scripting/monoscript/fileName/Benchmark01.cs: 2d3e2cd961730ab95f139a49a673bace -> 
  custom:scripting/monoscript/fileName/Benchmark02.cs: 5640963252ce70910e726415f869ced6 -> 
  custom:scripting/monoscript/fileName/PlanetariumManager.cs: 22b040d69c7e89a9f75db3e2f35d583d -> 
  custom:scripting/monoscript/fileName/DropdownSample.cs: 0a92251794e5f10400149f96c3c59e5d -> 
  custom:scripting/monoscript/fileName/WarpTextExample.cs: 2663459c266363641981c7d17b698d7f -> 
  custom:CustomObjectIndexerAttribute: 9a22284fe3817be447336de3de66b15e -> 
  custom:container-demuxer-webm: 4f35f7cbe854078d1ac9338744f61a02 -> 
  custom:scripting/monoscript/fileName/StarData.cs: 8c3ecaae97776e3a509e6c92c6d1978c -> 
  custom:scripting/monoscript/fileName/EarthGroundRealistic.cs: 186beb94bc05013618de78c0bf9fca68 -> 
  custom:scripting/monoscript/fileName/ChatController.cs: 876d5ccae6e345dd5d9450eb0a748f16 -> 
  custom:scripting/monoscript/fileName/EarthGroundVisual.cs: 36a50b70f05d0b9c126df611b2357b9b -> 
  custom:scripting/monoscript/fileName/TextMeshSpawner.cs: 76f28e2ddb031571e6ec62b018f65fa8 -> 
  custom:scripting/monoscript/fileName/TeleType.cs: 31fa97821c4c70f157ec81d507aa6b62 -> 
  custom:scripting/monoscript/fileName/AtmosphericEffects.cs: 6dab96abafac9a683f858453a1825b06 -> 
  custom:scripting/monoscript/fileName/Benchmark04.cs: 32220b148620e52aa81c13a114862bf4 -> 
  custom:scripting/monoscript/fileName/LookAtCamera.cs: c89e844d610ff572aa3b28387fdf619c -> 
  custom:container-muxer-webm: aa71ff27fc2769a1b78a27578f13a17b -> 
  custom:video-decoder-webm-vp8: 9c59270c3fd7afecdb556c50c9e8de78 -> 
  custom:scripting/monoscript/fileName/TMP_PhoneNumberValidator.cs: 7c3049f481e464c6a9a15dee56c3126f -> 
  custom:SearchIndexIgnoredProperties: e643bd26f0fe6173181afceb89e7c659 -> 
  custom:AudioImporter_EditorPlatform: 3918e3fc78b5a79bad01e8451be0beb8 -> 
  custom:scripting/monoscript/fileName/EnvMapAnimator.cs: 1b4f61c17e4b7283c3ac351aacff9d26 -> 
  custom:scripting/monoscript/fileName/ShaderPropAnimator.cs: 55ce425812446482e623ff2695c94cb2 -> 
  custom:scripting/monoscript/fileName/SimpleScript.cs: 454caab0c6c050f29b39d82e1d66d0fa -> 
  custom:scripting/monoscript/fileName/AstroLaser.cs: 26653888dbc089cf903671d0935f9d0c -> 
  custom:scripting/monoscript/fileName/ObjectSpin.cs: 2b96bb2079dd7fa5108d981627a28e1e -> 
  custom:scripting/monoscript/fileName/CameraController.cs: 34b6be4e23ce86dc89786916c5983296 -> 
  custom:scripting/monoscript/fileName/TMP_TextInfoDebugTool.cs: 3f1709cfb2cc628169113a35b5e9be3f -> 
  custom:framework-osx-AVFoundation: e770b220cccbd017edd2c1fefb359320 -> 
  custom:scripting/monoscript/fileName/TMP_TextSelector_A.cs: 347309a09d56e367b188a6978f75b424 -> 
  custom:video-encoder-webm-vp8: eb34c28f22e8b96e1ab97ce403110664 -> 
  custom:audio-decoder-ogg-vorbis: bf7c407c2cedff20999df2af8eb42d56 -> 
  custom:scripting/monoscript/fileName/VertexJitter.cs: d27eb5498e48714a66aece98da065133 -> 
  custom:scripting/monoscript/fileName/TextConsoleSimulator.cs: 33fc311abb20b5b0ed8f00e4d86b574e -> 
  custom:scripting/monoscript/fileName/VertexColorCycler.cs: 5f984ca91cf3609293aecc6bc5641572 -> 
  custom:scripting/monoscript/fileName/TMP_FrameRateCounter.cs: 46f655df8cb483ac5958307137b1585a -> 
  custom:scripting/monoscript/fileName/VertexShakeB.cs: a6f78c4fcda1a29a1a1c1baefedba9e7 -> 
  custom:scripting/monoscript/fileName/TMP_UiFrameRateCounter.cs: b01021aea19247f14a98ab338907956a -> 
  custom:scripting/monoscript/fileName/StarTwinkle.cs: ac618481f721577fd89cf2d7fed70354 -> 
  custom:scripting/monoscript/fileName/PlanetariumSceneManager.cs: ff25bf0c7f3b5e5a9e958ca6d2974daa -> 
  custom:scripting/monoscript/fileName/TMPro_InstructionOverlay.cs: b626d2270e6ebd5c4311585c18b58d8d -> 
  custom:scripting/monoscript/fileName/TMP_DigitValidator.cs: ac02af96215ae3951a3cce9e1a8c6085 -> 
  custom:audio-encoder-webm-vorbis: bf7c407c2cedff20999df2af8eb42d56 -> 
  custom:scripting/monoscript/fileName/Benchmark01_UGUI.cs: 6148cfe2627b7708298f301788144139 -> 
  custom:scripting/monoscript/fileName/LaserControllerLeft.cs: 7e5ab3c36215566daf0a6b2d4ff82ca9 -> 
  custom:scripting/monoscript/fileName/LeftHandActivator.cs: ceb61ca6a6db9add1527617a23bb9ceb -> 
  custom:scripting/precompiled-assembly-types:Assembly-CSharp: 400a0d0a8e5077b6981f166e6397a670 -> 
  custom:scripting/monoscript/fileName/Benchmark03.cs: 17cc87e0529ac71d909a946afb47a274 -> 
========================================================================
Received Import Request.
  Time since last request: 1319.878908 seconds.
  path: Assets/PlanetariumSceneManager.cs
  artifactKey: Guid(b98738eec99f7491b9594df48d4ba133) Importer(815301076,1909f56bfc062723c751e8b465ee728b)
Start importing Assets/PlanetariumSceneManager.cs using Guid(b98738eec99f7491b9594df48d4ba133) Importer(815301076,1909f56bfc062723c751e8b465ee728b) [PhysX] Initialized MultithreadedTaskDispatcher with 12 workers.
 -> (artifact id: '4bc3a273227bc6e6302726d3082554c6') in 0.000379 seconds
Number of updated asset objects reloaded before import = 0
Number of asset objects unloaded after import = 0
========================================================================
Received Import Request.
  Time since last request: 285.448222 seconds.
  path: Assets/StarPrefab.prefab
  artifactKey: Guid(9ecd496ca2c1044f5b9b8383d52bb82b) Importer(815301076,1909f56bfc062723c751e8b465ee728b)
Start importing Assets/StarPrefab.prefab using Guid(9ecd496ca2c1044f5b9b8383d52bb82b) Importer(815301076,1909f56bfc062723c751e8b465ee728b) [PhysX] Initialized MultithreadedTaskDispatcher with 12 workers.
[PhysX] Initialized MultithreadedTaskDispatcher with 12 workers.
 -> (artifact id: 'c436f81c4755e3228dcb61006e93171f') in 0.055829 seconds
Number of updated asset objects reloaded before import = 0
Number of asset objects unloaded after import = 9
========================================================================
Received Prepare
Caller must complete domain reload
Begin MonoManager ReloadAssembly
Thread 0x16f3c3000 may have been prematurely finalized
- Loaded All Assemblies, in  0.291 seconds
Native extension for Android target not found
Native extension for OSXStandalone target not found
[Package Manager] Server::EnsureServerProcessIsRunning -- launch failed, reason: Unity was launched with the -noUpm command-line argument
[Package Manager] UpmClient::Send -- Unable to send message (not connected to UPM process).
[Package Manager] Cannot connect to Unity Package Manager local server
[Package Manager] Server::EnsureServerProcessIsRunning -- launch failed, reason: Unity was launched with the -noUpm command-line argument
[Package Manager] UpmClient::Send -- Unable to send message (not connected to UPM process).
[Package Manager] Cannot connect to Unity Package Manager local server
Mono: successfully reloaded assembly
[Package Manager] Server::EnsureServerProcessIsRunning -- launch failed, reason: Unity was launched with the -noUpm command-line argument
[Package Manager] UpmClient::Send -- Unable to send message (not connected to UPM process).
[Package Manager] Cannot connect to Unity Package Manager local server
- Finished resetting the current domain, in  1.103 seconds
Domain Reload Profiling: 1393ms
	BeginReloadAssembly (85ms)
		ExecutionOrderSort (0ms)
		DisableScriptedObjects (2ms)
		BackupInstance (0ms)
		ReleaseScriptingObjects (0ms)
		CreateAndSetChildDomain (24ms)
	RebuildCommonClasses (18ms)
	RebuildNativeTypeToScriptingClass (7ms)
	initialDomainReloadingComplete (11ms)
	LoadAllAssembliesAndSetupDomain (170ms)
		LoadAssemblies (174ms)
		RebuildTransferFunctionScriptingTraits (0ms)
		AnalyzeDomain (32ms)
			TypeCache.Refresh (9ms)
				TypeCache.ScanAssembly (1ms)
			ScanForSourceGeneratedMonoScriptInfo (15ms)
			ResolveRequiredComponents (7ms)
	FinalizeReload (1103ms)
		ReleaseScriptCaches (0ms)
		RebuildScriptCaches (0ms)
		SetupLoadedEditorAssemblies (350ms)
			LogAssemblyErrors (0ms)
			InitializePlatformSupportModulesInManaged (7ms)
			SetLoadedEditorAssemblies (3ms)
			RefreshPlugins (0ms)
			BeforeProcessingInitializeOnLoad (39ms)
			ProcessInitializeOnLoadAttributes (274ms)
			ProcessInitializeOnLoadMethodAttributes (26ms)
			AfterProcessingInitializeOnLoad (1ms)
			EditorAssembliesLoaded (0ms)
		ExecutionOrderSort2 (0ms)
		AwakeInstancesAfterBackupRestoration (2ms)
WARNING: Shader Unsupported: 'URP/UI/Prerendered Opaque' - All subshaders removed
WARNING: Shader Did you use #pragma only_renderers and omit this platform?
WARNING: Shader If subshaders removal was intentional, you may have forgotten turning Fallback off?
WARNING: Shader Unsupported: 'URP/UI/Prerendered Opaque' - All subshaders removed
WARNING: Shader Did you use #pragma only_renderers and omit this platform?
WARNING: Shader If subshaders removal was intentional, you may have forgotten turning Fallback off?
WARNING: Shader Unsupported: 'EnvironmentDepth/URP/OcclusionUnlit' - All subshaders removed
WARNING: Shader Did you use #pragma only_renderers and omit this platform?
WARNING: Shader If subshaders removal was intentional, you may have forgotten turning Fallback off?
WARNING: Shader Unsupported: 'EnvironmentDepth/URP/OcclusionUnlit' - All subshaders removed
WARNING: Shader Did you use #pragma only_renderers and omit this platform?
WARNING: Shader If subshaders removal was intentional, you may have forgotten turning Fallback off?
WARNING: Shader Unsupported: 'URP/UI/Prerendered' - All subshaders removed
WARNING: Shader Did you use #pragma only_renderers and omit this platform?
WARNING: Shader If subshaders removal was intentional, you may have forgotten turning Fallback off?
WARNING: Shader Unsupported: 'URP/UI/Prerendered' - All subshaders removed
WARNING: Shader Did you use #pragma only_renderers and omit this platform?
WARNING: Shader If subshaders removal was intentional, you may have forgotten turning Fallback off?
Shader 'Oculus/OVRMRCameraFrameLit': fallback shader 'Alpha-Diffuse' not found
Refreshing native plugins compatible for Editor in 4.06 ms, found 11 plugins.
Preloading 0 native plugins for Editor in 0.00 ms.
Unloading 5848 Unused Serialized files (Serialized files now loaded: 0)
Unloading 86 unused Assets / (422.5 KB). Loaded Objects now: 6578.
Memory consumption went from 317.9 MB to 317.5 MB.
Total: 5.440417 ms (FindLiveObjects: 0.205375 ms CreateObjectMapping: 0.062667 ms MarkObjects: 4.951208 ms  DeleteObjects: 0.220667 ms)

Prepare: number of updated asset objects reloaded= 0
AssetImportParameters requested are different than current active one (requested -> active):
  custom:scripting/monoscript/fileName/SkewTextExample.cs: c142d02d70a129e0533975f7c2f96956 -> 
  custom:scripting/monoscript/fileName/GroundVegetationSpawner.cs: a8e7b8153a49d8553e0fcc8880049827 -> 
  custom:container-demuxer-ogg: 62fdf1f143b41e24485cea50d1cbac27 -> 
  custom:scripting/monoscript/fileName/AstroMath.cs: 1932568a5daca2d25b8b5c7242983aec -> 
  custom:scripting/monoscript/fileName/TMP_TextEventHandler.cs: f5cd9d5a43bfefc8f4fec80e6de896a4 -> 
  custom:scripting/monoscript/fileName/TextMeshProFloatingText.cs: 92608fa4a6315cd0786d82205e77b697 -> 
  custom:scripting/monoscript/fileName/NightSkyDome.cs: b2afe0d1521c7f43e5c43cc9cecc95ee -> 
  custom:scripting/monoscript/fileName/VertexZoom.cs: 650ab1e81d40126e3edcf737cce646e4 -> 
  custom:scripting/monoscript/fileName/VertexShakeA.cs: 63ec564c588058369499638dd899e05b -> 
  custom:scripting/monoscript/fileName/TMP_ExampleScript_01.cs: a9d4be556104ff54e7d240529b3e01dc -> 
  custom:video-decoder-ogg-theora: a1e56fd34408186e4bbccfd4996cb3dc -> 
  custom:scripting/monoscript/fileName/TMP_TextEventCheck.cs: 13505d917eab5868c435e0c2986dadfa -> 
  custom:scripting/monoscript/fileName/TMP_TextSelector_B.cs: ba2be21a7486d37b1011342977a2e49d -> 
  custom:scripting/monoscript/fileName/Benchmark01.cs: 2d3e2cd961730ab95f139a49a673bace -> 
  custom:scripting/monoscript/fileName/Benchmark02.cs: 5640963252ce70910e726415f869ced6 -> 
  custom:scripting/monoscript/fileName/PlanetariumManager.cs: 22b040d69c7e89a9f75db3e2f35d583d -> 
  custom:scripting/monoscript/fileName/DropdownSample.cs: 0a92251794e5f10400149f96c3c59e5d -> 
  custom:scripting/monoscript/fileName/WarpTextExample.cs: 2663459c266363641981c7d17b698d7f -> 
  custom:CustomObjectIndexerAttribute: 9a22284fe3817be447336de3de66b15e -> 
  custom:container-demuxer-webm: 4f35f7cbe854078d1ac9338744f61a02 -> 
  custom:scripting/monoscript/fileName/StarData.cs: 8c3ecaae97776e3a509e6c92c6d1978c -> 
  custom:scripting/monoscript/fileName/EarthGroundRealistic.cs: 186beb94bc05013618de78c0bf9fca68 -> 
  custom:scripting/monoscript/fileName/ChatController.cs: 876d5ccae6e345dd5d9450eb0a748f16 -> 
  custom:scripting/monoscript/fileName/EarthGroundVisual.cs: 36a50b70f05d0b9c126df611b2357b9b -> 
  custom:scripting/monoscript/fileName/TextMeshSpawner.cs: 76f28e2ddb031571e6ec62b018f65fa8 -> 
  custom:scripting/monoscript/fileName/TeleType.cs: 31fa97821c4c70f157ec81d507aa6b62 -> 
  custom:scripting/monoscript/fileName/AtmosphericEffects.cs: 6dab96abafac9a683f858453a1825b06 -> 
  custom:scripting/monoscript/fileName/Benchmark04.cs: 32220b148620e52aa81c13a114862bf4 -> 
  custom:scripting/monoscript/fileName/LookAtCamera.cs: c89e844d610ff572aa3b28387fdf619c -> 
  custom:container-muxer-webm: aa71ff27fc2769a1b78a27578f13a17b -> 
  custom:video-decoder-webm-vp8: 9c59270c3fd7afecdb556c50c9e8de78 -> 
  custom:scripting/monoscript/fileName/TMP_PhoneNumberValidator.cs: 7c3049f481e464c6a9a15dee56c3126f -> 
  custom:SearchIndexIgnoredProperties: e643bd26f0fe6173181afceb89e7c659 -> 
  custom:AudioImporter_EditorPlatform: 3918e3fc78b5a79bad01e8451be0beb8 -> 
  custom:scripting/monoscript/fileName/EnvMapAnimator.cs: 1b4f61c17e4b7283c3ac351aacff9d26 -> 
  custom:scripting/monoscript/fileName/ShaderPropAnimator.cs: 55ce425812446482e623ff2695c94cb2 -> 
  custom:scripting/monoscript/fileName/SimpleScript.cs: 454caab0c6c050f29b39d82e1d66d0fa -> 
  custom:scripting/monoscript/fileName/AstroLaser.cs: 26653888dbc089cf903671d0935f9d0c -> 
  custom:scripting/monoscript/fileName/ObjectSpin.cs: 2b96bb2079dd7fa5108d981627a28e1e -> 
  custom:scripting/monoscript/fileName/CameraController.cs: 34b6be4e23ce86dc89786916c5983296 -> 
  custom:scripting/monoscript/fileName/TMP_TextInfoDebugTool.cs: 3f1709cfb2cc628169113a35b5e9be3f -> 
  custom:framework-osx-AVFoundation: e770b220cccbd017edd2c1fefb359320 -> 
  custom:scripting/monoscript/fileName/TMP_TextSelector_A.cs: 347309a09d56e367b188a6978f75b424 -> 
  custom:video-encoder-webm-vp8: eb34c28f22e8b96e1ab97ce403110664 -> 
  custom:audio-decoder-ogg-vorbis: bf7c407c2cedff20999df2af8eb42d56 -> 
  custom:scripting/monoscript/fileName/VertexJitter.cs: d27eb5498e48714a66aece98da065133 -> 
  custom:scripting/monoscript/fileName/TextConsoleSimulator.cs: 33fc311abb20b5b0ed8f00e4d86b574e -> 
  custom:scripting/monoscript/fileName/VertexColorCycler.cs: 5f984ca91cf3609293aecc6bc5641572 -> 
  custom:scripting/monoscript/fileName/TMP_FrameRateCounter.cs: 46f655df8cb483ac5958307137b1585a -> 
  custom:scripting/monoscript/fileName/VertexShakeB.cs: a6f78c4fcda1a29a1a1c1baefedba9e7 -> 
  custom:scripting/monoscript/fileName/TMP_UiFrameRateCounter.cs: b01021aea19247f14a98ab338907956a -> 
  custom:scripting/monoscript/fileName/StarTwinkle.cs: ac618481f721577fd89cf2d7fed70354 -> 
  custom:scripting/monoscript/fileName/PlanetariumSceneManager.cs: ff25bf0c7f3b5e5a9e958ca6d2974daa -> 
  custom:scripting/monoscript/fileName/TMPro_InstructionOverlay.cs: b626d2270e6ebd5c4311585c18b58d8d -> 
  custom:scripting/monoscript/fileName/TMP_DigitValidator.cs: ac02af96215ae3951a3cce9e1a8c6085 -> 
  custom:audio-encoder-webm-vorbis: bf7c407c2cedff20999df2af8eb42d56 -> 
  custom:scripting/monoscript/fileName/Benchmark01_UGUI.cs: 6148cfe2627b7708298f301788144139 -> 
  custom:scripting/monoscript/fileName/LaserControllerLeft.cs: 7e5ab3c36215566daf0a6b2d4ff82ca9 -> 
  custom:scripting/monoscript/fileName/LeftHandActivator.cs: ceb61ca6a6db9add1527617a23bb9ceb -> 
  custom:scripting/precompiled-assembly-types:Assembly-CSharp: 400a0d0a8e5077b6981f166e6397a670 -> 
  custom:scripting/monoscript/fileName/Benchmark03.cs: 17cc87e0529ac71d909a946afb47a274 -> 
========================================================================
Received Prepare
WARNING: Shader Unsupported: 'URP/UI/Prerendered Opaque' - All subshaders removed
WARNING: Shader Did you use #pragma only_renderers and omit this platform?
WARNING: Shader If subshaders removal was intentional, you may have forgotten turning Fallback off?
WARNING: Shader Unsupported: 'URP/UI/Prerendered Opaque' - All subshaders removed
WARNING: Shader Did you use #pragma only_renderers and omit this platform?
WARNING: Shader If subshaders removal was intentional, you may have forgotten turning Fallback off?
WARNING: Shader Unsupported: 'EnvironmentDepth/URP/OcclusionUnlit' - All subshaders removed
WARNING: Shader Did you use #pragma only_renderers and omit this platform?
WARNING: Shader If subshaders removal was intentional, you may have forgotten turning Fallback off?
WARNING: Shader Unsupported: 'EnvironmentDepth/URP/OcclusionUnlit' - All subshaders removed
WARNING: Shader Did you use #pragma only_renderers and omit this platform?
WARNING: Shader If subshaders removal was intentional, you may have forgotten turning Fallback off?
WARNING: Shader Unsupported: 'URP/UI/Prerendered' - All subshaders removed
WARNING: Shader Did you use #pragma only_renderers and omit this platform?
WARNING: Shader If subshaders removal was intentional, you may have forgotten turning Fallback off?
WARNING: Shader Unsupported: 'URP/UI/Prerendered' - All subshaders removed
WARNING: Shader Did you use #pragma only_renderers and omit this platform?
WARNING: Shader If subshaders removal was intentional, you may have forgotten turning Fallback off?
Shader 'Oculus/OVRMRCameraFrameLit': fallback shader 'Alpha-Diffuse' not found
Refreshing native plugins compatible for Editor in 4.82 ms, found 11 plugins.
Preloading 0 native plugins for Editor in 0.00 ms.
Unloading 6 Unused Serialized files (Serialized files now loaded: 0)
Unloading 6 unused Assets / (373.8 KB). Loaded Objects now: 6578.
Memory consumption went from 226.5 MB to 226.1 MB.
Total: 5.131167 ms (FindLiveObjects: 0.205542 ms CreateObjectMapping: 0.058958 ms MarkObjects: 4.685583 ms  DeleteObjects: 0.180625 ms)

Prepare: number of updated asset objects reloaded= 0
AssetImportParameters requested are different than current active one (requested -> active):
  custom:scripting/monoscript/fileName/SkewTextExample.cs: c142d02d70a129e0533975f7c2f96956 -> 
  custom:scripting/monoscript/fileName/GroundVegetationSpawner.cs: a8e7b8153a49d8553e0fcc8880049827 -> 
  custom:container-demuxer-ogg: 62fdf1f143b41e24485cea50d1cbac27 -> 
  custom:scripting/monoscript/fileName/AstroMath.cs: 1932568a5daca2d25b8b5c7242983aec -> 
  custom:scripting/monoscript/fileName/TMP_TextEventHandler.cs: f5cd9d5a43bfefc8f4fec80e6de896a4 -> 
  custom:scripting/monoscript/fileName/TextMeshProFloatingText.cs: 92608fa4a6315cd0786d82205e77b697 -> 
  custom:scripting/monoscript/fileName/NightSkyDome.cs: b2afe0d1521c7f43e5c43cc9cecc95ee -> 
  custom:scripting/monoscript/fileName/VertexZoom.cs: 650ab1e81d40126e3edcf737cce646e4 -> 
  custom:scripting/monoscript/fileName/VertexShakeA.cs: 63ec564c588058369499638dd899e05b -> 
  custom:scripting/monoscript/fileName/TMP_ExampleScript_01.cs: a9d4be556104ff54e7d240529b3e01dc -> 
  custom:video-decoder-ogg-theora: a1e56fd34408186e4bbccfd4996cb3dc -> 
  custom:scripting/monoscript/fileName/TMP_TextEventCheck.cs: 13505d917eab5868c435e0c2986dadfa -> 
  custom:scripting/monoscript/fileName/TMP_TextSelector_B.cs: ba2be21a7486d37b1011342977a2e49d -> 
  custom:scripting/monoscript/fileName/Benchmark01.cs: 2d3e2cd961730ab95f139a49a673bace -> 
  custom:scripting/monoscript/fileName/Benchmark02.cs: 5640963252ce70910e726415f869ced6 -> 
  custom:scripting/monoscript/fileName/PlanetariumManager.cs: 22b040d69c7e89a9f75db3e2f35d583d -> 
  custom:scripting/monoscript/fileName/DropdownSample.cs: 0a92251794e5f10400149f96c3c59e5d -> 
  custom:scripting/monoscript/fileName/WarpTextExample.cs: 2663459c266363641981c7d17b698d7f -> 
  custom:CustomObjectIndexerAttribute: 9a22284fe3817be447336de3de66b15e -> 
  custom:container-demuxer-webm: 4f35f7cbe854078d1ac9338744f61a02 -> 
  custom:scripting/monoscript/fileName/StarData.cs: 8c3ecaae97776e3a509e6c92c6d1978c -> 
  custom:scripting/monoscript/fileName/EarthGroundRealistic.cs: 186beb94bc05013618de78c0bf9fca68 -> 
  custom:scripting/monoscript/fileName/ChatController.cs: 876d5ccae6e345dd5d9450eb0a748f16 -> 
  custom:scripting/monoscript/fileName/EarthGroundVisual.cs: 36a50b70f05d0b9c126df611b2357b9b -> 
  custom:scripting/monoscript/fileName/TextMeshSpawner.cs: 76f28e2ddb031571e6ec62b018f65fa8 -> 
  custom:scripting/monoscript/fileName/TeleType.cs: 31fa97821c4c70f157ec81d507aa6b62 -> 
  custom:scripting/monoscript/fileName/AtmosphericEffects.cs: 6dab96abafac9a683f858453a1825b06 -> 
  custom:scripting/monoscript/fileName/Benchmark04.cs: 32220b148620e52aa81c13a114862bf4 -> 
  custom:scripting/monoscript/fileName/LookAtCamera.cs: c89e844d610ff572aa3b28387fdf619c -> 
  custom:container-muxer-webm: aa71ff27fc2769a1b78a27578f13a17b -> 
  custom:video-decoder-webm-vp8: 9c59270c3fd7afecdb556c50c9e8de78 -> 
  custom:scripting/monoscript/fileName/TMP_PhoneNumberValidator.cs: 7c3049f481e464c6a9a15dee56c3126f -> 
  custom:SearchIndexIgnoredProperties: e643bd26f0fe6173181afceb89e7c659 -> 
  custom:AudioImporter_EditorPlatform: 3918e3fc78b5a79bad01e8451be0beb8 -> 
  custom:scripting/monoscript/fileName/EnvMapAnimator.cs: 1b4f61c17e4b7283c3ac351aacff9d26 -> 
  custom:scripting/monoscript/fileName/ShaderPropAnimator.cs: 55ce425812446482e623ff2695c94cb2 -> 
  custom:scripting/monoscript/fileName/SimpleScript.cs: 454caab0c6c050f29b39d82e1d66d0fa -> 
  custom:scripting/monoscript/fileName/AstroLaser.cs: 26653888dbc089cf903671d0935f9d0c -> 
  custom:scripting/monoscript/fileName/ObjectSpin.cs: 2b96bb2079dd7fa5108d981627a28e1e -> 
  custom:scripting/monoscript/fileName/CameraController.cs: 34b6be4e23ce86dc89786916c5983296 -> 
  custom:scripting/monoscript/fileName/TMP_TextInfoDebugTool.cs: 3f1709cfb2cc628169113a35b5e9be3f -> 
  custom:framework-osx-AVFoundation: e770b220cccbd017edd2c1fefb359320 -> 
  custom:scripting/monoscript/fileName/TMP_TextSelector_A.cs: 347309a09d56e367b188a6978f75b424 -> 
  custom:video-encoder-webm-vp8: eb34c28f22e8b96e1ab97ce403110664 -> 
  custom:audio-decoder-ogg-vorbis: bf7c407c2cedff20999df2af8eb42d56 -> 
  custom:scripting/monoscript/fileName/VertexJitter.cs: d27eb5498e48714a66aece98da065133 -> 
  custom:scripting/monoscript/fileName/TextConsoleSimulator.cs: 33fc311abb20b5b0ed8f00e4d86b574e -> 
  custom:scripting/monoscript/fileName/VertexColorCycler.cs: 5f984ca91cf3609293aecc6bc5641572 -> 
  custom:scripting/monoscript/fileName/TMP_FrameRateCounter.cs: 46f655df8cb483ac5958307137b1585a -> 
  custom:scripting/monoscript/fileName/VertexShakeB.cs: a6f78c4fcda1a29a1a1c1baefedba9e7 -> 
  custom:scripting/monoscript/fileName/TMP_UiFrameRateCounter.cs: b01021aea19247f14a98ab338907956a -> 
  custom:scripting/monoscript/fileName/StarTwinkle.cs: ac618481f721577fd89cf2d7fed70354 -> 
  custom:scripting/monoscript/fileName/PlanetariumSceneManager.cs: ff25bf0c7f3b5e5a9e958ca6d2974daa -> 
  custom:scripting/monoscript/fileName/TMPro_InstructionOverlay.cs: b626d2270e6ebd5c4311585c18b58d8d -> 
  custom:scripting/monoscript/fileName/TMP_DigitValidator.cs: ac02af96215ae3951a3cce9e1a8c6085 -> 
  custom:audio-encoder-webm-vorbis: bf7c407c2cedff20999df2af8eb42d56 -> 
  custom:scripting/monoscript/fileName/Benchmark01_UGUI.cs: 6148cfe2627b7708298f301788144139 -> 
  custom:scripting/monoscript/fileName/LaserControllerLeft.cs: 7e5ab3c36215566daf0a6b2d4ff82ca9 -> 
  custom:scripting/monoscript/fileName/LeftHandActivator.cs: ceb61ca6a6db9add1527617a23bb9ceb -> 
  custom:scripting/precompiled-assembly-types:Assembly-CSharp: 400a0d0a8e5077b6981f166e6397a670 -> 
  custom:scripting/monoscript/fileName/Benchmark03.cs: 17cc87e0529ac71d909a946afb47a274 -> 
========================================================================
Received Import Request.
  Time since last request: 309.672966 seconds.
  path: Assets/StarPrefab.prefab
  artifactKey: Guid(9ecd496ca2c1044f5b9b8383d52bb82b) Importer(815301076,1909f56bfc062723c751e8b465ee728b)
Start importing Assets/StarPrefab.prefab using Guid(9ecd496ca2c1044f5b9b8383d52bb82b) Importer(815301076,1909f56bfc062723c751e8b465ee728b) [PhysX] Initialized MultithreadedTaskDispatcher with 12 workers.
[PhysX] Initialized MultithreadedTaskDispatcher with 12 workers.
 -> (artifact id: 'f1a4e999d04b37005a08afd9cd943a45') in 0.039682 seconds
Number of updated asset objects reloaded before import = 0
Number of asset objects unloaded after import = 9
========================================================================
Received Import Request.
  Time since last request: 4.782713 seconds.
  path: Assets/AtmosphericEffects.cs
  artifactKey: Guid(2cf414011c6a147cfa8643d6d27fe19d) Importer(815301076,1909f56bfc062723c751e8b465ee728b)
Start importing Assets/AtmosphericEffects.cs using Guid(2cf414011c6a147cfa8643d6d27fe19d) Importer(815301076,1909f56bfc062723c751e8b465ee728b) [PhysX] Initialized MultithreadedTaskDispatcher with 12 workers.
 -> (artifact id: '35fac11aa68e5f805f7fa30d740b9622') in 0.000271 seconds
Number of updated asset objects reloaded before import = 0
Number of asset objects unloaded after import = 0
========================================================================
Received Import Request.
  Time since last request: 60.028496 seconds.
  path: Assets/EarthGroundRealistic.cs
  artifactKey: Guid(7e79f8ecccc8846fa9d839bbeb08e7de) Importer(815301076,1909f56bfc062723c751e8b465ee728b)
Start importing Assets/EarthGroundRealistic.cs using Guid(7e79f8ecccc8846fa9d839bbeb08e7de) Importer(815301076,1909f56bfc062723c751e8b465ee728b) [PhysX] Initialized MultithreadedTaskDispatcher with 12 workers.
 -> (artifact id: '655b0b8574c1526d7a1504d50f2b635a') in 0.000279 seconds
Number of updated asset objects reloaded before import = 0
Number of asset objects unloaded after import = 0
========================================================================
Received Import Request.
  Time since last request: 19.038889 seconds.
  path: Assets/XR/Settings
  artifactKey: Guid(dd945caf48abc4890aa1c3fd809fdf8c) Importer(2089858483,0ecaa5967403d082aa24f35e1b516d23)
Start importing Assets/XR/Settings using Guid(dd945caf48abc4890aa1c3fd809fdf8c) Importer(2089858483,0ecaa5967403d082aa24f35e1b516d23) [PhysX] Initialized MultithreadedTaskDispatcher with 12 workers.
 -> (artifact id: 'e506437147d8de0196ab0f8f2722b1c9') in 0.028783 seconds
Number of updated asset objects reloaded before import = 0
Number of asset objects unloaded after import = 1
========================================================================
Received Import Request.
  Time since last request: 0.000132 seconds.
  path: Assets/StarPrefab.prefab
  artifactKey: Guid(9ecd496ca2c1044f5b9b8383d52bb82b) Importer(2089858483,0ecaa5967403d082aa24f35e1b516d23)
Start importing Assets/StarPrefab.prefab using Guid(9ecd496ca2c1044f5b9b8383d52bb82b) Importer(2089858483,0ecaa5967403d082aa24f35e1b516d23) [PhysX] Initialized MultithreadedTaskDispatcher with 12 workers.
 -> (artifact id: 'ba65c8eeccb2bd24656951e014b99b19') in 0.046756 seconds
Number of updated asset objects reloaded before import = 0
Number of asset objects unloaded after import = 8
========================================================================
Received Import Request.
  Time since last request: 0.000082 seconds.
  path: Assets/TextMesh Pro/Resources/Fonts & Materials/LiberationSans SDF - Drop Shadow.mat
  artifactKey: Guid(e73a58f6e2794ae7b1b7e50b7fb811b0) Importer(2089858483,0ecaa5967403d082aa24f35e1b516d23)
Start importing Assets/TextMesh Pro/Resources/Fonts & Materials/LiberationSans SDF - Drop Shadow.mat using Guid(e73a58f6e2794ae7b1b7e50b7fb811b0) Importer(2089858483,0ecaa5967403d082aa24f35e1b516d23) [PhysX] Initialized MultithreadedTaskDispatcher with 12 workers.
 -> (artifact id: '8ac0a6250f4de91af1e9c90bf5c3e5a4') in 0.015952 seconds
Number of updated asset objects reloaded before import = 0
Number of asset objects unloaded after import = 2
========================================================================
Received Import Request.
  Time since last request: 0.000106 seconds.
  path: Assets/TextMesh Pro/Shaders/TMPro_Mobile.cginc
  artifactKey: Guid(c334973cef89a9840b0b0c507e0377ab) Importer(2089858483,0ecaa5967403d082aa24f35e1b516d23)
Start importing Assets/TextMesh Pro/Shaders/TMPro_Mobile.cginc using Guid(c334973cef89a9840b0b0c507e0377ab) Importer(2089858483,0ecaa5967403d082aa24f35e1b516d23) [PhysX] Initialized MultithreadedTaskDispatcher with 12 workers.
 -> (artifact id: '9ecf179d27fe0817ee9bdf91e6268768') in 0.002605 seconds
Number of updated asset objects reloaded before import = 0
Number of asset objects unloaded after import = 1
========================================================================
Received Import Request.
  Time since last request: 0.000183 seconds.
  path: Assets/TextMesh Pro/Resources/LineBreaking Leading Characters.txt
  artifactKey: Guid(d82c1b31c7e74239bff1220585707d2b) Importer(2089858483,0ecaa5967403d082aa24f35e1b516d23)
Start importing Assets/TextMesh Pro/Resources/LineBreaking Leading Characters.txt using Guid(d82c1b31c7e74239bff1220585707d2b) Importer(2089858483,0ecaa5967403d082aa24f35e1b516d23) [PhysX] Initialized MultithreadedTaskDispatcher with 12 workers.
 -> (artifact id: '8d778f4badeea98a2d97aa571ef0c4f2') in 0.002657 seconds
Number of updated asset objects reloaded before import = 0
Number of asset objects unloaded after import = 1
========================================================================
Received Import Request.
  Time since last request: 0.000233 seconds.
  path: Assets/Resources/ImmersiveDebuggerSettings.asset
  artifactKey: Guid(7ebacf22181d2449993ec0b5772447fc) Importer(2089858483,0ecaa5967403d082aa24f35e1b516d23)
Start importing Assets/Resources/ImmersiveDebuggerSettings.asset using Guid(7ebacf22181d2449993ec0b5772447fc) Importer(2089858483,0ecaa5967403d082aa24f35e1b516d23) [PhysX] Initialized MultithreadedTaskDispatcher with 12 workers.
 -> (artifact id: '9b301f32687d8bbee935ffcc7b3f4897') in 0.008153 seconds
Number of updated asset objects reloaded before import = 0
Number of asset objects unloaded after import = 1
========================================================================
Received Import Request.
  Time since last request: 0.001337 seconds.
  path: Assets/Samples/XR Hands/1.4.3
  artifactKey: Guid(878cab4d674304181b747e03c2efc3aa) Importer(2089858483,0ecaa5967403d082aa24f35e1b516d23)
Start importing Assets/Samples/XR Hands/1.4.3 using Guid(878cab4d674304181b747e03c2efc3aa) Importer(2089858483,0ecaa5967403d082aa24f35e1b516d23) [PhysX] Initialized MultithreadedTaskDispatcher with 12 workers.
 -> (artifact id: '2373fe15d230f116fe06562f94a123d2') in 0.002466 seconds
Number of updated asset objects reloaded before import = 0
Number of asset objects unloaded after import = 1
========================================================================
Received Import Request.
  Time since last request: 0.000252 seconds.
  path: Assets/Oculus
  artifactKey: Guid(78cebd8c1a1ef4f52a54739eaa3f90cb) Importer(2089858483,0ecaa5967403d082aa24f35e1b516d23)
Start importing Assets/Oculus using Guid(78cebd8c1a1ef4f52a54739eaa3f90cb) Importer(2089858483,0ecaa5967403d082aa24f35e1b516d23) [PhysX] Initialized MultithreadedTaskDispatcher with 12 workers.
 -> (artifact id: 'ec5436e82c34df72604b30bdb1c98c2e') in 0.002121 seconds
Number of updated asset objects reloaded before import = 0
Number of asset objects unloaded after import = 1
========================================================================
Received Import Request.
  Time since last request: 0.000241 seconds.
  path: Assets/TextMesh Pro/Shaders/TMPro.cginc
  artifactKey: Guid(407bc68d299748449bbf7f48ee690f8d) Importer(2089858483,0ecaa5967403d082aa24f35e1b516d23)
Start importing Assets/TextMesh Pro/Shaders/TMPro.cginc using Guid(407bc68d299748449bbf7f48ee690f8d) Importer(2089858483,0ecaa5967403d082aa24f35e1b516d23) [PhysX] Initialized MultithreadedTaskDispatcher with 12 workers.
 -> (artifact id: 'bb33328ae99ab7bed4961726b5c8cc53') in 0.002406 seconds
Number of updated asset objects reloaded before import = 0
Number of asset objects unloaded after import = 1
========================================================================
Received Import Request.
  Time since last request: 0.000161 seconds.
  path: Assets/TextMesh Pro/Shaders/TMP_SDF-Mobile Overlay.shader
  artifactKey: Guid(a02a7d8c237544f1962732b55a9aebf1) Importer(2089858483,0ecaa5967403d082aa24f35e1b516d23)
Start importing Assets/TextMesh Pro/Shaders/TMP_SDF-Mobile Overlay.shader using Guid(a02a7d8c237544f1962732b55a9aebf1) Importer(2089858483,0ecaa5967403d082aa24f35e1b516d23) [PhysX] Initialized MultithreadedTaskDispatcher with 12 workers.
 -> (artifact id: '65fd669b4fddc1f275ab4eae6ff2c2a4') in 0.005992 seconds
Number of updated asset objects reloaded before import = 0
Number of asset objects unloaded after import = 1
========================================================================
Received Import Request.
  Time since last request: 0.000167 seconds.
  path: Assets/Samples/XR Hands/1.4.3/HandVisualizer/Prefabs/Joint.prefab
  artifactKey: Guid(254b742d65a15d14b9df756ae77de868) Importer(2089858483,0ecaa5967403d082aa24f35e1b516d23)
Start importing Assets/Samples/XR Hands/1.4.3/HandVisualizer/Prefabs/Joint.prefab using Guid(254b742d65a15d14b9df756ae77de868) Importer(2089858483,0ecaa5967403d082aa24f35e1b516d23) [PhysX] Initialized MultithreadedTaskDispatcher with 12 workers.
 -> (artifact id: '72862fa02ebf5083d600b7536e04a6b5') in 0.009452 seconds
Number of updated asset objects reloaded before import = 0
Number of asset objects unloaded after import = 23
========================================================================
Received Import Request.
  Time since last request: 0.000040 seconds.
  path: Assets/PlanetariumManager.cs
  artifactKey: Guid(56a8e0bc0ba604ab3b764fd08a8d6e70) Importer(2089858483,0ecaa5967403d082aa24f35e1b516d23)
Start importing Assets/PlanetariumManager.cs using Guid(56a8e0bc0ba604ab3b764fd08a8d6e70) Importer(2089858483,0ecaa5967403d082aa24f35e1b516d23) [PhysX] Initialized MultithreadedTaskDispatcher with 12 workers.
 -> (artifact id: 'd2637803040274875c8e6fc61c81818f') in 0.003267 seconds
Number of updated asset objects reloaded before import = 0
Number of asset objects unloaded after import = 1
========================================================================
Received Import Request.
  Time since last request: 0.000195 seconds.
  path: Assets/TextMesh Pro/Shaders/TMP_Bitmap-Custom-Atlas.shader
  artifactKey: Guid(48bb5f55d8670e349b6e614913f9d910) Importer(2089858483,0ecaa5967403d082aa24f35e1b516d23)
Start importing Assets/TextMesh Pro/Shaders/TMP_Bitmap-Custom-Atlas.shader using Guid(48bb5f55d8670e349b6e614913f9d910) Importer(2089858483,0ecaa5967403d082aa24f35e1b516d23) [PhysX] Initialized MultithreadedTaskDispatcher with 12 workers.
 -> (artifact id: '855e7fed7716649913a4fefb2e839b81') in 0.003433 seconds
Number of updated asset objects reloaded before import = 0
Number of asset objects unloaded after import = 1
========================================================================
Received Import Request.
  Time since last request: 0.000237 seconds.
  path: Assets/TextMesh Pro/Examples & Extras/Textures/Text Overflow - Linked Text Image 1.png
  artifactKey: Guid(4ccf43d26c4748c792174516f4a8fcef) Importer(2089858483,0ecaa5967403d082aa24f35e1b516d23)
Start importing Assets/TextMesh Pro/Examples & Extras/Textures/Text Overflow - Linked Text Image 1.png using Guid(4ccf43d26c4748c792174516f4a8fcef) Importer(2089858483,0ecaa5967403d082aa24f35e1b516d23) [PhysX] Initialized MultithreadedTaskDispatcher with 12 workers.
 -> (artifact id: '9572826c94b776bfb68c55805c33ff02') in 0.023053 seconds
Number of updated asset objects reloaded before import = 0
Number of asset objects unloaded after import = 1
========================================================================
Received Import Request.
  Time since last request: 0.000230 seconds.
  path: Assets/TextMesh Pro/Examples & Extras/Resources/Sprite Assets/Default Sprite Asset.asset
  artifactKey: Guid(fbef3c704dce48f08a44612d6c856c8d) Importer(2089858483,0ecaa5967403d082aa24f35e1b516d23)
Start importing Assets/TextMesh Pro/Examples & Extras/Resources/Sprite Assets/Default Sprite Asset.asset using Guid(fbef3c704dce48f08a44612d6c856c8d) Importer(2089858483,0ecaa5967403d082aa24f35e1b516d23) [PhysX] Initialized MultithreadedTaskDispatcher with 12 workers.
 -> (artifact id: 'e9f74701ca07686ac3e9f909e8bcd92d') in 0.007817 seconds
Number of updated asset objects reloaded before import = 0
Number of asset objects unloaded after import = 3
========================================================================
Received Import Request.
  Time since last request: 0.000140 seconds.
  path: Assets/XR/Settings/OpenXR Editor Settings.asset
  artifactKey: Guid(f85d8905380dc4bc495652a9e3457fd4) Importer(2089858483,0ecaa5967403d082aa24f35e1b516d23)
Start importing Assets/XR/Settings/OpenXR Editor Settings.asset using Guid(f85d8905380dc4bc495652a9e3457fd4) Importer(2089858483,0ecaa5967403d082aa24f35e1b516d23) [PhysX] Initialized MultithreadedTaskDispatcher with 12 workers.
 -> (artifact id: '888077f2a2de2812442336187c43c28a') in 0.006365 seconds
Number of updated asset objects reloaded before import = 0
Number of asset objects unloaded after import = 1
========================================================================
Received Import Request.
  Time since last request: 0.000169 seconds.
  path: Assets/Samples/XR Hands/1.4.3/HandVisualizer/HandVisualizer.unity
  artifactKey: Guid(ab7acf0d9677fbe4db51bc36647d4fcb) Importer(2089858483,0ecaa5967403d082aa24f35e1b516d23)
Start importing Assets/Samples/XR Hands/1.4.3/HandVisualizer/HandVisualizer.unity using Guid(ab7acf0d9677fbe4db51bc36647d4fcb) Importer(2089858483,0ecaa5967403d082aa24f35e1b516d23) [PhysX] Initialized MultithreadedTaskDispatcher with 12 workers.
 -> (artifact id: '827aff6996be8d97af45319c870b7e33') in 0.001816 seconds
Number of updated asset objects reloaded before import = 0
Number of asset objects unloaded after import = 1
========================================================================
Received Import Request.
  Time since last request: 0.000235 seconds.
  path: Assets/TextMesh Pro/Fonts
  artifactKey: Guid(6ab70aee4d56447429c680537fbf93ed) Importer(2089858483,0ecaa5967403d082aa24f35e1b516d23)
Start importing Assets/TextMesh Pro/Fonts using Guid(6ab70aee4d56447429c680537fbf93ed) Importer(2089858483,0ecaa5967403d082aa24f35e1b516d23) [PhysX] Initialized MultithreadedTaskDispatcher with 12 workers.
 -> (artifact id: '17f3882c4d524d22ae0e3ca3b66cff6a') in 0.001927 seconds
Number of updated asset objects reloaded before import = 0
Number of asset objects unloaded after import = 1
========================================================================
Received Import Request.
  Time since last request: 0.000333 seconds.
  path: Assets/Samples
  artifactKey: Guid(d56c7449b2baf4d9aa6b3d3fd45d6fe7) Importer(2089858483,0ecaa5967403d082aa24f35e1b516d23)
Start importing Assets/Samples using Guid(d56c7449b2baf4d9aa6b3d3fd45d6fe7) Importer(2089858483,0ecaa5967403d082aa24f35e1b516d23) [PhysX] Initialized MultithreadedTaskDispatcher with 12 workers.
 -> (artifact id: '4bf0baf3616cfe63bf0d8be8eea521bd') in 0.001852 seconds
Number of updated asset objects reloaded before import = 0
Number of asset objects unloaded after import = 1
========================================================================
Received Import Request.
  Time since last request: 0.000233 seconds.
  path: Assets/Scenes/SampleScene.unity
  artifactKey: Guid(9fc0d4010bbf28b4594072e72b8655ab) Importer(2089858483,0ecaa5967403d082aa24f35e1b516d23)
Start importing Assets/Scenes/SampleScene.unity using Guid(9fc0d4010bbf28b4594072e72b8655ab) Importer(2089858483,0ecaa5967403d082aa24f35e1b516d23) [PhysX] Initialized MultithreadedTaskDispatcher with 12 workers.
 -> (artifact id: '59fa09ef023cd0abcd03554e0ac8b849') in 0.002033 seconds
Number of updated asset objects reloaded before import = 0
Number of asset objects unloaded after import = 1
========================================================================
Received Import Request.
  Time since last request: 0.000379 seconds.
  path: Assets/StarMaterial.mat
  artifactKey: Guid(639d1923ac5624526b8a1bb5aab07846) Importer(2089858483,0ecaa5967403d082aa24f35e1b516d23)
Start importing Assets/StarMaterial.mat using Guid(639d1923ac5624526b8a1bb5aab07846) Importer(2089858483,0ecaa5967403d082aa24f35e1b516d23) [PhysX] Initialized MultithreadedTaskDispatcher with 12 workers.
 -> (artifact id: '5fb81f7b3c340eca7615c14e52f216d6') in 0.003918 seconds
Number of updated asset objects reloaded before import = 0
Number of asset objects unloaded after import = 1
========================================================================
Received Import Request.
  Time since last request: 0.000293 seconds.
  path: Assets/Sphere.prefab
  artifactKey: Guid(ece626de51e8444f38e49dc5ce3f3d9f) Importer(2089858483,0ecaa5967403d082aa24f35e1b516d23)
Start importing Assets/Sphere.prefab using Guid(ece626de51e8444f38e49dc5ce3f3d9f) Importer(2089858483,0ecaa5967403d082aa24f35e1b516d23) [PhysX] Initialized MultithreadedTaskDispatcher with 12 workers.
 -> (artifact id: 'f764466b95e187a9122476c353016453') in 0.005056 seconds
Number of updated asset objects reloaded before import = 0
Number of asset objects unloaded after import = 7
========================================================================
Received Import Request.
  Time since last request: 0.000187 seconds.
  path: Assets/TextMesh Pro/Shaders/TMP_Sprite.shader
  artifactKey: Guid(cf81c85f95fe47e1a27f6ae460cf182c) Importer(2089858483,0ecaa5967403d082aa24f35e1b516d23)
Start importing Assets/TextMesh Pro/Shaders/TMP_Sprite.shader using Guid(cf81c85f95fe47e1a27f6ae460cf182c) Importer(2089858483,0ecaa5967403d082aa24f35e1b516d23) [PhysX] Initialized MultithreadedTaskDispatcher with 12 workers.
 -> (artifact id: 'd91cc2cea8e5e3348bd3e947e9f80364') in 0.003647 seconds
Number of updated asset objects reloaded before import = 0
Number of asset objects unloaded after import = 1
========================================================================
Received Import Request.
  Time since last request: 0.000135 seconds.
  path: Assets/Resources/OVRPlatformToolSettings.asset
  artifactKey: Guid(f44dc3f52be90407bb05e0ecffe0341d) Importer(2089858483,0ecaa5967403d082aa24f35e1b516d23)
Start importing Assets/Resources/OVRPlatformToolSettings.asset using Guid(f44dc3f52be90407bb05e0ecffe0341d) Importer(2089858483,0ecaa5967403d082aa24f35e1b516d23) [PhysX] Initialized MultithreadedTaskDispatcher with 12 workers.
 -> (artifact id: '6a5d933477d7d60a04f6e155f24acf01') in 0.014956 seconds
Number of updated asset objects reloaded before import = 0
Number of asset objects unloaded after import = 1
========================================================================
Received Import Request.
  Time since last request: 0.000043 seconds.
  path: Assets/TextMesh Pro/Sprites/EmojiOne Attribution.txt
  artifactKey: Guid(381dcb09d5029d14897e55f98031fca5) Importer(2089858483,0ecaa5967403d082aa24f35e1b516d23)
Start importing Assets/TextMesh Pro/Sprites/EmojiOne Attribution.txt using Guid(381dcb09d5029d14897e55f98031fca5) Importer(2089858483,0ecaa5967403d082aa24f35e1b516d23) [PhysX] Initialized MultithreadedTaskDispatcher with 12 workers.
 -> (artifact id: '73c004f09d704cc7599b34abdd198b46') in 0.002243 seconds
Number of updated asset objects reloaded before import = 0
Number of asset objects unloaded after import = 1
========================================================================
Received Import Request.
  Time since last request: 0.000324 seconds.
  path: Assets/TextMesh Pro/Shaders/TMP_SDF-Mobile Masking.shader
  artifactKey: Guid(bc1ede39bf3643ee8e493720e4259791) Importer(2089858483,0ecaa5967403d082aa24f35e1b516d23)
Start importing Assets/TextMesh Pro/Shaders/TMP_SDF-Mobile Masking.shader using Guid(bc1ede39bf3643ee8e493720e4259791) Importer(2089858483,0ecaa5967403d082aa24f35e1b516d23) [PhysX] Initialized MultithreadedTaskDispatcher with 12 workers.
 -> (artifact id: '5ddf1414a6202883aa95282aaccc2995') in 0.004178 seconds
Number of updated asset objects reloaded before import = 0
Number of asset objects unloaded after import = 1
========================================================================
Received Import Request.
  Time since last request: 0.000356 seconds.
  path: Assets/TextMesh Pro/Resources/Style Sheets
  artifactKey: Guid(4aecb92fff08436c8303b10eab8da368) Importer(2089858483,0ecaa5967403d082aa24f35e1b516d23)
Start importing Assets/TextMesh Pro/Resources/Style Sheets using Guid(4aecb92fff08436c8303b10eab8da368) Importer(2089858483,0ecaa5967403d082aa24f35e1b516d23) [PhysX] Initialized MultithreadedTaskDispatcher with 12 workers.
 -> (artifact id: 'f7936c6e64f977bbf7b48ee7d0ffcc43') in 0.001617 seconds
Number of updated asset objects reloaded before import = 0
Number of asset objects unloaded after import = 1
========================================================================
Received Import Request.
  Time since last request: 0.000106 seconds.
  path: Assets/TextMesh Pro/Shaders/TMPro_Surface.cginc
  artifactKey: Guid(d930090c0cd643c7b55f19a38538c162) Importer(2089858483,0ecaa5967403d082aa24f35e1b516d23)
Start importing Assets/TextMesh Pro/Shaders/TMPro_Surface.cginc using Guid(d930090c0cd643c7b55f19a38538c162) Importer(2089858483,0ecaa5967403d082aa24f35e1b516d23) [PhysX] Initialized MultithreadedTaskDispatcher with 12 workers.
 -> (artifact id: 'f6926d4d9d9c5ceb79e8dc96b0fa82e8') in 0.002533 seconds
Number of updated asset objects reloaded before import = 0
Number of asset objects unloaded after import = 1
========================================================================
Received Import Request.
  Time since last request: 0.000176 seconds.
  path: Assets/TextMesh Pro/Fonts/LiberationSans.ttf
  artifactKey: Guid(e3265ab4bf004d28a9537516768c1c75) Importer(2089858483,0ecaa5967403d082aa24f35e1b516d23)
Start importing Assets/TextMesh Pro/Fonts/LiberationSans.ttf using Guid(e3265ab4bf004d28a9537516768c1c75) Importer(2089858483,0ecaa5967403d082aa24f35e1b516d23) [PhysX] Initialized MultithreadedTaskDispatcher with 12 workers.
 -> (artifact id: 'd51787208bf6ebfda908aaf53ebebdf8') in 0.009138 seconds
Number of updated asset objects reloaded before import = 0
Number of asset objects unloaded after import = 3
========================================================================
Received Import Request.
  Time since last request: 0.000189 seconds.
  path: Assets/TextMesh Pro/Examples & Extras/Scenes/23 - Animating Vertex Attributes.unity
  artifactKey: Guid(54e994244b4b467e8583cf2da6dcc716) Importer(2089858483,0ecaa5967403d082aa24f35e1b516d23)
Start importing Assets/TextMesh Pro/Examples & Extras/Scenes/23 - Animating Vertex Attributes.unity using Guid(54e994244b4b467e8583cf2da6dcc716) Importer(2089858483,0ecaa5967403d082aa24f35e1b516d23) [PhysX] Initialized MultithreadedTaskDispatcher with 12 workers.
 -> (artifact id: '5e38259574746718e25445b7ea10151f') in 0.005524 seconds
Number of updated asset objects reloaded before import = 0
Number of asset objects unloaded after import = 1
========================================================================
Received Import Request.
  Time since last request: 0.000060 seconds.
  path: Assets/TextMesh Pro/Shaders/TMP_SDF Overlay.shader
  artifactKey: Guid(dd89cf5b9246416f84610a006f916af7) Importer(2089858483,0ecaa5967403d082aa24f35e1b516d23)
Start importing Assets/TextMesh Pro/Shaders/TMP_SDF Overlay.shader using Guid(dd89cf5b9246416f84610a006f916af7) Importer(2089858483,0ecaa5967403d082aa24f35e1b516d23) [PhysX] Initialized MultithreadedTaskDispatcher with 12 workers.
 -> (artifact id: '42e5fcec0260a64578136007170c14c9') in 0.003458 seconds
Number of updated asset objects reloaded before import = 0
Number of asset objects unloaded after import = 1
========================================================================
Received Import Request.
  Time since last request: 0.000123 seconds.
  path: Assets/TextMesh Pro/Shaders/TMP_SDF-Mobile.shader
  artifactKey: Guid(fe393ace9b354375a9cb14cdbbc28be4) Importer(2089858483,0ecaa5967403d082aa24f35e1b516d23)
Start importing Assets/TextMesh Pro/Shaders/TMP_SDF-Mobile.shader using Guid(fe393ace9b354375a9cb14cdbbc28be4) Importer(2089858483,0ecaa5967403d082aa24f35e1b516d23) [PhysX] Initialized MultithreadedTaskDispatcher with 12 workers.
 -> (artifact id: '81736fc1a897f5908700c2f2b5197a29') in 0.003147 seconds
Number of updated asset objects reloaded before import = 0
Number of asset objects unloaded after import = 1
========================================================================
Received Import Request.
  Time since last request: 0.000042 seconds.
  path: Assets/Samples/XR Hands/1.4.3/HandVisualizer/Materials/HandsDefaultMaterial.mat
  artifactKey: Guid(613690cd962241049a0ec289a6ff835e) Importer(2089858483,0ecaa5967403d082aa24f35e1b516d23)
Start importing Assets/Samples/XR Hands/1.4.3/HandVisualizer/Materials/HandsDefaultMaterial.mat using Guid(613690cd962241049a0ec289a6ff835e) Importer(2089858483,0ecaa5967403d082aa24f35e1b516d23) [PhysX] Initialized MultithreadedTaskDispatcher with 12 workers.
 -> (artifact id: '8f65cff4a4e941a2f056ce5431037ec5') in 0.007152 seconds
Number of updated asset objects reloaded before import = 0
Number of asset objects unloaded after import = 1
========================================================================
Received Import Request.
  Time since last request: 0.000053 seconds.
  path: Assets/TextMesh Pro/Examples & Extras/Sprites/Default Sprites.png
  artifactKey: Guid(a0fc465d6cf04254a2938578735e2383) Importer(2089858483,0ecaa5967403d082aa24f35e1b516d23)
Start importing Assets/TextMesh Pro/Examples & Extras/Sprites/Default Sprites.png using Guid(a0fc465d6cf04254a2938578735e2383) Importer(2089858483,0ecaa5967403d082aa24f35e1b516d23) [PhysX] Initialized MultithreadedTaskDispatcher with 12 workers.
 -> (artifact id: '9c89f1fd69984a909f5dd10640527159') in 0.008087 seconds
Number of updated asset objects reloaded before import = 0
Number of asset objects unloaded after import = 1
========================================================================
Received Import Request.
  Time since last request: 0.000197 seconds.
  path: Assets/TextMesh Pro/Examples & Extras/Resources/Sprite Assets
  artifactKey: Guid(3ac6db30e75b49b282a3564110579f27) Importer(2089858483,0ecaa5967403d082aa24f35e1b516d23)
Start importing Assets/TextMesh Pro/Examples & Extras/Resources/Sprite Assets using Guid(3ac6db30e75b49b282a3564110579f27) Importer(2089858483,0ecaa5967403d082aa24f35e1b516d23) [PhysX] Initialized MultithreadedTaskDispatcher with 12 workers.
 -> (artifact id: '7b6057ea22830705547a0feed75bab8b') in 0.002394 seconds
Number of updated asset objects reloaded before import = 0
Number of asset objects unloaded after import = 1
========================================================================
Received Import Request.
  Time since last request: 0.000439 seconds.
  path: Assets/Samples/XR Hands/1.4.3/HandVisualizer/Materials/White.mat
  artifactKey: Guid(c3474c208278e814cb8d1c29aa806e81) Importer(2089858483,0ecaa5967403d082aa24f35e1b516d23)
Start importing Assets/Samples/XR Hands/1.4.3/HandVisualizer/Materials/White.mat using Guid(c3474c208278e814cb8d1c29aa806e81) Importer(2089858483,0ecaa5967403d082aa24f35e1b516d23) [PhysX] Initialized MultithreadedTaskDispatcher with 12 workers.
 -> (artifact id: '9cdbeb6bf741dd7bb77f0db183f5f6ad') in 0.003830 seconds
Number of updated asset objects reloaded before import = 0
Number of asset objects unloaded after import = 1
========================================================================
Received Import Request.
  Time since last request: 0.000142 seconds.
  path: Assets/Samples/XR Hands/1.4.3/HandVisualizer/Scripts/HandProcessor.cs
  artifactKey: Guid(ac5903b776721d74786a2e43f00b949a) Importer(2089858483,0ecaa5967403d082aa24f35e1b516d23)
Start importing Assets/Samples/XR Hands/1.4.3/HandVisualizer/Scripts/HandProcessor.cs using Guid(ac5903b776721d74786a2e43f00b949a) Importer(2089858483,0ecaa5967403d082aa24f35e1b516d23) [PhysX] Initialized MultithreadedTaskDispatcher with 12 workers.
 -> (artifact id: '62957fedde2da5dec00fa03fe7f91cf7') in 0.003355 seconds
Number of updated asset objects reloaded before import = 0
Number of asset objects unloaded after import = 1
========================================================================
Received Import Request.
  Time since last request: 0.000265 seconds.
  path: Assets/TextMesh Pro/Resources/LineBreaking Following Characters.txt
  artifactKey: Guid(fade42e8bc714b018fac513c043d323b) Importer(2089858483,0ecaa5967403d082aa24f35e1b516d23)
Start importing Assets/TextMesh Pro/Resources/LineBreaking Following Characters.txt using Guid(fade42e8bc714b018fac513c043d323b) Importer(2089858483,0ecaa5967403d082aa24f35e1b516d23) [PhysX] Initialized MultithreadedTaskDispatcher with 12 workers.
 -> (artifact id: '6b7862dd9f1d2c29d306032572363551') in 0.002438 seconds
Number of updated asset objects reloaded before import = 0
Number of asset objects unloaded after import = 1
========================================================================
Received Import Request.
  Time since last request: 0.000417 seconds.
  path: Assets/TextMesh Pro/Shaders/TMP_SDF SSD.shader
  artifactKey: Guid(14eb328de4b8eb245bb7cea29e4ac00b) Importer(2089858483,0ecaa5967403d082aa24f35e1b516d23)
Start importing Assets/TextMesh Pro/Shaders/TMP_SDF SSD.shader using Guid(14eb328de4b8eb245bb7cea29e4ac00b) Importer(2089858483,0ecaa5967403d082aa24f35e1b516d23) [PhysX] Initialized MultithreadedTaskDispatcher with 12 workers.
 -> (artifact id: '2a4b93635f10fff6598daf288ffbdb2f') in 0.004655 seconds
Number of updated asset objects reloaded before import = 0
Number of asset objects unloaded after import = 1
========================================================================
Received Import Request.
  Time since last request: 0.000044 seconds.
  path: Assets/TextMesh Pro/Examples & Extras/Scenes/25 - Sunny Days Example.unity
  artifactKey: Guid(f9b4c22e15cff344ba9fc6542a58dd07) Importer(2089858483,0ecaa5967403d082aa24f35e1b516d23)
Start importing Assets/TextMesh Pro/Examples & Extras/Scenes/25 - Sunny Days Example.unity using Guid(f9b4c22e15cff344ba9fc6542a58dd07) Importer(2089858483,0ecaa5967403d082aa24f35e1b516d23) [PhysX] Initialized MultithreadedTaskDispatcher with 12 workers.
 -> (artifact id: '63bf6234b67fdea7d81b1334a269e18d') in 0.003216 seconds
Number of updated asset objects reloaded before import = 0
Number of asset objects unloaded after import = 1
========================================================================
Received Import Request.
  Time since last request: 0.000076 seconds.
  path: Assets/TextMesh Pro/Resources/Fonts & Materials/LiberationSans SDF - Fallback.asset
  artifactKey: Guid(2e498d1c8094910479dc3e1b768306a4) Importer(2089858483,0ecaa5967403d082aa24f35e1b516d23)
Start importing Assets/TextMesh Pro/Resources/Fonts & Materials/LiberationSans SDF - Fallback.asset using Guid(2e498d1c8094910479dc3e1b768306a4) Importer(2089858483,0ecaa5967403d082aa24f35e1b516d23) [PhysX] Initialized MultithreadedTaskDispatcher with 12 workers.
 -> (artifact id: '30d9859543731d41fa9645ad8434fc76') in 0.019586 seconds
Number of updated asset objects reloaded before import = 0
Number of asset objects unloaded after import = 5
========================================================================
Received Import Request.
  Time since last request: 0.000160 seconds.
  path: Assets/Samples/XR Hands/1.4.3/HandVisualizer/Prefabs/VelocityPrefab.prefab
  artifactKey: Guid(629fd7882ec6bfc499a5fcf20035282b) Importer(2089858483,0ecaa5967403d082aa24f35e1b516d23)
Start importing Assets/Samples/XR Hands/1.4.3/HandVisualizer/Prefabs/VelocityPrefab.prefab using Guid(629fd7882ec6bfc499a5fcf20035282b) Importer(2089858483,0ecaa5967403d082aa24f35e1b516d23) [PhysX] Initialized MultithreadedTaskDispatcher with 12 workers.
 -> (artifact id: 'a76aa6317e84a12cc250b2ae51e79478') in 0.004115 seconds
Number of updated asset objects reloaded before import = 0
Number of asset objects unloaded after import = 5
========================================================================
Received Import Request.
  Time since last request: 0.000174 seconds.
  path: Assets/Samples/XR Hands/1.4.3/HandVisualizer/Prefabs/Right Hand Tracking.prefab
  artifactKey: Guid(3f7511fbc40ae7a4b89c3298a3de199d) Importer(2089858483,0ecaa5967403d082aa24f35e1b516d23)
Start importing Assets/Samples/XR Hands/1.4.3/HandVisualizer/Prefabs/Right Hand Tracking.prefab using Guid(3f7511fbc40ae7a4b89c3298a3de199d) Importer(2089858483,0ecaa5967403d082aa24f35e1b516d23) [PhysX] Initialized MultithreadedTaskDispatcher with 12 workers.
 -> (artifact id: '82073c6ae091c9790427073ee9d82508') in 0.023608 seconds
Number of updated asset objects reloaded before import = 0
Number of asset objects unloaded after import = 122
========================================================================
Received Import Request.
  Time since last request: 0.000056 seconds.
  path: Assets/TextMesh Pro/Shaders/TMP_Bitmap-Mobile.shader
  artifactKey: Guid(1e3b057af24249748ff873be7fafee47) Importer(2089858483,0ecaa5967403d082aa24f35e1b516d23)
Start importing Assets/TextMesh Pro/Shaders/TMP_Bitmap-Mobile.shader using Guid(1e3b057af24249748ff873be7fafee47) Importer(2089858483,0ecaa5967403d082aa24f35e1b516d23) [PhysX] Initialized MultithreadedTaskDispatcher with 12 workers.
 -> (artifact id: '8f9d3304f32edab537294487d8caf62a') in 0.006133 seconds
Number of updated asset objects reloaded before import = 0
Number of asset objects unloaded after import = 1
========================================================================
Received Import Request.
  Time since last request: 0.000404 seconds.
  path: Assets/TextMesh Pro/Shaders
  artifactKey: Guid(e9f693669af91aa45ad615fc681ed29f) Importer(2089858483,0ecaa5967403d082aa24f35e1b516d23)
Start importing Assets/TextMesh Pro/Shaders using Guid(e9f693669af91aa45ad615fc681ed29f) Importer(2089858483,0ecaa5967403d082aa24f35e1b516d23) [PhysX] Initialized MultithreadedTaskDispatcher with 12 workers.
 -> (artifact id: '49aa5c9f70cd3f81b0e95111ad37eb7a') in 0.001875 seconds
Number of updated asset objects reloaded before import = 0
Number of asset objects unloaded after import = 1
========================================================================
Received Import Request.
  Time since last request: 0.000896 seconds.
  path: Assets/AstroMath.cs
  artifactKey: Guid(26d206e643527480fa01c9498848a45e) Importer(2089858483,0ecaa5967403d082aa24f35e1b516d23)
Start importing Assets/AstroMath.cs using Guid(26d206e643527480fa01c9498848a45e) Importer(2089858483,0ecaa5967403d082aa24f35e1b516d23) [PhysX] Initialized MultithreadedTaskDispatcher with 12 workers.
 -> (artifact id: '056d2cf092815e40338d052ca60b1409') in 0.002580 seconds
Number of updated asset objects reloaded before import = 0
Number of asset objects unloaded after import = 1
========================================================================
Received Import Request.
  Time since last request: 0.000074 seconds.
  path: Assets/Samples/XR Hands/1.4.3/HandVisualizer/Scripts/HandVisualizer.cs
  artifactKey: Guid(2e9813c68d7d6f44282ace8bd2d1fd46) Importer(2089858483,0ecaa5967403d082aa24f35e1b516d23)
Start importing Assets/Samples/XR Hands/1.4.3/HandVisualizer/Scripts/HandVisualizer.cs using Guid(2e9813c68d7d6f44282ace8bd2d1fd46) Importer(2089858483,0ecaa5967403d082aa24f35e1b516d23) [PhysX] Initialized MultithreadedTaskDispatcher with 12 workers.
 -> (artifact id: 'f87914686882668aa044d54db3fd2f22') in 0.006272 seconds
Number of updated asset objects reloaded before import = 0
Number of asset objects unloaded after import = 1
========================================================================
Received Import Request.
  Time since last request: 0.000258 seconds.
  path: Assets/MaterialMaini.mat
  artifactKey: Guid(c91d9146a0089443c9180bf1a9c6ceab) Importer(2089858483,0ecaa5967403d082aa24f35e1b516d23)
Start importing Assets/MaterialMaini.mat using Guid(c91d9146a0089443c9180bf1a9c6ceab) Importer(2089858483,0ecaa5967403d082aa24f35e1b516d23) [PhysX] Initialized MultithreadedTaskDispatcher with 12 workers.
 -> (artifact id: '7c20b240ea9b58c6362fe2899b60cc06') in 0.003718 seconds
Number of updated asset objects reloaded before import = 0
Number of asset objects unloaded after import = 1
========================================================================
Received Import Request.
  Time since last request: 0.000505 seconds.
  path: Assets/TextMesh Pro/Shaders/TMP_SDF-Surface.shader
  artifactKey: Guid(f7ada0af4f174f0694ca6a487b8f543d) Importer(2089858483,0ecaa5967403d082aa24f35e1b516d23)
Start importing Assets/TextMesh Pro/Shaders/TMP_SDF-Surface.shader using Guid(f7ada0af4f174f0694ca6a487b8f543d) Importer(2089858483,0ecaa5967403d082aa24f35e1b516d23) [PhysX] Initialized MultithreadedTaskDispatcher with 12 workers.
 -> (artifact id: '792703b4fab1149beff78bba49874552') in 0.003560 seconds
Number of updated asset objects reloaded before import = 0
Number of asset objects unloaded after import = 1
========================================================================
Received Import Request.
  Time since last request: 0.001239 seconds.
  path: Assets/Samples/XR Hands/1.4.3/HandVisualizer/Models/LeftHand.fbx
  artifactKey: Guid(bf7151579c38e2a44be94ba8773876c1) Importer(2089858483,0ecaa5967403d082aa24f35e1b516d23)
Start importing Assets/Samples/XR Hands/1.4.3/HandVisualizer/Models/LeftHand.fbx using Guid(bf7151579c38e2a44be94ba8773876c1) Importer(2089858483,0ecaa5967403d082aa24f35e1b516d23) [PhysX] Initialized MultithreadedTaskDispatcher with 12 workers.
 -> (artifact id: 'c75aa16f72dd4cfef7c7a36e1db0f28f') in 0.021377 seconds
Number of updated asset objects reloaded before import = 0
Number of asset objects unloaded after import = 60
========================================================================
Received Import Request.
  Time since last request: 0.000288 seconds.
  path: Assets/Resources/OculusRuntimeSettings.asset
  artifactKey: Guid(cda7452d633174f949bd0b2d938d5df3) Importer(2089858483,0ecaa5967403d082aa24f35e1b516d23)
Start importing Assets/Resources/OculusRuntimeSettings.asset using Guid(cda7452d633174f949bd0b2d938d5df3) Importer(2089858483,0ecaa5967403d082aa24f35e1b516d23) [PhysX] Initialized MultithreadedTaskDispatcher with 12 workers.
 -> (artifact id: 'ed43c0558a0c78f0fc9ecead4e416b5b') in 0.015735 seconds
Number of updated asset objects reloaded before import = 0
Number of asset objects unloaded after import = 1
========================================================================
Received Import Request.
  Time since last request: 0.000063 seconds.
  path: Assets/StarTwinkle.cs
  artifactKey: Guid(ad8fc2317c5a64613b96f268ba05b959) Importer(2089858483,0ecaa5967403d082aa24f35e1b516d23)
Start importing Assets/StarTwinkle.cs using Guid(ad8fc2317c5a64613b96f268ba05b959) Importer(2089858483,0ecaa5967403d082aa24f35e1b516d23) [PhysX] Initialized MultithreadedTaskDispatcher with 12 workers.
 -> (artifact id: 'caf188c361c2271c61c6fde15fe35093') in 0.003340 seconds
Number of updated asset objects reloaded before import = 0
Number of asset objects unloaded after import = 1
========================================================================
Received Import Request.
  Time since last request: 0.000041 seconds.
  path: Assets/Samples/XR Hands/1.4.3/HandVisualizer/Materials/Blue.mat
  artifactKey: Guid(7b26add94f09dc44fb811013f007a3aa) Importer(2089858483,0ecaa5967403d082aa24f35e1b516d23)
Start importing Assets/Samples/XR Hands/1.4.3/HandVisualizer/Materials/Blue.mat using Guid(7b26add94f09dc44fb811013f007a3aa) Importer(2089858483,0ecaa5967403d082aa24f35e1b516d23) [PhysX] Initialized MultithreadedTaskDispatcher with 12 workers.
 -> (artifact id: '320a12bb3901be652eac6bb8445d18c7') in 0.004122 seconds
Number of updated asset objects reloaded before import = 0
Number of asset objects unloaded after import = 1
========================================================================
Received Import Request.
  Time since last request: 0.071062 seconds.
  path: Assets/TextMesh Pro/Examples & Extras/Scenes/26 - Dropdown Placeholder Example.unity
  artifactKey: Guid(0851605490a599b46b6ac5cb681d93ea) Importer(2089858483,0ecaa5967403d082aa24f35e1b516d23)
Start importing Assets/TextMesh Pro/Examples & Extras/Scenes/26 - Dropdown Placeholder Example.unity using Guid(0851605490a599b46b6ac5cb681d93ea) Importer(2089858483,0ecaa5967403d082aa24f35e1b516d23) [PhysX] Initialized MultithreadedTaskDispatcher with 12 workers.
 -> (artifact id: '753dea2e703b4adf27aabfded4761bf0') in 0.002250 seconds
Number of updated asset objects reloaded before import = 0
Number of asset objects unloaded after import = 1
========================================================================
Received Import Request.
  Time since last request: 0.000077 seconds.
  path: Assets/TextMesh Pro/Examples & Extras/Materials/Small Crate_diffuse.mat
  artifactKey: Guid(22262639920f43d6be32430e4e58350d) Importer(2089858483,0ecaa5967403d082aa24f35e1b516d23)
Start importing Assets/TextMesh Pro/Examples & Extras/Materials/Small Crate_diffuse.mat using Guid(22262639920f43d6be32430e4e58350d) Importer(2089858483,0ecaa5967403d082aa24f35e1b516d23) [PhysX] Initialized MultithreadedTaskDispatcher with 12 workers.
 -> (artifact id: 'cff79807cf99676fa260691c78175f44') in 0.003570 seconds
Number of updated asset objects reloaded before import = 0
Number of asset objects unloaded after import = 3
========================================================================
Received Import Request.
  Time since last request: 0.000027 seconds.
  path: Assets/TextMesh Pro/Examples & Extras/Fonts/Oswald-Bold.ttf
  artifactKey: Guid(c9f6d0e7bc8541498c9a4799ba184ede) Importer(2089858483,0ecaa5967403d082aa24f35e1b516d23)
Start importing Assets/TextMesh Pro/Examples & Extras/Fonts/Oswald-Bold.ttf using Guid(c9f6d0e7bc8541498c9a4799ba184ede) Importer(2089858483,0ecaa5967403d082aa24f35e1b516d23) [PhysX] Initialized MultithreadedTaskDispatcher with 12 workers.
 -> (artifact id: '66e557214abe42b3817bb66db11dd407') in 0.004257 seconds
Number of updated asset objects reloaded before import = 0
Number of asset objects unloaded after import = 3
========================================================================
Received Import Request.
  Time since last request: 0.000135 seconds.
  path: Assets/TextMesh Pro/Examples & Extras/Scenes/12a - Text Interactions.unity
  artifactKey: Guid(08572ab7713642c8a60789750f0bce5c) Importer(2089858483,0ecaa5967403d082aa24f35e1b516d23)
Start importing Assets/TextMesh Pro/Examples & Extras/Scenes/12a - Text Interactions.unity using Guid(08572ab7713642c8a60789750f0bce5c) Importer(2089858483,0ecaa5967403d082aa24f35e1b516d23) [PhysX] Initialized MultithreadedTaskDispatcher with 12 workers.
 -> (artifact id: 'e2e541e161f369492b18231174d02e37') in 0.001837 seconds
Number of updated asset objects reloaded before import = 0
Number of asset objects unloaded after import = 1
========================================================================
Received Import Request.
  Time since last request: 0.000173 seconds.
  path: Assets/TextMesh Pro/Examples & Extras/Scenes
  artifactKey: Guid(db1090641b3241f6995b587eb21637bc) Importer(2089858483,0ecaa5967403d082aa24f35e1b516d23)
Start importing Assets/TextMesh Pro/Examples & Extras/Scenes using Guid(db1090641b3241f6995b587eb21637bc) Importer(2089858483,0ecaa5967403d082aa24f35e1b516d23) [PhysX] Initialized MultithreadedTaskDispatcher with 12 workers.
 -> (artifact id: 'b67e06f823f778b1532896338fddecd6') in 0.001542 seconds
Number of updated asset objects reloaded before import = 0
Number of asset objects unloaded after import = 1
========================================================================
Received Import Request.
  Time since last request: 0.000100 seconds.
  path: Assets/TextMesh Pro/Examples & Extras/Prefabs/TextMeshPro - Prefab 1.prefab
  artifactKey: Guid(a6e39ced0ea046bcb636c3f0b2e2a745) Importer(2089858483,0ecaa5967403d082aa24f35e1b516d23)
Start importing Assets/TextMesh Pro/Examples & Extras/Prefabs/TextMeshPro - Prefab 1.prefab using Guid(a6e39ced0ea046bcb636c3f0b2e2a745) Importer(2089858483,0ecaa5967403d082aa24f35e1b516d23) [PhysX] Initialized MultithreadedTaskDispatcher with 12 workers.
 -> (artifact id: 'da8be806f6da4662b59e2950e6af26ca') in 0.050856 seconds
Number of updated asset objects reloaded before import = 0
Number of asset objects unloaded after import = 16
========================================================================
Received Import Request.
  Time since last request: 0.000035 seconds.
  path: Assets/TextMesh Pro/Examples & Extras/Scenes/12 - Link Example.unity
  artifactKey: Guid(9747140c28254be2adc582210dfb89b8) Importer(2089858483,0ecaa5967403d082aa24f35e1b516d23)
Start importing Assets/TextMesh Pro/Examples & Extras/Scenes/12 - Link Example.unity using Guid(9747140c28254be2adc582210dfb89b8) Importer(2089858483,0ecaa5967403d082aa24f35e1b516d23) [PhysX] Initialized MultithreadedTaskDispatcher with 12 workers.
 -> (artifact id: '3d1979899e7bf028e756f97573492395') in 0.001823 seconds
Number of updated asset objects reloaded before import = 0
Number of asset objects unloaded after import = 1
========================================================================
Received Import Request.
  Time since last request: 0.000104 seconds.
  path: Assets/TextMesh Pro/Examples & Extras/Textures/Wipe Pattern - Diagonal.psd
  artifactKey: Guid(ed5290d8df18488780e2996b9b882f01) Importer(2089858483,0ecaa5967403d082aa24f35e1b516d23)
Start importing Assets/TextMesh Pro/Examples & Extras/Textures/Wipe Pattern - Diagonal.psd using Guid(ed5290d8df18488780e2996b9b882f01) Importer(2089858483,0ecaa5967403d082aa24f35e1b516d23) [PhysX] Initialized MultithreadedTaskDispatcher with 12 workers.
 -> (artifact id: '9331d033151a2896c1d84d3e99256290') in 0.005142 seconds
Number of updated asset objects reloaded before import = 0
Number of asset objects unloaded after import = 1
========================================================================
Received Import Request.
  Time since last request: 0.000150 seconds.
  path: Assets/TextMesh Pro/Examples & Extras/Fonts/Electronic Highway Sign.TTF
  artifactKey: Guid(8a2b9e2a607dd2143b58c44bc32410b4) Importer(2089858483,0ecaa5967403d082aa24f35e1b516d23)
Start importing Assets/TextMesh Pro/Examples & Extras/Fonts/Electronic Highway Sign.TTF using Guid(8a2b9e2a607dd2143b58c44bc32410b4) Importer(2089858483,0ecaa5967403d082aa24f35e1b516d23) [PhysX] Initialized MultithreadedTaskDispatcher with 12 workers.
 -> (artifact id: '7cb67ce71fc819476829bb6fd658cc80') in 0.005117 seconds
Number of updated asset objects reloaded before import = 0
Number of asset objects unloaded after import = 3
========================================================================
Received Import Request.
  Time since last request: 0.000067 seconds.
  path: Assets/TextMesh Pro/Examples & Extras/Materials/Ground - Surface Shader Scene.mat
  artifactKey: Guid(aadd5a709a48466c887296bb5b1b8110) Importer(2089858483,0ecaa5967403d082aa24f35e1b516d23)
Start importing Assets/TextMesh Pro/Examples & Extras/Materials/Ground - Surface Shader Scene.mat using Guid(aadd5a709a48466c887296bb5b1b8110) Importer(2089858483,0ecaa5967403d082aa24f35e1b516d23) [PhysX] Initialized MultithreadedTaskDispatcher with 12 workers.
 -> (artifact id: '08c9925c32159de440b2db918cda7c7b') in 0.004063 seconds
Number of updated asset objects reloaded before import = 0
Number of asset objects unloaded after import = 2
========================================================================
Received Import Request.
  Time since last request: 0.000063 seconds.
  path: Assets/TextMesh Pro/Examples & Extras/Textures/Floor Tiles 1 - diffuse.jpg
  artifactKey: Guid(85ac55597b97403c82fc6601a93cf241) Importer(2089858483,0ecaa5967403d082aa24f35e1b516d23)
Start importing Assets/TextMesh Pro/Examples & Extras/Textures/Floor Tiles 1 - diffuse.jpg using Guid(85ac55597b97403c82fc6601a93cf241) Importer(2089858483,0ecaa5967403d082aa24f35e1b516d23) [PhysX] Initialized MultithreadedTaskDispatcher with 12 workers.
 -> (artifact id: 'bad8e0111cadc3bb17651f7458be19bd') in 0.005287 seconds
Number of updated asset objects reloaded before import = 0
Number of asset objects unloaded after import = 1
========================================================================
Received Import Request.
  Time since last request: 0.000561 seconds.
  path: Assets/TextMesh Pro/Examples & Extras/Scripts/TMP_TextEventCheck.cs
  artifactKey: Guid(d736ce056cf444ca96e424f4d9c42b76) Importer(2089858483,0ecaa5967403d082aa24f35e1b516d23)
Start importing Assets/TextMesh Pro/Examples & Extras/Scripts/TMP_TextEventCheck.cs using Guid(d736ce056cf444ca96e424f4d9c42b76) Importer(2089858483,0ecaa5967403d082aa24f35e1b516d23) [PhysX] Initialized MultithreadedTaskDispatcher with 12 workers.
 -> (artifact id: 'f12c9bc1fe83a772ea92bf13e60b3d1e') in 0.002417 seconds
Number of updated asset objects reloaded before import = 0
Number of asset objects unloaded after import = 1
========================================================================
Received Import Request.
  Time since last request: 0.000968 seconds.
  path: Assets/TextMesh Pro/Examples & Extras/Sprites
  artifactKey: Guid(701e577af2ba48b689972d42efb95456) Importer(2089858483,0ecaa5967403d082aa24f35e1b516d23)
Start importing Assets/TextMesh Pro/Examples & Extras/Sprites using Guid(701e577af2ba48b689972d42efb95456) Importer(2089858483,0ecaa5967403d082aa24f35e1b516d23) [PhysX] Initialized MultithreadedTaskDispatcher with 12 workers.
 -> (artifact id: '6ced60fe4331b4d33551ad50afbc1092') in 0.001877 seconds
Number of updated asset objects reloaded before import = 0
Number of asset objects unloaded after import = 1
========================================================================
Received Import Request.
  Time since last request: 0.000191 seconds.
  path: Assets/TextMesh Pro/Examples & Extras/Scenes/20 - Input Field with Scrollbar.unity
  artifactKey: Guid(337f92480dd24675aae9e79210fb1ad9) Importer(2089858483,0ecaa5967403d082aa24f35e1b516d23)
Start importing Assets/TextMesh Pro/Examples & Extras/Scenes/20 - Input Field with Scrollbar.unity using Guid(337f92480dd24675aae9e79210fb1ad9) Importer(2089858483,0ecaa5967403d082aa24f35e1b516d23) [PhysX] Initialized MultithreadedTaskDispatcher with 12 workers.
 -> (artifact id: '10318b282098d12aba5b8a9c3c38fe64') in 0.002983 seconds
Number of updated asset objects reloaded before import = 0
Number of asset objects unloaded after import = 1
========================================================================
Received Import Request.
  Time since last request: 0.000455 seconds.
  path: Assets/TextMesh Pro/Examples & Extras/Scenes/22 - Basic Scripting Example.unity
  artifactKey: Guid(6250f98e58fe4abbaada5d84b7ca846d) Importer(2089858483,0ecaa5967403d082aa24f35e1b516d23)
Start importing Assets/TextMesh Pro/Examples & Extras/Scenes/22 - Basic Scripting Example.unity using Guid(6250f98e58fe4abbaada5d84b7ca846d) Importer(2089858483,0ecaa5967403d082aa24f35e1b516d23) [PhysX] Initialized MultithreadedTaskDispatcher with 12 workers.
 -> (artifact id: '7e11b4a207fe7bfcb354a7470ec1a2c2') in 0.002126 seconds
Number of updated asset objects reloaded before import = 0
Number of asset objects unloaded after import = 1
========================================================================
Received Import Request.
  Time since last request: 0.000237 seconds.
  path: Assets/TextMesh Pro/Examples & Extras/Scenes/07 - Superscript & Subscript Example.unity
  artifactKey: Guid(03ec435d4b7140e9b2d87f79136d8374) Importer(2089858483,0ecaa5967403d082aa24f35e1b516d23)
Start importing Assets/TextMesh Pro/Examples & Extras/Scenes/07 - Superscript & Subscript Example.unity using Guid(03ec435d4b7140e9b2d87f79136d8374) Importer(2089858483,0ecaa5967403d082aa24f35e1b516d23) [PhysX] Initialized MultithreadedTaskDispatcher with 12 workers.
 -> (artifact id: 'feff3f91747658423ca882cc67441f6c') in 0.002421 seconds
Number of updated asset objects reloaded before import = 0
Number of asset objects unloaded after import = 1
========================================================================
Received Import Request.
  Time since last request: 0.000210 seconds.
  path: Assets/TextMesh Pro/Examples & Extras/Resources/Fonts & Materials/Bangers SDF Glow.mat
  artifactKey: Guid(d75b8f41e959450c84ac6e967084d3e1) Importer(2089858483,0ecaa5967403d082aa24f35e1b516d23)
Start importing Assets/TextMesh Pro/Examples & Extras/Resources/Fonts & Materials/Bangers SDF Glow.mat using Guid(d75b8f41e959450c84ac6e967084d3e1) Importer(2089858483,0ecaa5967403d082aa24f35e1b516d23) [PhysX] Initialized MultithreadedTaskDispatcher with 12 workers.
 -> (artifact id: 'a050e060f5869a6236bf587ba39ab1aa') in 0.004013 seconds
Number of updated asset objects reloaded before import = 0
Number of asset objects unloaded after import = 3
========================================================================
Received Import Request.
  Time since last request: 0.000161 seconds.
  path: Assets/TextMesh Pro/Examples & Extras/Resources/Color Gradient Presets
  artifactKey: Guid(7f422cd1388b01047a58cd07c7a23d9d) Importer(2089858483,0ecaa5967403d082aa24f35e1b516d23)
Start importing Assets/TextMesh Pro/Examples & Extras/Resources/Color Gradient Presets using Guid(7f422cd1388b01047a58cd07c7a23d9d) Importer(2089858483,0ecaa5967403d082aa24f35e1b516d23) [PhysX] Initialized MultithreadedTaskDispatcher with 12 workers.
 -> (artifact id: '44614200b1b7e0541026109f28823e2c') in 0.001888 seconds
Number of updated asset objects reloaded before import = 0
Number of asset objects unloaded after import = 1
========================================================================
Received Import Request.
  Time since last request: 0.000133 seconds.
  path: Assets/TextMesh Pro/Examples & Extras/Scripts/SimpleScript.cs
  artifactKey: Guid(9eff140b25d64601aabc6ba32245d099) Importer(2089858483,0ecaa5967403d082aa24f35e1b516d23)
Start importing Assets/TextMesh Pro/Examples & Extras/Scripts/SimpleScript.cs using Guid(9eff140b25d64601aabc6ba32245d099) Importer(2089858483,0ecaa5967403d082aa24f35e1b516d23) [PhysX] Initialized MultithreadedTaskDispatcher with 12 workers.
 -> (artifact id: '0cd953284868df0c62bdabe0a00d783c') in 0.002490 seconds
Number of updated asset objects reloaded before import = 0
Number of asset objects unloaded after import = 1
========================================================================
Received Import Request.
  Time since last request: 0.000081 seconds.
  path: Assets/TextMesh Pro/Examples & Extras/Resources/Fonts & Materials/Roboto-Bold SDF - Surface.mat
  artifactKey: Guid(e6b276ec991f467aa14ef1f3cc665993) Importer(2089858483,0ecaa5967403d082aa24f35e1b516d23)
Start importing Assets/TextMesh Pro/Examples & Extras/Resources/Fonts & Materials/Roboto-Bold SDF - Surface.mat using Guid(e6b276ec991f467aa14ef1f3cc665993) Importer(2089858483,0ecaa5967403d082aa24f35e1b516d23) [PhysX] Initialized MultithreadedTaskDispatcher with 12 workers.
 -> (artifact id: '04ced754a1ae729522a11627b6a1a4e1') in 0.003492 seconds
Number of updated asset objects reloaded before import = 0
Number of asset objects unloaded after import = 2
========================================================================
Received Import Request.
  Time since last request: 0.000541 seconds.
  path: Assets/TextMesh Pro/Examples & Extras/Scripts/ObjectSpin.cs
  artifactKey: Guid(4f19c7f94c794c5097d8bd11e39c750d) Importer(2089858483,0ecaa5967403d082aa24f35e1b516d23)
Start importing Assets/TextMesh Pro/Examples & Extras/Scripts/ObjectSpin.cs using Guid(4f19c7f94c794c5097d8bd11e39c750d) Importer(2089858483,0ecaa5967403d082aa24f35e1b516d23) [PhysX] Initialized MultithreadedTaskDispatcher with 12 workers.
 -> (artifact id: 'bb5b7790ed151e88547f396ea299a342') in 0.003862 seconds
Number of updated asset objects reloaded before import = 0
Number of asset objects unloaded after import = 1
========================================================================
Received Import Request.
  Time since last request: 0.000469 seconds.
  path: Assets/TextMesh Pro/Examples & Extras/Prefabs/TextMeshPro - Prefab 2.prefab
  artifactKey: Guid(fdad9d952ae84cafb74c63f2e694d042) Importer(2089858483,0ecaa5967403d082aa24f35e1b516d23)
Start importing Assets/TextMesh Pro/Examples & Extras/Prefabs/TextMeshPro - Prefab 2.prefab using Guid(fdad9d952ae84cafb74c63f2e694d042) Importer(2089858483,0ecaa5967403d082aa24f35e1b516d23) [PhysX] Initialized MultithreadedTaskDispatcher with 12 workers.
 -> (artifact id: 'ffb1cc8304968b0609f012eeb71dce77') in 0.019693 seconds
Number of updated asset objects reloaded before import = 0
Number of asset objects unloaded after import = 16
========================================================================
Received Import Request.
  Time since last request: 0.000039 seconds.
  path: Assets/TextMesh Pro/Examples & Extras/Fonts/Bangers - OFL.txt
  artifactKey: Guid(efe0bf4ac872451e91612d1ae593f480) Importer(2089858483,0ecaa5967403d082aa24f35e1b516d23)
Start importing Assets/TextMesh Pro/Examples & Extras/Fonts/Bangers - OFL.txt using Guid(efe0bf4ac872451e91612d1ae593f480) Importer(2089858483,0ecaa5967403d082aa24f35e1b516d23) [PhysX] Initialized MultithreadedTaskDispatcher with 12 workers.
 -> (artifact id: '9fd20b249edc9695206dbf000cca5425') in 0.002398 seconds
Number of updated asset objects reloaded before import = 0
Number of asset objects unloaded after import = 1
========================================================================
Received Import Request.
  Time since last request: 0.000153 seconds.
  path: Assets/TextMesh Pro/Examples & Extras
  artifactKey: Guid(ce51c8e33b734b4db6086586558c53a3) Importer(2089858483,0ecaa5967403d082aa24f35e1b516d23)
Start importing Assets/TextMesh Pro/Examples & Extras using Guid(ce51c8e33b734b4db6086586558c53a3) Importer(2089858483,0ecaa5967403d082aa24f35e1b516d23) [PhysX] Initialized MultithreadedTaskDispatcher with 12 workers.
 -> (artifact id: '2190e5623d2a4e9e2fa594653686cae5') in 0.001646 seconds
Number of updated asset objects reloaded before import = 0
Number of asset objects unloaded after import = 1
========================================================================
Received Import Request.
  Time since last request: 0.000565 seconds.
  path: Assets/TextMesh Pro/Examples & Extras/Fonts/Anton.ttf
  artifactKey: Guid(997a43b767814dd0a7642ec9b78cba41) Importer(2089858483,0ecaa5967403d082aa24f35e1b516d23)
Start importing Assets/TextMesh Pro/Examples & Extras/Fonts/Anton.ttf using Guid(997a43b767814dd0a7642ec9b78cba41) Importer(2089858483,0ecaa5967403d082aa24f35e1b516d23) [PhysX] Initialized MultithreadedTaskDispatcher with 12 workers.
 -> (artifact id: 'c606d7754988ecb21c29b995486e6ae5') in 0.004577 seconds
Number of updated asset objects reloaded before import = 0
Number of asset objects unloaded after import = 3
========================================================================
Received Import Request.
  Time since last request: 0.000428 seconds.
  path: Assets/TextMesh Pro/Examples & Extras/Scripts
  artifactKey: Guid(3979ce59e55144c89a2b3b3f8dcf7fd3) Importer(2089858483,0ecaa5967403d082aa24f35e1b516d23)
Start importing Assets/TextMesh Pro/Examples & Extras/Scripts using Guid(3979ce59e55144c89a2b3b3f8dcf7fd3) Importer(2089858483,0ecaa5967403d082aa24f35e1b516d23) [PhysX] Initialized MultithreadedTaskDispatcher with 12 workers.
 -> (artifact id: 'bb8a6256a6b610c9c5a5fb39c686c7de') in 0.001706 seconds
Number of updated asset objects reloaded before import = 0
Number of asset objects unloaded after import = 1
========================================================================
Received Import Request.
  Time since last request: 0.000487 seconds.
  path: Assets/TextMesh Pro/Examples & Extras/Fonts/Bangers.ttf
  artifactKey: Guid(5dd49b3eacc540408c98eee0de38e0f1) Importer(2089858483,0ecaa5967403d082aa24f35e1b516d23)
Start importing Assets/TextMesh Pro/Examples & Extras/Fonts/Bangers.ttf using Guid(5dd49b3eacc540408c98eee0de38e0f1) Importer(2089858483,0ecaa5967403d082aa24f35e1b516d23) [PhysX] Initialized MultithreadedTaskDispatcher with 12 workers.
 -> (artifact id: 'b9269aa0e98fc70bba55d46831d3dfb6') in 0.005183 seconds
Number of updated asset objects reloaded before import = 0
Number of asset objects unloaded after import = 3
========================================================================
Received Import Request.
  Time since last request: 0.000271 seconds.
  path: Assets/TextMesh Pro/Examples & Extras/Textures/Mask Zig-n-Zag.psd
  artifactKey: Guid(bb8dfcd263ad4eb383a33d74a720be6f) Importer(2089858483,0ecaa5967403d082aa24f35e1b516d23)
Start importing Assets/TextMesh Pro/Examples & Extras/Textures/Mask Zig-n-Zag.psd using Guid(bb8dfcd263ad4eb383a33d74a720be6f) Importer(2089858483,0ecaa5967403d082aa24f35e1b516d23) [PhysX] Initialized MultithreadedTaskDispatcher with 12 workers.
 -> (artifact id: '6c547174932f52230e8e0f164f200f7a') in 0.009795 seconds
Number of updated asset objects reloaded before import = 0
Number of asset objects unloaded after import = 1
========================================================================
Received Import Request.
  Time since last request: 0.002043 seconds.
  path: Assets/TextMesh Pro/Examples & Extras/Scenes/17 - Old Computer Terminal.unity
  artifactKey: Guid(3e2e4d7b0bed4cf9ab827e9f32448f69) Importer(2089858483,0ecaa5967403d082aa24f35e1b516d23)
Start importing Assets/TextMesh Pro/Examples & Extras/Scenes/17 - Old Computer Terminal.unity using Guid(3e2e4d7b0bed4cf9ab827e9f32448f69) Importer(2089858483,0ecaa5967403d082aa24f35e1b516d23) [PhysX] Initialized MultithreadedTaskDispatcher with 12 workers.
 -> (artifact id: '7bff1412f66983f1b37ba39287ebbba3') in 0.002398 seconds
Number of updated asset objects reloaded before import = 0
Number of asset objects unloaded after import = 1
========================================================================
Received Import Request.
  Time since last request: 0.000285 seconds.
  path: Assets/TextMesh Pro/Examples & Extras/Scripts/TextMeshSpawner.cs
  artifactKey: Guid(76c11bbcfddf44e0ba17d6c2751c8d84) Importer(2089858483,0ecaa5967403d082aa24f35e1b516d23)
Start importing Assets/TextMesh Pro/Examples & Extras/Scripts/TextMeshSpawner.cs using Guid(76c11bbcfddf44e0ba17d6c2751c8d84) Importer(2089858483,0ecaa5967403d082aa24f35e1b516d23) [PhysX] Initialized MultithreadedTaskDispatcher with 12 workers.
 -> (artifact id: '9c8c56bf441b9263fd654ee4d0eb5690') in 0.002802 seconds
Number of updated asset objects reloaded before import = 0
Number of asset objects unloaded after import = 1
========================================================================
Received Import Request.
  Time since last request: 0.000180 seconds.
  path: Assets/TextMesh Pro/Examples & Extras/Resources/Fonts & Materials/Bangers SDF.asset
  artifactKey: Guid(125cb55b44b24c4393181402bc6200e6) Importer(2089858483,0ecaa5967403d082aa24f35e1b516d23)
Start importing Assets/TextMesh Pro/Examples & Extras/Resources/Fonts & Materials/Bangers SDF.asset using Guid(125cb55b44b24c4393181402bc6200e6) Importer(2089858483,0ecaa5967403d082aa24f35e1b516d23) [PhysX] Initialized MultithreadedTaskDispatcher with 12 workers.
 -> (artifact id: 'fd9f7d39b315a13ca0d1b52087e0fa01') in 0.008279 seconds
Number of updated asset objects reloaded before import = 0
Number of asset objects unloaded after import = 5
========================================================================
Received Import Request.
  Time since last request: 0.000123 seconds.
  path: Assets/TextMesh Pro/Examples & Extras/Resources/Fonts & Materials/LiberationSans SDF - Soft Mask.mat
  artifactKey: Guid(42df1c7856584b6b8db9a509b6b10074) Importer(2089858483,0ecaa5967403d082aa24f35e1b516d23)
Start importing Assets/TextMesh Pro/Examples & Extras/Resources/Fonts & Materials/LiberationSans SDF - Soft Mask.mat using Guid(42df1c7856584b6b8db9a509b6b10074) Importer(2089858483,0ecaa5967403d082aa24f35e1b516d23) [PhysX] Initialized MultithreadedTaskDispatcher with 12 workers.
 -> (artifact id: 'e31cc29810c9b1ec088f35e2a05a7b15') in 0.011608 seconds
Number of updated asset objects reloaded before import = 0
Number of asset objects unloaded after import = 3
========================================================================
Received Import Request.
  Time since last request: 0.000101 seconds.
  path: Assets/TextMesh Pro/Examples & Extras/Textures/Sunny Days - Seamless.jpg
  artifactKey: Guid(17c350171f7a3ca479f830547c66d187) Importer(2089858483,0ecaa5967403d082aa24f35e1b516d23)
Start importing Assets/TextMesh Pro/Examples & Extras/Textures/Sunny Days - Seamless.jpg using Guid(17c350171f7a3ca479f830547c66d187) Importer(2089858483,0ecaa5967403d082aa24f35e1b516d23) [PhysX] Initialized MultithreadedTaskDispatcher with 12 workers.
 -> (artifact id: 'eb524de3124ea14d2fd2ed622c364c83') in 0.006142 seconds
Number of updated asset objects reloaded before import = 0
Number of asset objects unloaded after import = 1
========================================================================
Received Import Request.
  Time since last request: 0.000153 seconds.
  path: Assets/TextMesh Pro/Examples & Extras/Scenes/21 - Script Example.unity
  artifactKey: Guid(50f52f9274434ecfb34dd87f0836f323) Importer(2089858483,0ecaa5967403d082aa24f35e1b516d23)
Start importing Assets/TextMesh Pro/Examples & Extras/Scenes/21 - Script Example.unity using Guid(50f52f9274434ecfb34dd87f0836f323) Importer(2089858483,0ecaa5967403d082aa24f35e1b516d23) [PhysX] Initialized MultithreadedTaskDispatcher with 12 workers.
 -> (artifact id: '7d428df46aa6a5c1c446e38640fa2e95') in 0.002612 seconds
Number of updated asset objects reloaded before import = 0
Number of asset objects unloaded after import = 1
========================================================================
Received Import Request.
  Time since last request: 0.000673 seconds.
  path: Assets/TextMesh Pro/Examples & Extras/Fonts
  artifactKey: Guid(b63e0053080646b9819789bf3bf9fa17) Importer(2089858483,0ecaa5967403d082aa24f35e1b516d23)
Start importing Assets/TextMesh Pro/Examples & Extras/Fonts using Guid(b63e0053080646b9819789bf3bf9fa17) Importer(2089858483,0ecaa5967403d082aa24f35e1b516d23) [PhysX] Initialized MultithreadedTaskDispatcher with 12 workers.
 -> (artifact id: '98e0a06c7aa69cb9a8dd8adc2257fc52') in 0.001715 seconds
Number of updated asset objects reloaded before import = 0
Number of asset objects unloaded after import = 1
========================================================================
Received Import Request.
  Time since last request: 0.000381 seconds.
  path: Assets/TextMesh Pro/Examples & Extras/Resources/Fonts & Materials/LiberationSans SDF - Overlay.mat
  artifactKey: Guid(9ad269c99dcf42b7aedefd83dd5a7b9d) Importer(2089858483,0ecaa5967403d082aa24f35e1b516d23)
Start importing Assets/TextMesh Pro/Examples & Extras/Resources/Fonts & Materials/LiberationSans SDF - Overlay.mat using Guid(9ad269c99dcf42b7aedefd83dd5a7b9d) Importer(2089858483,0ecaa5967403d082aa24f35e1b516d23) [PhysX] Initialized MultithreadedTaskDispatcher with 12 workers.
 -> (artifact id: 'df618f06b5013688d995da7e7d574622') in 0.009669 seconds
Number of updated asset objects reloaded before import = 0
Number of asset objects unloaded after import = 2
========================================================================
Received Import Request.
  Time since last request: 0.000115 seconds.
  path: Assets/TextMesh Pro/Examples & Extras/Textures/Text Overflow - Linked Text UI Screenshot.png
  artifactKey: Guid(c76d18757a194d618355f05f815cb0a1) Importer(2089858483,0ecaa5967403d082aa24f35e1b516d23)
Start importing Assets/TextMesh Pro/Examples & Extras/Textures/Text Overflow - Linked Text UI Screenshot.png using Guid(c76d18757a194d618355f05f815cb0a1) Importer(2089858483,0ecaa5967403d082aa24f35e1b516d23) [PhysX] Initialized MultithreadedTaskDispatcher with 12 workers.
 -> (artifact id: '394df1182dc4190d38fe96436bed2e68') in 0.007672 seconds
Number of updated asset objects reloaded before import = 0
Number of asset objects unloaded after import = 1
========================================================================
Received Import Request.
  Time since last request: 0.000235 seconds.
  path: Assets/TextMesh Pro/Examples & Extras/Materials
  artifactKey: Guid(5808953df7a24274a851aa6dee52d30e) Importer(2089858483,0ecaa5967403d082aa24f35e1b516d23)
Start importing Assets/TextMesh Pro/Examples & Extras/Materials using Guid(5808953df7a24274a851aa6dee52d30e) Importer(2089858483,0ecaa5967403d082aa24f35e1b516d23) [PhysX] Initialized MultithreadedTaskDispatcher with 12 workers.
 -> (artifact id: 'b648f263be50ecfa1402e82c2bdfa316') in 0.001710 seconds
Number of updated asset objects reloaded before import = 0
Number of asset objects unloaded after import = 1
========================================================================
Received Import Request.
  Time since last request: 0.000147 seconds.
  path: Assets/TextMesh Pro/Examples & Extras/Scripts/ChatController.cs
  artifactKey: Guid(53d91f98a2664f5cb9af11de72ac54ec) Importer(2089858483,0ecaa5967403d082aa24f35e1b516d23)
Start importing Assets/TextMesh Pro/Examples & Extras/Scripts/ChatController.cs using Guid(53d91f98a2664f5cb9af11de72ac54ec) Importer(2089858483,0ecaa5967403d082aa24f35e1b516d23) [PhysX] Initialized MultithreadedTaskDispatcher with 12 workers.
 -> (artifact id: '528ea2505a804b3b60d26ad0edd91fde') in 0.002471 seconds
Number of updated asset objects reloaded before import = 0
Number of asset objects unloaded after import = 1
========================================================================
Received Import Request.
  Time since last request: 0.000129 seconds.
  path: Assets/TextMesh Pro/Examples & Extras/Textures/Gradient Horizontal (Color).jpg
  artifactKey: Guid(6eb184de103d4b3f812b38561065192f) Importer(2089858483,0ecaa5967403d082aa24f35e1b516d23)
Start importing Assets/TextMesh Pro/Examples & Extras/Textures/Gradient Horizontal (Color).jpg using Guid(6eb184de103d4b3f812b38561065192f) Importer(2089858483,0ecaa5967403d082aa24f35e1b516d23) [PhysX] Initialized MultithreadedTaskDispatcher with 12 workers.
 -> (artifact id: '598186c24ce8fbc8cc5fd272bc5f207b') in 0.006243 seconds
Number of updated asset objects reloaded before import = 0
Number of asset objects unloaded after import = 1
========================================================================
Received Import Request.
  Time since last request: 0.000131 seconds.
  path: Assets/TextMesh Pro/Examples & Extras/Resources/Fonts & Materials/Roboto-Bold SDF - Drop Shadow.mat
  artifactKey: Guid(b246c4190f4e46ec9352fe15a7b09ce0) Importer(2089858483,0ecaa5967403d082aa24f35e1b516d23)
Start importing Assets/TextMesh Pro/Examples & Extras/Resources/Fonts & Materials/Roboto-Bold SDF - Drop Shadow.mat using Guid(b246c4190f4e46ec9352fe15a7b09ce0) Importer(2089858483,0ecaa5967403d082aa24f35e1b516d23) [PhysX] Initialized MultithreadedTaskDispatcher with 12 workers.
 -> (artifact id: '3797c6a904f21948d2d2a59964af9bff') in 0.003231 seconds
Number of updated asset objects reloaded before import = 0
Number of asset objects unloaded after import = 2
========================================================================
Received Import Request.
  Time since last request: 0.000132 seconds.
  path: Assets/TextMesh Pro/Examples & Extras/Scripts/VertexShakeA.cs
  artifactKey: Guid(f7cfa58e417a46ea8889989684c2522e) Importer(2089858483,0ecaa5967403d082aa24f35e1b516d23)
Start importing Assets/TextMesh Pro/Examples & Extras/Scripts/VertexShakeA.cs using Guid(f7cfa58e417a46ea8889989684c2522e) Importer(2089858483,0ecaa5967403d082aa24f35e1b516d23) [PhysX] Initialized MultithreadedTaskDispatcher with 12 workers.
 -> (artifact id: '5db2c261d8a8cc9cceda637cb2e3896d') in 0.004130 seconds
Number of updated asset objects reloaded before import = 0
Number of asset objects unloaded after import = 1
========================================================================
Received Import Request.
  Time since last request: 0.000151 seconds.
  path: Assets/TextMesh Pro/Examples & Extras/Scripts/SkewTextExample.cs
  artifactKey: Guid(d412675cfb3441efa3bf8dcd9b7624dc) Importer(2089858483,0ecaa5967403d082aa24f35e1b516d23)
Start importing Assets/TextMesh Pro/Examples & Extras/Scripts/SkewTextExample.cs using Guid(d412675cfb3441efa3bf8dcd9b7624dc) Importer(2089858483,0ecaa5967403d082aa24f35e1b516d23) [PhysX] Initialized MultithreadedTaskDispatcher with 12 workers.
 -> (artifact id: 'e903cff50cb8faa62e4302c1314c66de') in 0.002566 seconds
Number of updated asset objects reloaded before import = 0
Number of asset objects unloaded after import = 1
========================================================================
Received Import Request.
  Time since last request: 0.000137 seconds.
  path: Assets/TextMesh Pro/Examples & Extras/Resources/Fonts & Materials/Oswald Bold SDF.asset
  artifactKey: Guid(0161d805a3764c089bef00bfe00793f5) Importer(2089858483,0ecaa5967403d082aa24f35e1b516d23)
Start importing Assets/TextMesh Pro/Examples & Extras/Resources/Fonts & Materials/Oswald Bold SDF.asset using Guid(0161d805a3764c089bef00bfe00793f5) Importer(2089858483,0ecaa5967403d082aa24f35e1b516d23) [PhysX] Initialized MultithreadedTaskDispatcher with 12 workers.
 -> (artifact id: 'e81ac91e27c7e9c7933a2591b164b095') in 0.008029 seconds
Number of updated asset objects reloaded before import = 0
Number of asset objects unloaded after import = 5
========================================================================
Received Import Request.
  Time since last request: 0.000094 seconds.
  path: Assets/TextMesh Pro/Examples & Extras/Resources/Color Gradient Presets/Yellow to Orange - Vertical.asset
  artifactKey: Guid(69a525efa7e6472eab268f6ea605f06e) Importer(2089858483,0ecaa5967403d082aa24f35e1b516d23)
Start importing Assets/TextMesh Pro/Examples & Extras/Resources/Color Gradient Presets/Yellow to Orange - Vertical.asset using Guid(69a525efa7e6472eab268f6ea605f06e) Importer(2089858483,0ecaa5967403d082aa24f35e1b516d23) [PhysX] Initialized MultithreadedTaskDispatcher with 12 workers.
 -> (artifact id: 'ef9ec63434862b1b03aea71d865426ec') in 0.004129 seconds
Number of updated asset objects reloaded before import = 0
Number of asset objects unloaded after import = 1
========================================================================
Received Import Request.
  Time since last request: 0.000218 seconds.
  path: Assets/TextMesh Pro/Examples & Extras/Sprites/DropCap Numbers.psd
  artifactKey: Guid(fd09957580ac4326916010f1f260975b) Importer(2089858483,0ecaa5967403d082aa24f35e1b516d23)
Start importing Assets/TextMesh Pro/Examples & Extras/Sprites/DropCap Numbers.psd using Guid(fd09957580ac4326916010f1f260975b) Importer(2089858483,0ecaa5967403d082aa24f35e1b516d23) [PhysX] Initialized MultithreadedTaskDispatcher with 12 workers.
 -> (artifact id: '2a95e84ca6f92b231dda5eb8de1751bc') in 0.006165 seconds
Number of updated asset objects reloaded before import = 0
Number of asset objects unloaded after import = 1
========================================================================
Received Import Request.
  Time since last request: 0.210609 seconds.
  path: Assets/TextMesh Pro/Examples & Extras/Textures/Wipe Pattern - Radial Quad.psd
  artifactKey: Guid(2b5e9ae96c5644d8bae932f8b4ca68a2) Importer(2089858483,0ecaa5967403d082aa24f35e1b516d23)
Start importing Assets/TextMesh Pro/Examples & Extras/Textures/Wipe Pattern - Radial Quad.psd using Guid(2b5e9ae96c5644d8bae932f8b4ca68a2) Importer(2089858483,0ecaa5967403d082aa24f35e1b516d23) [PhysX] Initialized MultithreadedTaskDispatcher with 12 workers.
 -> (artifact id: '770d8eae7bfc305a20ef6096aededdef') in 0.006321 seconds
Number of updated asset objects reloaded before import = 0
Number of asset objects unloaded after import = 1
========================================================================
Received Import Request.
  Time since last request: 0.000617 seconds.
  path: Assets/TextMesh Pro/Examples & Extras/Fonts/Anton OFL.txt
  artifactKey: Guid(73a79399807f4e8388c2cbb5494681ca) Importer(2089858483,0ecaa5967403d082aa24f35e1b516d23)
Start importing Assets/TextMesh Pro/Examples & Extras/Fonts/Anton OFL.txt using Guid(73a79399807f4e8388c2cbb5494681ca) Importer(2089858483,0ecaa5967403d082aa24f35e1b516d23) [PhysX] Initialized MultithreadedTaskDispatcher with 12 workers.
 -> (artifact id: '0882d57aabff26ba1d0406ff2eb9a30f') in 0.002403 seconds
Number of updated asset objects reloaded before import = 0
Number of asset objects unloaded after import = 1
========================================================================
Received Import Request.
  Time since last request: 0.000133 seconds.
  path: Assets/TextMesh Pro/Examples & Extras/Scenes/11 - The Style Tag.unity
  artifactKey: Guid(84ed36ad77dd4956b2ffe3769f759879) Importer(2089858483,0ecaa5967403d082aa24f35e1b516d23)
Start importing Assets/TextMesh Pro/Examples & Extras/Scenes/11 - The Style Tag.unity using Guid(84ed36ad77dd4956b2ffe3769f759879) Importer(2089858483,0ecaa5967403d082aa24f35e1b516d23) [PhysX] Initialized MultithreadedTaskDispatcher with 12 workers.
 -> (artifact id: 'f8908962ad630a42e155d70b4e7f2080') in 0.001953 seconds
Number of updated asset objects reloaded before import = 0
Number of asset objects unloaded after import = 1
========================================================================
Received Import Request.
  Time since last request: 0.000099 seconds.
  path: Assets/TextMesh Pro/Examples & Extras/Resources/Fonts & Materials/Electronic Highway Sign SDF.asset
  artifactKey: Guid(dc36b3fdc14f47ebb36fd484a67e268a) Importer(2089858483,0ecaa5967403d082aa24f35e1b516d23)
Start importing Assets/TextMesh Pro/Examples & Extras/Resources/Fonts & Materials/Electronic Highway Sign SDF.asset using Guid(dc36b3fdc14f47ebb36fd484a67e268a) Importer(2089858483,0ecaa5967403d082aa24f35e1b516d23) [PhysX] Initialized MultithreadedTaskDispatcher with 12 workers.
 -> (artifact id: '2b544a62047c51e391aa11b16aa09559') in 0.007678 seconds
Number of updated asset objects reloaded before import = 0
Number of asset objects unloaded after import = 5
========================================================================
Received Import Request.
  Time since last request: 0.000062 seconds.
  path: Assets/TextMesh Pro/Examples & Extras/Textures/Brushed Metal 3.jpg
  artifactKey: Guid(f88677df267a41d6be1e7a6133e7d227) Importer(2089858483,0ecaa5967403d082aa24f35e1b516d23)
Start importing Assets/TextMesh Pro/Examples & Extras/Textures/Brushed Metal 3.jpg using Guid(f88677df267a41d6be1e7a6133e7d227) Importer(2089858483,0ecaa5967403d082aa24f35e1b516d23) [PhysX] Initialized MultithreadedTaskDispatcher with 12 workers.
 -> (artifact id: '18e72c91d2e766c1d0c3e6e9e47dcf64') in 0.006261 seconds
Number of updated asset objects reloaded before import = 0
Number of asset objects unloaded after import = 1
========================================================================
Received Import Request.
  Time since last request: 0.000145 seconds.
  path: Assets/TextMesh Pro/Examples & Extras/Fonts/Roboto-Bold.ttf
  artifactKey: Guid(4beb055f07aaff244873dec698d0363e) Importer(2089858483,0ecaa5967403d082aa24f35e1b516d23)
Start importing Assets/TextMesh Pro/Examples & Extras/Fonts/Roboto-Bold.ttf using Guid(4beb055f07aaff244873dec698d0363e) Importer(2089858483,0ecaa5967403d082aa24f35e1b516d23) [PhysX] Initialized MultithreadedTaskDispatcher with 12 workers.
 -> (artifact id: '3564c63f9c9773d621ab32a59a0fe48d') in 0.003767 seconds
Number of updated asset objects reloaded before import = 0
Number of asset objects unloaded after import = 3
========================================================================
Received Import Request.
  Time since last request: 0.000146 seconds.
  path: Assets/Plugins/Android
  artifactKey: Guid(7f655795361fb4bc38f320696a0ae0fe) Importer(2089858483,0ecaa5967403d082aa24f35e1b516d23)
Start importing Assets/Plugins/Android using Guid(7f655795361fb4bc38f320696a0ae0fe) Importer(2089858483,0ecaa5967403d082aa24f35e1b516d23) [PhysX] Initialized MultithreadedTaskDispatcher with 12 workers.
 -> (artifact id: 'e8784714bc7cb7251814e53e1018a17b') in 0.001573 seconds
Number of updated asset objects reloaded before import = 0
Number of asset objects unloaded after import = 1
========================================================================
Received Import Request.
  Time since last request: 0.000203 seconds.
  path: Assets/TextMesh Pro/Examples & Extras/Textures/Gradient Diagonal (Color).jpg
  artifactKey: Guid(2ce5c55e85304b819a1826ecbc839aa5) Importer(2089858483,0ecaa5967403d082aa24f35e1b516d23)
Start importing Assets/TextMesh Pro/Examples & Extras/Textures/Gradient Diagonal (Color).jpg using Guid(2ce5c55e85304b819a1826ecbc839aa5) Importer(2089858483,0ecaa5967403d082aa24f35e1b516d23) [PhysX] Initialized MultithreadedTaskDispatcher with 12 workers.
 -> (artifact id: 'd39f4c5aaf40f40c01f987dfed0a8612') in 0.005931 seconds
Number of updated asset objects reloaded before import = 0
Number of asset objects unloaded after import = 1
========================================================================
Received Import Request.
  Time since last request: 0.000437 seconds.
  path: Assets/StarData.cs
  artifactKey: Guid(b21e7f3cb9fcf48fe99210330905e008) Importer(2089858483,0ecaa5967403d082aa24f35e1b516d23)
Start importing Assets/StarData.cs using Guid(b21e7f3cb9fcf48fe99210330905e008) Importer(2089858483,0ecaa5967403d082aa24f35e1b516d23) [PhysX] Initialized MultithreadedTaskDispatcher with 12 workers.
 -> (artifact id: '252508ee0bc633eb7c8362ef62b28be3') in 0.002212 seconds
Number of updated asset objects reloaded before import = 0
Number of asset objects unloaded after import = 1
========================================================================
Received Import Request.
  Time since last request: 0.000268 seconds.
  path: Assets/AtmosphericEffects.cs
  artifactKey: Guid(2cf414011c6a147cfa8643d6d27fe19d) Importer(2089858483,0ecaa5967403d082aa24f35e1b516d23)
Start importing Assets/AtmosphericEffects.cs using Guid(2cf414011c6a147cfa8643d6d27fe19d) Importer(2089858483,0ecaa5967403d082aa24f35e1b516d23) [PhysX] Initialized MultithreadedTaskDispatcher with 12 workers.
 -> (artifact id: '641a31063a7362a387491feb455f0304') in 0.003116 seconds
Number of updated asset objects reloaded before import = 0
Number of asset objects unloaded after import = 1
========================================================================
Received Import Request.
  Time since last request: 0.000114 seconds.
  path: Assets/TextMesh Pro/Examples & Extras/Textures/Fruit Jelly (B&W).jpg
  artifactKey: Guid(1cdc5b506b1a4a33a53c30669ced1f51) Importer(2089858483,0ecaa5967403d082aa24f35e1b516d23)
Start importing Assets/TextMesh Pro/Examples & Extras/Textures/Fruit Jelly (B&W).jpg using Guid(1cdc5b506b1a4a33a53c30669ced1f51) Importer(2089858483,0ecaa5967403d082aa24f35e1b516d23) [PhysX] Initialized MultithreadedTaskDispatcher with 12 workers.
 -> (artifact id: '04d44f18515e58e9efc3cee9e4540e3b') in 0.004989 seconds
Number of updated asset objects reloaded before import = 0
Number of asset objects unloaded after import = 1
========================================================================
Received Import Request.
  Time since last request: 0.000139 seconds.
  path: Assets/NightSkyDome.cs
  artifactKey: Guid(7366fa64cf8294de49c5ed53426675c6) Importer(2089858483,0ecaa5967403d082aa24f35e1b516d23)
Start importing Assets/NightSkyDome.cs using Guid(7366fa64cf8294de49c5ed53426675c6) Importer(2089858483,0ecaa5967403d082aa24f35e1b516d23) [PhysX] Initialized MultithreadedTaskDispatcher with 12 workers.
 -> (artifact id: '77b6b26bfff62031fdee0c733e6a4431') in 0.002383 seconds
Number of updated asset objects reloaded before import = 0
Number of asset objects unloaded after import = 1
========================================================================
Received Import Request.
  Time since last request: 0.000443 seconds.
  path: Assets/TextMesh Pro/Examples & Extras/Scripts/Benchmark02.cs
  artifactKey: Guid(e8538afcddc14efbb5d9e94b7ae50197) Importer(2089858483,0ecaa5967403d082aa24f35e1b516d23)
Start importing Assets/TextMesh Pro/Examples & Extras/Scripts/Benchmark02.cs using Guid(e8538afcddc14efbb5d9e94b7ae50197) Importer(2089858483,0ecaa5967403d082aa24f35e1b516d23) [PhysX] Initialized MultithreadedTaskDispatcher with 12 workers.
 -> (artifact id: '4d2437a7ac3b8347858cbf11d57e5966') in 0.002573 seconds
Number of updated asset objects reloaded before import = 0
Number of asset objects unloaded after import = 1
========================================================================
Received Import Request.
  Time since last request: 0.000331 seconds.
  path: Assets/GROUND_SETUP_GUIDE.md
  artifactKey: Guid(6b1859aae924745ca84fcf0cf6b3781e) Importer(2089858483,0ecaa5967403d082aa24f35e1b516d23)
Start importing Assets/GROUND_SETUP_GUIDE.md using Guid(6b1859aae924745ca84fcf0cf6b3781e) Importer(2089858483,0ecaa5967403d082aa24f35e1b516d23) [PhysX] Initialized MultithreadedTaskDispatcher with 12 workers.
 -> (artifact id: '7ef638910db4fbd57f86a4f76747831d') in 0.004491 seconds
Number of updated asset objects reloaded before import = 0
Number of asset objects unloaded after import = 1
========================================================================
Received Import Request.
  Time since last request: 0.000137 seconds.
  path: Assets/TextMesh Pro/Examples & Extras/Scenes/08 - Improved Text Alignment.unity
  artifactKey: Guid(5fe2257128d9401fad0790f581dc8a6f) Importer(2089858483,0ecaa5967403d082aa24f35e1b516d23)
Start importing Assets/TextMesh Pro/Examples & Extras/Scenes/08 - Improved Text Alignment.unity using Guid(5fe2257128d9401fad0790f581dc8a6f) Importer(2089858483,0ecaa5967403d082aa24f35e1b516d23) [PhysX] Initialized MultithreadedTaskDispatcher with 12 workers.
 -> (artifact id: '059c98e60c1daa2d034d6ba8fafc8a4c') in 0.002182 seconds
Number of updated asset objects reloaded before import = 0
Number of asset objects unloaded after import = 1
========================================================================
Received Import Request.
  Time since last request: 0.000392 seconds.
  path: Assets/TextMesh Pro/Examples & Extras/Scripts/VertexColorCycler.cs
  artifactKey: Guid(91b8ba3d52e041fab2d0e0f169855539) Importer(2089858483,0ecaa5967403d082aa24f35e1b516d23)
Start importing Assets/TextMesh Pro/Examples & Extras/Scripts/VertexColorCycler.cs using Guid(91b8ba3d52e041fab2d0e0f169855539) Importer(2089858483,0ecaa5967403d082aa24f35e1b516d23) [PhysX] Initialized MultithreadedTaskDispatcher with 12 workers.
 -> (artifact id: '023b5546ac48339dff7133391aca67a4') in 0.002910 seconds
Number of updated asset objects reloaded before import = 0
Number of asset objects unloaded after import = 1
========================================================================
Received Import Request.
  Time since last request: 0.000495 seconds.
  path: Assets/ATMOSPHERIC_SETUP_GUIDE.md
  artifactKey: Guid(d225d6d4eb515484f84c33533aac14e1) Importer(2089858483,0ecaa5967403d082aa24f35e1b516d23)
Start importing Assets/ATMOSPHERIC_SETUP_GUIDE.md using Guid(d225d6d4eb515484f84c33533aac14e1) Importer(2089858483,0ecaa5967403d082aa24f35e1b516d23) [PhysX] Initialized MultithreadedTaskDispatcher with 12 workers.
 -> (artifact id: '31366c3393a55dac90c03a25a1997e73') in 0.002927 seconds
Number of updated asset objects reloaded before import = 0
Number of asset objects unloaded after import = 1
========================================================================
Received Prepare
WARNING: Shader Unsupported: 'URP/UI/Prerendered Opaque' - All subshaders removed
WARNING: Shader Did you use #pragma only_renderers and omit this platform?
WARNING: Shader If subshaders removal was intentional, you may have forgotten turning Fallback off?
WARNING: Shader Unsupported: 'URP/UI/Prerendered Opaque' - All subshaders removed
WARNING: Shader Did you use #pragma only_renderers and omit this platform?
WARNING: Shader If subshaders removal was intentional, you may have forgotten turning Fallback off?
WARNING: Shader Unsupported: 'EnvironmentDepth/URP/OcclusionUnlit' - All subshaders removed
WARNING: Shader Did you use #pragma only_renderers and omit this platform?
WARNING: Shader If subshaders removal was intentional, you may have forgotten turning Fallback off?
WARNING: Shader Unsupported: 'EnvironmentDepth/URP/OcclusionUnlit' - All subshaders removed
WARNING: Shader Did you use #pragma only_renderers and omit this platform?
WARNING: Shader If subshaders removal was intentional, you may have forgotten turning Fallback off?
WARNING: Shader Unsupported: 'URP/UI/Prerendered' - All subshaders removed
WARNING: Shader Did you use #pragma only_renderers and omit this platform?
WARNING: Shader If subshaders removal was intentional, you may have forgotten turning Fallback off?
WARNING: Shader Unsupported: 'URP/UI/Prerendered' - All subshaders removed
WARNING: Shader Did you use #pragma only_renderers and omit this platform?
WARNING: Shader If subshaders removal was intentional, you may have forgotten turning Fallback off?
Shader 'Oculus/OVRMRCameraFrameLit': fallback shader 'Alpha-Diffuse' not found
Refreshing native plugins compatible for Editor in 5.14 ms, found 11 plugins.
Preloading 0 native plugins for Editor in 0.00 ms.
Unloading 5 Unused Serialized files (Serialized files now loaded: 0)
Unloading 7 unused Assets / (363.8 KB). Loaded Objects now: 6582.
Memory consumption went from 230.5 MB to 230.1 MB.
Total: 7.135833 ms (FindLiveObjects: 0.216958 ms CreateObjectMapping: 0.064167 ms MarkObjects: 6.614833 ms  DeleteObjects: 0.239458 ms)

Prepare: number of updated asset objects reloaded= 0
AssetImportParameters requested are different than current active one (requested -> active):
  custom:scripting/monoscript/fileName/SkewTextExample.cs: c142d02d70a129e0533975f7c2f96956 -> 
  custom:scripting/monoscript/fileName/GroundVegetationSpawner.cs: a8e7b8153a49d8553e0fcc8880049827 -> 
  custom:container-demuxer-ogg: 62fdf1f143b41e24485cea50d1cbac27 -> 
  custom:scripting/monoscript/fileName/AstroMath.cs: 1932568a5daca2d25b8b5c7242983aec -> 
  custom:scripting/monoscript/fileName/TMP_TextEventHandler.cs: f5cd9d5a43bfefc8f4fec80e6de896a4 -> 
  custom:scripting/monoscript/fileName/TextMeshProFloatingText.cs: 92608fa4a6315cd0786d82205e77b697 -> 
  custom:scripting/monoscript/fileName/NightSkyDome.cs: b2afe0d1521c7f43e5c43cc9cecc95ee -> 
  custom:scripting/monoscript/fileName/VertexZoom.cs: 650ab1e81d40126e3edcf737cce646e4 -> 
  custom:scripting/monoscript/fileName/VertexShakeA.cs: 63ec564c588058369499638dd899e05b -> 
  custom:scripting/monoscript/fileName/TMP_ExampleScript_01.cs: a9d4be556104ff54e7d240529b3e01dc -> 
  custom:video-decoder-ogg-theora: a1e56fd34408186e4bbccfd4996cb3dc -> 
  custom:scripting/monoscript/fileName/TMP_TextEventCheck.cs: 13505d917eab5868c435e0c2986dadfa -> 
  custom:scripting/monoscript/fileName/TMP_TextSelector_B.cs: ba2be21a7486d37b1011342977a2e49d -> 
  custom:scripting/monoscript/fileName/Benchmark01.cs: 2d3e2cd961730ab95f139a49a673bace -> 
  custom:scripting/monoscript/fileName/Benchmark02.cs: 5640963252ce70910e726415f869ced6 -> 
  custom:scripting/monoscript/fileName/PlanetariumManager.cs: 22b040d69c7e89a9f75db3e2f35d583d -> 
  custom:scripting/monoscript/fileName/DropdownSample.cs: 0a92251794e5f10400149f96c3c59e5d -> 
  custom:scripting/monoscript/fileName/WarpTextExample.cs: 2663459c266363641981c7d17b698d7f -> 
  custom:CustomObjectIndexerAttribute: 9a22284fe3817be447336de3de66b15e -> 
  custom:container-demuxer-webm: 4f35f7cbe854078d1ac9338744f61a02 -> 
  custom:scripting/monoscript/fileName/StarData.cs: 8c3ecaae97776e3a509e6c92c6d1978c -> 
  custom:scripting/monoscript/fileName/EarthGroundRealistic.cs: 186beb94bc05013618de78c0bf9fca68 -> 
  custom:scripting/monoscript/fileName/ChatController.cs: 876d5ccae6e345dd5d9450eb0a748f16 -> 
  custom:scripting/monoscript/fileName/EarthGroundVisual.cs: 36a50b70f05d0b9c126df611b2357b9b -> 
  custom:scripting/monoscript/fileName/TextMeshSpawner.cs: 76f28e2ddb031571e6ec62b018f65fa8 -> 
  custom:scripting/monoscript/fileName/TeleType.cs: 31fa97821c4c70f157ec81d507aa6b62 -> 
  custom:scripting/monoscript/fileName/AtmosphericEffects.cs: 6dab96abafac9a683f858453a1825b06 -> 
  custom:scripting/monoscript/fileName/Benchmark04.cs: 32220b148620e52aa81c13a114862bf4 -> 
  custom:scripting/monoscript/fileName/LookAtCamera.cs: c89e844d610ff572aa3b28387fdf619c -> 
  custom:container-muxer-webm: aa71ff27fc2769a1b78a27578f13a17b -> 
  custom:video-decoder-webm-vp8: 9c59270c3fd7afecdb556c50c9e8de78 -> 
  custom:scripting/monoscript/fileName/TMP_PhoneNumberValidator.cs: 7c3049f481e464c6a9a15dee56c3126f -> 
  custom:SearchIndexIgnoredProperties: e643bd26f0fe6173181afceb89e7c659 -> 
  custom:AudioImporter_EditorPlatform: 3918e3fc78b5a79bad01e8451be0beb8 -> 
  custom:scripting/monoscript/fileName/EnvMapAnimator.cs: 1b4f61c17e4b7283c3ac351aacff9d26 -> 
  custom:scripting/monoscript/fileName/ShaderPropAnimator.cs: 55ce425812446482e623ff2695c94cb2 -> 
  custom:scripting/monoscript/fileName/SimpleScript.cs: 454caab0c6c050f29b39d82e1d66d0fa -> 
  custom:scripting/monoscript/fileName/AstroLaser.cs: 26653888dbc089cf903671d0935f9d0c -> 
  custom:scripting/monoscript/fileName/ObjectSpin.cs: 2b96bb2079dd7fa5108d981627a28e1e -> 
  custom:scripting/monoscript/fileName/CameraController.cs: 34b6be4e23ce86dc89786916c5983296 -> 
  custom:scripting/monoscript/fileName/TMP_TextInfoDebugTool.cs: 3f1709cfb2cc628169113a35b5e9be3f -> 
  custom:framework-osx-AVFoundation: e770b220cccbd017edd2c1fefb359320 -> 
  custom:scripting/monoscript/fileName/TMP_TextSelector_A.cs: 347309a09d56e367b188a6978f75b424 -> 
  custom:video-encoder-webm-vp8: eb34c28f22e8b96e1ab97ce403110664 -> 
  custom:audio-decoder-ogg-vorbis: bf7c407c2cedff20999df2af8eb42d56 -> 
  custom:scripting/monoscript/fileName/VertexJitter.cs: d27eb5498e48714a66aece98da065133 -> 
  custom:scripting/monoscript/fileName/TextConsoleSimulator.cs: 33fc311abb20b5b0ed8f00e4d86b574e -> 
  custom:scripting/monoscript/fileName/VertexColorCycler.cs: 5f984ca91cf3609293aecc6bc5641572 -> 
  custom:scripting/monoscript/fileName/TMP_FrameRateCounter.cs: 46f655df8cb483ac5958307137b1585a -> 
  custom:scripting/monoscript/fileName/VertexShakeB.cs: a6f78c4fcda1a29a1a1c1baefedba9e7 -> 
  custom:scripting/monoscript/fileName/TMP_UiFrameRateCounter.cs: b01021aea19247f14a98ab338907956a -> 
  custom:scripting/monoscript/fileName/StarTwinkle.cs: ac618481f721577fd89cf2d7fed70354 -> 
  custom:scripting/monoscript/fileName/PlanetariumSceneManager.cs: ff25bf0c7f3b5e5a9e958ca6d2974daa -> 
  custom:scripting/monoscript/fileName/TMPro_InstructionOverlay.cs: b626d2270e6ebd5c4311585c18b58d8d -> 
  custom:scripting/monoscript/fileName/TMP_DigitValidator.cs: ac02af96215ae3951a3cce9e1a8c6085 -> 
  custom:audio-encoder-webm-vorbis: bf7c407c2cedff20999df2af8eb42d56 -> 
  custom:scripting/monoscript/fileName/Benchmark01_UGUI.cs: 6148cfe2627b7708298f301788144139 -> 
  custom:scripting/monoscript/fileName/LaserControllerLeft.cs: 7e5ab3c36215566daf0a6b2d4ff82ca9 -> 
  custom:scripting/monoscript/fileName/LeftHandActivator.cs: ceb61ca6a6db9add1527617a23bb9ceb -> 
  custom:scripting/precompiled-assembly-types:Assembly-CSharp: 400a0d0a8e5077b6981f166e6397a670 -> 
  custom:scripting/monoscript/fileName/Benchmark03.cs: 17cc87e0529ac71d909a946afb47a274 -> 
Editor requested this worker to shutdown with reason: Scaling down because of idle timeout
TcpMessagingSession - receive error: operation aborted. errorcode: 89, details: Operation aborted.
AssetImportWorker is now disconnected from the server
Process exiting
